{ "type": "FeatureCollection", "features": [
{"type":"Feature","geometry":{"type":"MultiPolygon","coordinates":[[[[-113.9293481,50.9802776],[-113.9331158,50.9798311],[-113.9293532,50.9798331],[-113.9293481,50.9802776]]]]},"properties":{":id":"row-ugqn.4h6a-xcjv",":version":"rv-3ms9~4re7-dzkc",":created_at":"2026-10-01T19:33:45.132Z",":updated_at":"2026-10-01T19:33:45.132Z","lpid":"693181","planname":"TUC","type_code":"70","type_dscrn":"TUC","stage_code":"1","stage_dscrn":"Registered","created_dt":null,"modified_attribute_dt":"2025-06-10T12:19:59.000Z","modified_geometry_dt":"2025-06-10T12:19:59.000Z"}},
{"type":"Feature","geometry":{"type":"MultiPolygon","coordinates":[[[[-113.9122347,50.9467404],[-113.9120912,50.9467529],[-113.9120889,50.94846],[-113.9122325,50.9484654],[-113.9151805,50.9485763],[-113.9161245,50.9504655],[-113.9174078,50.9504627],[-113.9175569,50.9504624],[-113.9178656,50.9504618],[-113.9182971,50.950461],[-113.9185662,50.9504605],[-113.9185766,50.9504605],[-113.9223255,50.9504534],[-113.9235846,50.950451],[-113.9236785,50.9504508],[-113.9242423,50.9504499],[-113.9243276,50.9504497],[-113.9244474,50.9504495],[-113.9245916,50.9504493],[-113.9246608,50.9504492],[-113.9246609,50.950404],[-113.9246611,50.9499699],[-113.9246611,50.9498918],[-113.9246692,50.9498861],[-113.925032,50.9496323],[-113.9250827,50.9495984],[-113.9251358,50.9495661],[-113.9251914,50.9495354],[-113.9252491,50.9495064],[-113.925309,50.9494792],[-113.9253709,50.9494537],[-113.9254346,50.9494302],[-113.9255,50.9494085],[-113.9255669,50.9493888],[-113.9256353,50.9493712],[-113.9257049,50.9493556],[-113.9257756,50.949342],[-113.9258472,50.9493306],[-113.9259196,50.9493214],[-113.9259926,50.9493143],[-113.9260661,50.9493094],[-113.9261398,50.9493067],[-113.9262137,50.9493062],[-113.9262875,50.9493078],[-113.9263612,50.9493117],[-113.9264344,50.9493178],[-113.9265071,50.949326],[-113.9265791,50.9493364],[-113.9266503,50.949349],[-113.9267204,50.9493636],[-113.9267894,50.9493803],[-113.926857,50.949399],[-113.9269231,50.9494198],[-113.9269876,50.9494424],[-113.9270504,50.949467],[-113.9271112,50.9494934],[-113.92717,50.9495216],[-113.9289933,50.9504401],[-113.9293339,50.9504394],[-113.9293339,50.9501702],[-113.9293338,50.9498394],[-113.9293338,50.9497734],[-113.9293338,50.9497263],[-113.9293338,50.9490215],[-113.9293336,50.948346],[-113.9282325,50.947684],[-113.9246978,50.9461234],[-113.924613,50.9460849],[-113.92453,50.9460449],[-113.9244488,50.9460034],[-113.9243695,50.9459604],[-113.9242922,50.9459161],[-113.9242169,50.9458705],[-113.9241436,50.9458235],[-113.9240725,50.9457752],[-113.9240036,50.9457257],[-113.9239369,50.945675],[-113.9238725,50.9456231],[-113.9238105,50.9455701],[-113.9237508,50.945516],[-113.9236936,50.9454609],[-113.9236389,50.9454047],[-113.9235868,50.9453477],[-113.9235393,50.9452923],[-113.9234943,50.9452361],[-113.9234516,50.9451791],[-113.9234114,50.9451215],[-113.9233737,50.9450632],[-113.9233385,50.9450042],[-113.9233058,50.9449447],[-113.9232757,50.9448847],[-113.9232481,50.9448242],[-113.9232231,50.9447632],[-113.9232007,50.9447019],[-113.923181,50.9446401],[-113.9231639,50.9445781],[-113.9231494,50.9445158],[-113.9231377,50.9444533],[-113.9231286,50.9443906],[-113.922987,50.9432486],[-113.9228481,50.9421282],[-113.9228548,50.9360229],[-113.9165483,50.936015],[-113.9165601,50.9366714],[-113.9180062,50.9379605],[-113.9180506,50.9404203],[-113.9180543,50.9406295],[-113.9176783,50.9417344],[-113.9172449,50.9430077],[-113.9169353,50.9432449],[-113.9169083,50.9432655],[-113.9147996,50.9448805],[-113.914893,50.9457836],[-113.9149675,50.9465035],[-113.9146716,50.9465291],[-113.9122347,50.9467404]]]]},"properties":{":id":"row-t9ps-rm5b_39n5",":version":"rv-ji47~dswh.4bqd",":created_at":"2026-10-01T19:33:45.132Z",":updated_at":"2026-10-01T19:33:45.132Z","lpid":"744574","planname":"TUC","type_code":"70","type_dscrn":"TUC","stage_code":"1","stage_dscrn":"Registered","created_dt":null,"modified_attribute_dt":"2025-07-28T17:00:46.000Z","modified_geometry_dt":"2025-07-28T17:00:46.000Z"}},
{"type":"Feature","geometry":{"type":"MultiPolygon","coordinates":[[[[-113.9122332,50.9615513],[-113.9120839,50.96156],[-113.9120827,50.9646386],[-113.9122285,50.9646384],[-113.9122289,50.9643221],[-113.912229,50.9642413],[-113.9122304,50.9633239],[-113.9122304,50.9632692],[-113.9122308,50.9627732],[-113.9122314,50.9621038],[-113.9122318,50.9617026],[-113.9122318,50.9616576],[-113.9122318,50.9616304],[-113.9122332,50.9615513]]]]},"properties":{":id":"row-48dw~qqk2-u96a",":version":"rv-v9nu~bmd2_k2nt",":created_at":"2026-10-01T19:33:45.132Z",":updated_at":"2026-10-01T19:33:45.132Z","lpid":"833347","planname":"TUC","type_code":"70","type_dscrn":"TUC","stage_code":"1","stage_dscrn":"Registered","created_dt":"2021-02-02T13:00:37.000Z","modified_attribute_dt":"2025-05-22T16:34:35.000Z","modified_geometry_dt":"2025-05-22T16:34:35.000Z"}},
{"type":"Feature","geometry":{"type":"MultiPolygon","coordinates":[[[[-114.1286036,50.9162983],[-114.1286381,50.9163945],[-114.1286817,50.9165158],[-114.1287324,50.916657],[-114.1287315,50.915995],[-114.1287287,50.9139787],[-114.1287224,50.909462],[-114.1265898,50.9094645],[-114.1266287,50.9096802],[-114.1266589,50.9098404],[-114.1266757,50.9099274],[-114.1266939,50.9100198],[-114.1267114,50.9101068],[-114.1267304,50.9101992],[-114.1267497,50.9102915],[-114.1267693,50.9103838],[-114.1267893,50.9104761],[-114.126815,50.9105923],[-114.1268425,50.9107138],[-114.1269073,50.9109902],[-114.1269283,50.9110769],[-114.126951,50.9111689],[-114.1269738,50.9112599],[-114.1270185,50.9114346],[-114.1270425,50.9115264],[-114.1270669,50.9116183],[-114.1270916,50.9117101],[-114.1271152,50.9117965],[-114.1271665,50.9119799],[-114.1271834,50.9120396],[-114.1271926,50.9120716],[-114.1271947,50.9120791],[-114.1272172,50.9121579],[-114.1272434,50.9122495],[-114.1272696,50.9123412],[-114.1272958,50.9124328],[-114.1273204,50.9125191],[-114.1273466,50.9126107],[-114.1273696,50.9126913],[-114.1274068,50.9128201],[-114.1275077,50.9131578],[-114.1276134,50.9134949],[-114.1277285,50.913845],[-114.1278487,50.9141943],[-114.1279051,50.914353],[-114.1279178,50.9143883],[-114.1279523,50.9144845],[-114.1279868,50.9145807],[-114.1280213,50.9146768],[-114.1280558,50.914773],[-114.1280904,50.9148692],[-114.1281273,50.9149722],[-114.1281776,50.9151123],[-114.1282594,50.91534],[-114.1283186,50.915505],[-114.1283225,50.9155158],[-114.1283264,50.9155265],[-114.1283472,50.9155843],[-114.1284309,50.9158175],[-114.1284654,50.9159137],[-114.1285,50.9160098],[-114.1285345,50.916106],[-114.128569,50.9162022],[-114.1286036,50.9162983]]]]},"properties":{":id":"row-dupf~tari~yzfa",":version":"rv-vct9.iikj_a4t3",":created_at":"2026-10-01T19:33:45.132Z",":updated_at":"2026-10-01T19:33:45.132Z","lpid":"760688","planname":"TUC","type_code":"70","type_dscrn":"TUC","stage_code":"1","stage_dscrn":"Registered","created_dt":"2017-04-17T14:49:13.000Z","modified_attribute_dt":"2025-09-22T15:39:00.000Z","modified_geometry_dt":"2025-09-22T15:39:00.000Z"}},
{"type":"Feature","geometry":{"type":"MultiPolygon","coordinates":[[[[-113.9322334,50.9793088],[-113.9308176,50.9791322],[-113.9293452,50.9789485],[-113.9293505,50.9793108],[-113.9308239,50.9793098],[-113.9322334,50.9793088]]]]},"properties":{":id":"row-mihg_xkmg~q6ur",":version":"rv-wvrg-mju9-b9yv",":created_at":"2026-10-01T19:33:45.132Z",":updated_at":"2026-10-01T19:33:45.132Z","lpid":"693222","planname":"TUC","type_code":"70","type_dscrn":"TUC","stage_code":"1","stage_dscrn":"Registered","created_dt":null,"modified_attribute_dt":"2025-05-22T16:40:12.000Z","modified_geometry_dt":"2025-05-22T16:40:12.000Z"}},
{"type":"Feature","geometry":{"type":"MultiPolygon","coordinates":[[[[-114.1280468,50.9192293],[-114.1280157,50.9192746],[-114.1279868,50.9193205],[-114.1279601,50.9193671],[-114.1279357,50.9194143],[-114.1279147,50.9194597],[-114.1278958,50.9195054],[-114.127879,50.919552],[-114.1278643,50.919599],[-114.127845,50.9196779],[-114.127832,50.9197573],[-114.1278266,50.9198153],[-114.1278246,50.9198734],[-114.1278246,50.9198842],[-114.1278264,50.9199391],[-114.1278312,50.919994],[-114.1278381,50.9200428],[-114.1278473,50.9200914],[-114.127859,50.9201399],[-114.127873,50.920188],[-114.1278895,50.9202363],[-114.1279085,50.9202843],[-114.1279285,50.9203291],[-114.1279506,50.9203735],[-114.1279748,50.9204176],[-114.1280011,50.9204612],[-114.1280296,50.9205045],[-114.1280601,50.9205472],[-114.1281071,50.9206072],[-114.128158,50.9206658],[-114.1281949,50.9207049],[-114.1282336,50.9207433],[-114.1282477,50.9207582],[-114.12826,50.9207737],[-114.1282703,50.9207897],[-114.1282786,50.9208062],[-114.1282863,50.9208274],[-114.1282908,50.920849],[-114.1282919,50.9208707],[-114.1282897,50.9208923],[-114.1282814,50.9209212],[-114.1282671,50.9209492],[-114.1282471,50.9209758],[-114.1282218,50.9210004],[-114.1282055,50.9210134],[-114.1281877,50.9210255],[-114.1281685,50.9210368],[-114.1281481,50.9210472],[-114.1281265,50.9210566],[-114.1281039,50.9210649],[-114.1280803,50.9210722],[-114.128056,50.9210784],[-114.128033,50.921083],[-114.1281235,50.9210669],[-114.1282134,50.9210495],[-114.1283027,50.9210308],[-114.1283913,50.921011],[-114.1284792,50.9209899],[-114.1285664,50.9209676],[-114.1286527,50.9209441],[-114.1287382,50.9209194],[-114.1287353,50.9186676],[-114.1287346,50.918202],[-114.1287228,50.9182289],[-114.1287109,50.9182552],[-114.1286798,50.9183198],[-114.1286464,50.9183839],[-114.1286107,50.9184475],[-114.1285727,50.9185105],[-114.128562,50.9185274],[-114.1285555,50.9185376],[-114.1285489,50.9185478],[-114.1285088,50.9186076],[-114.1284666,50.9186668],[-114.1284507,50.9186851],[-114.1282831,50.9189126],[-114.1281761,50.9190559],[-114.1281132,50.9191401],[-114.1280629,50.9192074],[-114.1280468,50.9192293]]]]},"properties":{":id":"row-kvz9-8hbg-3x3u",":version":"rv-j3q9_vsp7.nk6p",":created_at":"2026-10-01T19:33:45.132Z",":updated_at":"2026-10-01T19:33:45.132Z","lpid":"760693","planname":"TUC","type_code":"70","type_dscrn":"TUC","stage_code":"1","stage_dscrn":"Registered","created_dt":"2017-04-17T14:52:01.000Z","modified_attribute_dt":"2025-09-22T15:39:00.000Z","modified_geometry_dt":"2025-09-22T15:39:00.000Z"}},
{"type":"Feature","geometry":{"type":"MultiPolygon","coordinates":[[[[-114.1158573,50.8893421],[-114.1155712,50.8895211],[-114.1125885,50.8913861],[-114.1055476,50.8913903],[-114.1052617,50.8913904],[-114.0998282,50.8913933],[-114.0952954,50.8913955],[-114.0950935,50.8911939],[-114.0945207,50.8911943],[-114.0944665,50.8911943],[-114.0942967,50.8897172],[-114.0942756,50.8895333],[-114.094266,50.8894489],[-114.0942124,50.888981],[-114.0941571,50.8884979],[-114.0941367,50.888498],[-114.0941154,50.8884981],[-114.0941136,50.8897176],[-114.0941128,50.8902472],[-114.0941103,50.8917566],[-114.0941098,50.8918548],[-114.0941099,50.8920166],[-114.0941096,50.8921209],[-114.1169489,50.8921077],[-114.1169848,50.8921076],[-114.1169849,50.8919676],[-114.1169851,50.8915389],[-114.1169849,50.8913831],[-114.1169858,50.8905196],[-114.1169859,50.8903848],[-114.1169861,50.8901511],[-114.1169866,50.889651],[-114.1169867,50.889597],[-114.1169867,50.8895652],[-114.1169869,50.8893627],[-114.1169874,50.8888947],[-114.1169874,50.88884],[-114.1169878,50.8884934],[-114.1169883,50.8879572],[-114.1169883,50.8879303],[-114.1169896,50.8866877],[-114.1169526,50.886647],[-114.1169182,50.8866065],[-114.1161415,50.8857245],[-114.1157383,50.8850975],[-114.115595,50.8848774],[-114.1142063,50.8848769],[-114.1161416,50.8893431],[-114.1158573,50.8893421]]]]},"properties":{":id":"row-3vcj-iapg.eju7",":version":"rv-nqxp~6ahb~jg6g",":created_at":"2026-10-01T19:33:45.132Z",":updated_at":"2026-10-01T19:33:45.132Z","lpid":"591770","planname":"TUC","type_code":"70","type_dscrn":"TUC","stage_code":"1","stage_dscrn":"Registered","created_dt":null,"modified_attribute_dt":"2025-08-25T14:01:35.000Z","modified_geometry_dt":"2025-08-25T14:01:35.000Z"}},
{"type":"Feature","geometry":{"type":"MultiPolygon","coordinates":[[[[-114.0813017,50.8942631],[-114.0813724,50.8942689],[-114.0818757,50.8943099],[-114.0821174,50.8943297],[-114.0823203,50.8943462],[-114.082394,50.8943523],[-114.0824754,50.8943589],[-114.0826389,50.8943722],[-114.0827939,50.8943849],[-114.0829574,50.8943982],[-114.0831124,50.8944109],[-114.0832759,50.8944242],[-114.0834327,50.894437],[-114.0835994,50.8944506],[-114.0837544,50.8944632],[-114.0838607,50.8944719],[-114.083924,50.8944799],[-114.083957,50.8944841],[-114.084042,50.8944949],[-114.0840805,50.8944998],[-114.0841273,50.8945058],[-114.0842369,50.8945197],[-114.084393,50.8945395],[-114.0845463,50.8945589],[-114.0846995,50.8945784],[-114.0848528,50.8945979],[-114.0850745,50.894626],[-114.0853378,50.8946594],[-114.0856866,50.8947037],[-114.0856973,50.8947051],[-114.0857117,50.8947069],[-114.0857286,50.8947091],[-114.0858046,50.8947187],[-114.0861668,50.8947647],[-114.0864282,50.8947979],[-114.0865898,50.8948184],[-114.0867515,50.894839],[-114.0869131,50.8948595],[-114.0870747,50.89488],[-114.0872363,50.8949005],[-114.0873979,50.894921],[-114.0875595,50.8949416],[-114.0877212,50.8949621],[-114.0878409,50.8949772],[-114.0878827,50.8949827],[-114.0879632,50.8949943],[-114.0880431,50.8950072],[-114.0881397,50.8950245],[-114.0882353,50.8950438],[-114.0883207,50.8950626],[-114.0884052,50.8950831],[-114.0884887,50.8951049],[-114.0885713,50.8951282],[-114.0886528,50.8951529],[-114.0887332,50.8951791],[-114.0888124,50.8952067],[-114.0888904,50.8952356],[-114.0889671,50.8952659],[-114.0890424,50.8952975],[-114.0891164,50.8953304],[-114.0891888,50.8953646],[-114.0892598,50.8954001],[-114.0893292,50.8954368],[-114.0893969,50.8954746],[-114.0894629,50.8955137],[-114.0895284,50.8955546],[-114.089592,50.8955966],[-114.0896743,50.8956544],[-114.089753,50.8957142],[-114.0897564,50.8957169],[-114.0897971,50.8957499],[-114.0898361,50.8957762],[-114.0898592,50.8957963],[-114.0900091,50.8959362],[-114.090213,50.8959363],[-114.0904667,50.8959363],[-114.090709,50.8959363],[-114.0908141,50.8959363],[-114.0908253,50.8959363],[-114.0910226,50.8959362],[-114.0910454,50.8959362],[-114.0914429,50.8959362],[-114.0923286,50.8959361],[-114.0923854,50.8959361],[-114.093607,50.895936],[-114.093821,50.895936],[-114.093821,50.8959211],[-114.0938199,50.8952496],[-114.0938229,50.8923022],[-114.0709712,50.8923216],[-114.070964,50.894695],[-114.0709622,50.8952819],[-114.0709601,50.8959359],[-114.0713011,50.895936],[-114.0718129,50.8959361],[-114.0726406,50.8959362],[-114.0727909,50.8959362],[-114.0728447,50.8956928],[-114.0728537,50.8956112],[-114.0728624,50.8955604],[-114.0728772,50.8955102],[-114.0728942,50.8954687],[-114.0730355,50.894829],[-114.0732016,50.8947355],[-114.0732884,50.8946867],[-114.0733008,50.8946797],[-114.0735234,50.8945547],[-114.0737257,50.8944409],[-114.0737352,50.8944391],[-114.0739507,50.8943942],[-114.0741437,50.894354],[-114.0743185,50.8943176],[-114.0744833,50.8942833],[-114.0746484,50.8942489],[-114.0748151,50.8942142],[-114.0749329,50.8941896],[-114.0749865,50.8941909],[-114.0751629,50.8941957],[-114.0753371,50.8942004],[-114.0755113,50.8942051],[-114.0756675,50.8942093],[-114.0758237,50.8942135],[-114.0759798,50.8942177],[-114.076136,50.8942219],[-114.0762922,50.8942261],[-114.0764484,50.8942303],[-114.0766045,50.8942345],[-114.0767607,50.8942388],[-114.0769169,50.894243],[-114.0770731,50.8942472],[-114.0772292,50.8942514],[-114.0773854,50.8942556],[-114.0775416,50.8942598],[-114.0776978,50.894264],[-114.077854,50.8942682],[-114.0780541,50.8942736],[-114.0783192,50.8942808],[-114.0786827,50.8942905],[-114.0787,50.894291],[-114.0787168,50.8942915],[-114.0790384,50.8943002],[-114.0790717,50.8942996],[-114.0793246,50.8942954],[-114.0795198,50.8942923],[-114.079676,50.8942897],[-114.0798323,50.8942871],[-114.0799886,50.8942846],[-114.0801448,50.894282],[-114.0803011,50.8942795],[-114.0804574,50.8942769],[-114.0806818,50.8942732],[-114.0809518,50.8942688],[-114.0813017,50.8942631]]]]},"properties":{":id":"row-7xj8-rp7w.qg8c",":version":"rv-xgfj-b4s4~yy4p",":created_at":"2026-10-01T19:33:45.132Z",":updated_at":"2026-10-01T19:33:45.132Z","lpid":"592134","planname":"TUC","type_code":"70","type_dscrn":"TUC","stage_code":"1","stage_dscrn":"Registered","created_dt":null,"modified_attribute_dt":"2025-08-25T14:02:45.000Z","modified_geometry_dt":"2025-08-25T14:02:45.000Z"}},
{"type":"Feature","geometry":{"type":"MultiPolygon","coordinates":[[[[-114.1450326,51.0089814],[-114.1516414,51.0089924],[-114.1521407,51.0089932],[-114.1521841,51.0089933],[-114.1522058,51.0089933],[-114.1526399,51.008994],[-114.1525502,51.0088102],[-114.1451623,51.008798],[-114.1450326,51.0089814]]]]},"properties":{":id":"row-mk45.q568.skhi",":version":"rv-tpw9-c29g.ubak",":created_at":"2026-10-01T19:33:45.132Z",":updated_at":"2026-10-01T19:33:45.132Z","lpid":"760805","planname":"TUC","type_code":"70","type_dscrn":"TUC","stage_code":"1","stage_dscrn":"Registered","created_dt":"2017-04-18T15:33:40.000Z","modified_attribute_dt":"2025-08-18T09:36:06.000Z","modified_geometry_dt":"2025-08-18T09:36:06.000Z"}},
{"type":"Feature","geometry":{"type":"MultiPolygon","coordinates":[[[[-114.1595881,51.008823],[-114.1529337,51.0088137],[-114.1529334,51.0089944],[-114.1554005,51.0089978],[-114.1571428,51.0090003],[-114.1572094,51.0090002],[-114.157349,51.0090004],[-114.1579931,51.0090013],[-114.1589185,51.0090025],[-114.1595901,51.0090066],[-114.1595881,51.008823]]]]},"properties":{":id":"row-s3f6-wy7w~mwtg",":version":"rv-kikz~fppr.r2xg",":created_at":"2026-10-01T19:33:45.132Z",":updated_at":"2026-10-01T19:33:45.132Z","lpid":"760801","planname":"TUC","type_code":"70","type_dscrn":"TUC","stage_code":"1","stage_dscrn":"Registered","created_dt":"2017-04-18T15:30:13.000Z","modified_attribute_dt":"2025-08-18T09:36:06.000Z","modified_geometry_dt":"2025-08-18T09:36:06.000Z"}},
{"type":"Feature","geometry":{"type":"MultiPolygon","coordinates":[[[[-114.144641,51.0087971],[-114.1420204,51.0087925],[-114.1420173,51.0089763],[-114.1420088,51.0094863],[-114.1429581,51.0093496],[-114.1434329,51.0092813],[-114.14497,51.0090603],[-114.1450326,51.0089814],[-114.1451623,51.008798],[-114.144641,51.0087971]]]]},"properties":{":id":"row-66ja~gtiz.j3gz",":version":"rv-bybw.vy5q~vykc",":created_at":"2026-10-01T19:33:45.132Z",":updated_at":"2026-10-01T19:33:45.132Z","lpid":"760806","planname":"TUC","type_code":"70","type_dscrn":"TUC","stage_code":"1","stage_dscrn":"Registered","created_dt":"2017-04-18T15:34:07.000Z","modified_attribute_dt":"2025-08-18T09:36:06.000Z","modified_geometry_dt":"2025-08-18T09:36:06.000Z"}},
{"type":"Feature","geometry":{"type":"MultiPolygon","coordinates":[[[[-114.14497,51.0090603],[-114.1434329,51.0092813],[-114.1429581,51.0093496],[-114.1442018,51.0092262],[-114.1443607,51.0092104],[-114.1448912,51.0091578],[-114.14497,51.0090603]]]]},"properties":{":id":"row-xipj.edt7-gyjv",":version":"rv-9ziz_g2kd~fs86",":created_at":"2026-10-01T19:33:45.132Z",":updated_at":"2026-10-01T19:33:45.132Z","lpid":"760807","planname":"TUC","type_code":"70","type_dscrn":"TUC","stage_code":"1","stage_dscrn":"Registered","created_dt":"2017-04-18T15:34:38.000Z","modified_attribute_dt":"2025-08-18T09:36:06.000Z","modified_geometry_dt":"2025-08-18T09:36:06.000Z"}},
{"type":"Feature","geometry":{"type":"MultiPolygon","coordinates":[[[[-113.9229559,51.0478981],[-113.9229531,51.0469219],[-113.9229523,51.0466388],[-113.9229521,51.0465579],[-113.9229513,51.046275],[-113.9229486,51.0453586],[-113.9229481,51.045196],[-113.922668,51.045196],[-113.9197724,51.0451959],[-113.9189585,51.0451958],[-113.9185287,51.0451958],[-113.9185262,51.045798],[-113.9185144,51.0486943],[-113.9180768,51.050079],[-113.9179572,51.0514664],[-113.9179455,51.0516014],[-113.9179214,51.0518003],[-113.9178455,51.0524258],[-113.9180608,51.0524258],[-113.9184906,51.0524256],[-113.9193776,51.0524253],[-113.9216021,51.0524244],[-113.9235271,51.0524237],[-113.9248564,51.0524233],[-113.9265055,51.0524227],[-113.9268131,51.0524225],[-113.9271796,51.0521915],[-113.9269269,51.0521571],[-113.9266604,51.0521208],[-113.9264472,51.0520918],[-113.9263025,51.0520721],[-113.9262398,51.0520635],[-113.9261771,51.052055],[-113.9260323,51.0520353],[-113.9258794,51.0520144],[-113.9257179,51.0519924],[-113.925565,51.0519716],[-113.9254205,51.0519519],[-113.9252675,51.0519311],[-113.9251231,51.0519114],[-113.9249701,51.0518906],[-113.9248561,51.0518751],[-113.9248155,51.0518746],[-113.9247327,51.0518706],[-113.9246507,51.0518626],[-113.9245744,51.0518513],[-113.9244996,51.0518366],[-113.9244452,51.0518235],[-113.9243921,51.0518085],[-113.9243404,51.0517917],[-113.9242901,51.0517732],[-113.9242259,51.0517459],[-113.924165,51.0517157],[-113.9241077,51.0516829],[-113.9240543,51.0516475],[-113.9240067,51.0516111],[-113.9239633,51.0515728],[-113.9239243,51.0515326],[-113.9238898,51.0514908],[-113.9238845,51.0514837],[-113.9238713,51.0514649],[-113.9238505,51.0514318],[-113.9238326,51.051398],[-113.9238115,51.0513476],[-113.9237966,51.0512964],[-113.9237882,51.0512462],[-113.923783,51.0511969],[-113.9237795,51.0511641],[-113.9237528,51.0510944],[-113.9237181,51.0510039],[-113.9236814,51.050908],[-113.9236426,51.0508068],[-113.9236059,51.0507109],[-113.9235692,51.0506151],[-113.9235287,51.0505095],[-113.9234757,51.050371],[-113.9233876,51.0501413],[-113.9233511,51.0500461],[-113.9233471,51.0500356],[-113.923249,51.0497796],[-113.9232389,51.0497534],[-113.9229592,51.0490234],[-113.9229578,51.0485452],[-113.922957,51.0482666],[-113.9229559,51.0478981]]]]},"properties":{":id":"row-2ys7_zjic.2gbn",":version":"rv-jgbi-87r9-z5rj",":created_at":"2026-10-01T19:33:45.132Z",":updated_at":"2026-10-01T19:33:45.132Z","lpid":"591743","planname":"TUC","type_code":"70","type_dscrn":"TUC","stage_code":"1","stage_dscrn":"Registered","created_dt":null,"modified_attribute_dt":"2025-08-14T10:21:16.000Z","modified_geometry_dt":"2025-08-14T10:21:16.000Z"}},
{"type":"Feature","geometry":{"type":"MultiPolygon","coordinates":[[[[-113.9932966,51.1761248],[-113.9932957,51.1761064],[-113.9932941,51.1738877],[-113.9909149,51.1746275],[-113.9908954,51.1746336],[-113.9908853,51.1746336],[-113.9892134,51.174635],[-113.9846656,51.1746387],[-113.9821758,51.1746406],[-113.9819206,51.1746408],[-113.9818061,51.1746409],[-113.9818062,51.1747308],[-113.9818143,51.174986],[-113.9818201,51.1752312],[-113.9818197,51.1752578],[-113.9818067,51.1760755],[-113.9818058,51.1761294],[-113.9818055,51.1778771],[-113.9908978,51.1778864],[-113.991792,51.1778873],[-113.9932922,51.1785387],[-113.9932994,51.1785418],[-113.9932994,51.1784862],[-113.9932983,51.177471],[-113.9932973,51.1769364],[-113.9932966,51.1761248]]]]},"properties":{":id":"row-irtv~z22n_jk8d",":version":"rv-vkmr-bkrs-7k4m",":created_at":"2026-10-01T19:33:45.132Z",":updated_at":"2026-10-01T19:33:45.132Z","lpid":"591798","planname":"TUC","type_code":"70","type_dscrn":"TUC","stage_code":"1","stage_dscrn":"Registered","created_dt":null,"modified_attribute_dt":"2025-08-14T11:56:49.000Z","modified_geometry_dt":"2025-08-14T11:56:49.000Z"}},
{"type":"Feature","geometry":{"type":"MultiPolygon","coordinates":[[[[-113.9683286,51.1707365],[-113.9683285,51.170826],[-113.9683283,51.1709742],[-113.968328,51.1711833],[-113.9683277,51.1713478],[-113.9683277,51.1713542],[-113.9683276,51.1714458],[-113.9683272,51.1716896],[-113.9683269,51.1718652],[-113.9683268,51.1719689],[-113.9683267,51.1720567],[-113.9683265,51.1721444],[-113.9683264,51.1722325],[-113.9683263,51.1723203],[-113.9683262,51.1724089],[-113.968326,51.1724961],[-113.968326,51.1725029],[-113.9683259,51.1725842],[-113.9683257,51.1726722],[-113.9683256,51.17276],[-113.9683255,51.1728479],[-113.9683253,51.1729357],[-113.9683252,51.1730235],[-113.9683251,51.1731171],[-113.9683249,51.173205],[-113.9683248,51.1732987],[-113.9683247,51.1733865],[-113.9683245,51.1734804],[-113.9683244,51.1735683],[-113.9683242,51.1736599],[-113.9683242,51.1736617],[-113.9683241,51.1737504],[-113.9683241,51.1737541],[-113.968324,51.1738399],[-113.9683238,51.1739278],[-113.9683235,51.1741757],[-113.9679028,51.1744522],[-113.9669314,51.1745039],[-113.9667827,51.1745118],[-113.966634,51.1745197],[-113.9664853,51.1745276],[-113.9663366,51.1745355],[-113.9662789,51.1745385],[-113.9661878,51.1745434],[-113.9661356,51.1745462],[-113.9660391,51.1745513],[-113.9658904,51.1745592],[-113.9657506,51.1745666],[-113.9656019,51.1745745],[-113.9654621,51.174582],[-113.9653134,51.1745899],[-113.9651722,51.1745974],[-113.965016,51.1746057],[-113.9648643,51.1746137],[-113.9646865,51.1746232],[-113.9645016,51.174633],[-113.9643378,51.1746417],[-113.9641633,51.174651],[-113.9631792,51.1747033],[-113.9629589,51.1747032],[-113.9607515,51.1747024],[-113.9589302,51.1747018],[-113.9588801,51.1747018],[-113.9588186,51.1747017],[-113.95862,51.1747017],[-113.9585431,51.1747017],[-113.9585428,51.1747736],[-113.9585432,51.1748635],[-113.958544,51.1749343],[-113.9585529,51.1761236],[-113.9586281,51.1761236],[-113.958821,51.1761236],[-113.9588797,51.1761232],[-113.9589298,51.1761232],[-113.9591152,51.1761233],[-113.9592038,51.1761233],[-113.970034,51.1761251],[-113.9700348,51.1725038],[-113.9700352,51.1707369],[-113.9699407,51.1707368],[-113.9691488,51.1707367],[-113.9690632,51.1707367],[-113.9690232,51.1707367],[-113.9687446,51.1707366],[-113.9684062,51.1707365],[-113.9683856,51.1707365],[-113.9683286,51.1707365]]]]},"properties":{":id":"row-t9pc~sces.zmb5",":version":"rv-yhrv.q6qz~d4k2",":created_at":"2026-10-01T19:33:45.132Z",":updated_at":"2026-10-01T19:33:45.132Z","lpid":"631440","planname":"TUC","type_code":"70","type_dscrn":"TUC","stage_code":"1","stage_dscrn":"Registered","created_dt":null,"modified_attribute_dt":"2025-08-14T11:56:49.000Z","modified_geometry_dt":"2025-08-14T11:56:49.000Z"}},
{"type":"Feature","geometry":{"type":"MultiPolygon","coordinates":[[[[-113.9235256,51.0558811],[-113.9235257,51.0557768],[-113.9235257,51.0556726],[-113.9235258,51.0555538],[-113.9235258,51.0554161],[-113.9235259,51.0552853],[-113.923526,51.0551473],[-113.9235261,51.0549975],[-113.9235261,51.054882],[-113.9235265,51.0544939],[-113.9236504,51.0544158],[-113.9238641,51.0542811],[-113.9268131,51.0524225],[-113.9265055,51.0524227],[-113.9248564,51.0524233],[-113.9235271,51.0524237],[-113.9216021,51.0524244],[-113.9193776,51.0524253],[-113.9184906,51.0524256],[-113.9180608,51.0524258],[-113.9178455,51.0524258],[-113.9178299,51.0525544],[-113.9178937,51.0529747],[-113.9178947,51.0529813],[-113.9172031,51.0529815],[-113.9172031,51.0531164],[-113.9172038,51.0533412],[-113.9177748,51.0533411],[-113.9179504,51.053341],[-113.9180925,51.0542769],[-113.9181129,51.0544113],[-113.9184913,51.0569039],[-113.9171034,51.0577783],[-113.9175544,51.0580629],[-113.9177081,51.0581598],[-113.9180162,51.0583534],[-113.9182222,51.0584833],[-113.9182513,51.0596602],[-113.9235237,51.0596578],[-113.9235238,51.0595751],[-113.9235239,51.0593559],[-113.923524,51.0591011],[-113.923524,51.0590737],[-113.9235241,51.058903],[-113.9235242,51.0586936],[-113.9235243,51.0585467],[-113.9235244,51.0584298],[-113.9235244,51.0583218],[-113.9235245,51.0582229],[-113.9235245,51.058124],[-113.9235246,51.0580145],[-113.9235246,51.0579056],[-113.9235247,51.0577965],[-113.9235247,51.0576819],[-113.9235248,51.0575716],[-113.9235248,51.0574601],[-113.9235249,51.0573474],[-113.9235249,51.057233],[-113.923525,51.0571167],[-113.9235251,51.0569379],[-113.9235252,51.0567042],[-113.9235253,51.0564346],[-113.9235254,51.0563582],[-113.9235254,51.0563349],[-113.9235255,51.0560653],[-113.9235256,51.0558811]]]]},"properties":{":id":"row-6djv.4se7-m8mf",":version":"rv-3dqd~7dur~3hvj",":created_at":"2026-10-01T19:33:45.132Z",":updated_at":"2026-10-01T19:33:45.132Z","lpid":"740540","planname":"TUC","type_code":"70","type_dscrn":"TUC","stage_code":"1","stage_dscrn":"Registered","created_dt":null,"modified_attribute_dt":"2025-08-14T10:21:16.000Z","modified_geometry_dt":"2025-08-14T10:21:16.000Z"}},
{"type":"Feature","geometry":{"type":"MultiPolygon","coordinates":[[[[-113.9440131,51.1795206],[-113.9441258,51.1795205],[-113.9443292,51.1795204],[-113.9450731,51.1795199],[-113.9452993,51.1797456],[-113.9462549,51.1806992],[-113.9467623,51.1812056],[-113.9468156,51.1812051],[-113.9471108,51.1811015],[-113.9479314,51.1808136],[-113.9480609,51.1807693],[-113.9481918,51.1807266],[-113.9483241,51.1806856],[-113.9484577,51.1806462],[-113.9485925,51.1806086],[-113.9487284,51.1805727],[-113.9488656,51.1805385],[-113.9490038,51.180506],[-113.949143,51.1804753],[-113.9492831,51.1804464],[-113.9494242,51.1804193],[-113.9495661,51.180394],[-113.9497089,51.1803704],[-113.9498523,51.1803487],[-113.9499964,51.1803288],[-113.9501411,51.1803108],[-113.9500292,51.1802145],[-113.9499188,51.1801176],[-113.9498099,51.18002],[-113.9497026,51.1799218],[-113.9495968,51.1798229],[-113.9494926,51.1797233],[-113.9493899,51.1796231],[-113.9492888,51.1795223],[-113.9505166,51.1793457],[-113.9537119,51.1788868],[-113.9535261,51.1785898],[-113.9562961,51.1781934],[-113.9581374,51.1779299],[-113.9582543,51.1779132],[-113.9585071,51.177877],[-113.95855,51.1778709],[-113.9585519,51.1767252],[-113.9585526,51.1763051],[-113.9585526,51.1763019],[-113.9585528,51.1762985],[-113.9585528,51.1762873],[-113.9585529,51.1761878],[-113.9585529,51.1761853],[-113.9585529,51.1761833],[-113.9585529,51.1761236],[-113.958544,51.1749343],[-113.9585432,51.1748635],[-113.9585428,51.1747736],[-113.9585431,51.1747017],[-113.9585171,51.1747017],[-113.9585085,51.1747017],[-113.9584827,51.1747017],[-113.9583065,51.1747017],[-113.9582948,51.1747016],[-113.9582549,51.1747015],[-113.9579377,51.1747014],[-113.9579036,51.1747014],[-113.9578181,51.1747014],[-113.9578075,51.1747016],[-113.9577966,51.1747014],[-113.9576762,51.1747014],[-113.9575186,51.1747014],[-113.9573938,51.1747013],[-113.9573885,51.1747013],[-113.9573697,51.1747013],[-113.9572209,51.1747013],[-113.9570636,51.1747013],[-113.9569062,51.1747013],[-113.9567575,51.1747013],[-113.9566087,51.1747012],[-113.9564515,51.1747012],[-113.9562941,51.1747012],[-113.9562606,51.1747012],[-113.9561367,51.1747012],[-113.9560446,51.1747012],[-113.9560055,51.1747012],[-113.9559191,51.1747011],[-113.9558848,51.1747011],[-113.9557278,51.1747011],[-113.9555708,51.174701],[-113.955422,51.1747009],[-113.9552733,51.1747009],[-113.9549759,51.1747007],[-113.9548271,51.1747007],[-113.9546784,51.1747006],[-113.9545297,51.1747005],[-113.954381,51.1747005],[-113.9542322,51.1747004],[-113.954052,51.1747003],[-113.9537665,51.1747002],[-113.953391,51.1747009],[-113.9533653,51.1747],[-113.9529246,51.1746999],[-113.9528903,51.1747008],[-113.9508472,51.1747006],[-113.950845,51.1746995],[-113.9507486,51.1746987],[-113.9506523,51.1746964],[-113.950556,51.1746924],[-113.95046,51.1746869],[-113.9503642,51.1746799],[-113.9502688,51.1746712],[-113.9501738,51.1746611],[-113.9500792,51.1746493],[-113.9499851,51.1746361],[-113.9498916,51.1746213],[-113.9497988,51.174605],[-113.9497066,51.1745871],[-113.9496152,51.1745678],[-113.9495247,51.174547],[-113.9494351,51.1745248],[-113.9493464,51.174501],[-113.9482465,51.1741958],[-113.9471122,51.1738815],[-113.9467646,51.1737849],[-113.9464572,51.1736999],[-113.9464484,51.1737494],[-113.946436,51.1737987],[-113.9464199,51.1738475],[-113.9464003,51.1738959],[-113.9463771,51.1739436],[-113.9463504,51.1739905],[-113.9463203,51.1740367],[-113.9462868,51.1740819],[-113.94625,51.1741261],[-113.94621,51.1741692],[-113.9461668,51.1742111],[-113.9461206,51.1742517],[-113.9460715,51.1742909],[-113.9460195,51.1743286],[-113.9459648,51.1743648],[-113.9459075,51.1743994],[-113.9458477,51.1744323],[-113.9457855,51.1744634],[-113.9457211,51.1744926],[-113.9456546,51.17452],[-113.9455861,51.1745454],[-113.9455159,51.1745688],[-113.945444,51.1745901],[-113.9453706,51.1746093],[-113.9452959,51.1746264],[-113.94522,51.1746413],[-113.945143,51.174654],[-113.9450653,51.1746644],[-113.9449868,51.1746725],[-113.9449078,51.1746784],[-113.9448285,51.174682],[-113.944749,51.1746833],[-113.9352689,51.1746876],[-113.9352685,51.1761177],[-113.9352684,51.1762548],[-113.9352684,51.1762824],[-113.9352684,51.1762991],[-113.9352683,51.1767204],[-113.9352679,51.1778322],[-113.9363777,51.1778326],[-113.938321,51.1778321],[-113.9386641,51.177832],[-113.940109,51.1778315],[-113.9405453,51.1781054],[-113.9422946,51.179203],[-113.9424065,51.1792732],[-113.9425423,51.1793585],[-113.9427447,51.1793584],[-113.9437328,51.1793579],[-113.9439721,51.1794966],[-113.9440131,51.1795206]]]]},"properties":{":id":"row-ayps-djjx.4vtt",":version":"rv-fcpw-uqwt~gxig",":created_at":"2026-10-01T19:33:45.132Z",":updated_at":"2026-10-01T19:33:45.132Z","lpid":"631443","planname":"TUC","type_code":"70","type_dscrn":"TUC","stage_code":"1","stage_dscrn":"Registered","created_dt":"2017-04-21T13:56:41.000Z","modified_attribute_dt":"2025-08-14T11:56:49.000Z","modified_geometry_dt":"2025-08-14T11:56:49.000Z"}},
{"type":"Feature","geometry":{"type":"MultiPolygon","coordinates":[[[[-114.0700094,50.8900912],[-114.0640319,50.890093],[-114.0641512,50.8903043],[-114.0644236,50.8907869],[-114.0644256,50.8907904],[-114.0644709,50.8908707],[-114.0645166,50.8909516],[-114.0649111,50.8916503],[-114.0649751,50.8917637],[-114.0649773,50.8917677],[-114.0650697,50.8919259],[-114.068697,50.8920365],[-114.0706873,50.8920356],[-114.0706883,50.8917614],[-114.0706888,50.8915158],[-114.0706889,50.8914708],[-114.0706899,50.8909484],[-114.0706901,50.8908675],[-114.0706902,50.8907866],[-114.0706904,50.8906967],[-114.0706915,50.8901186],[-114.0706916,50.8900916],[-114.0700094,50.8900912]]]]},"properties":{":id":"row-u4n2_rqmc.qi4q",":version":"rv-rz9k-3u54-m6ja",":created_at":"2026-10-01T19:33:45.132Z",":updated_at":"2026-10-01T19:33:45.132Z","lpid":"591825","planname":"TUC","type_code":"70","type_dscrn":"TUC","stage_code":"1","stage_dscrn":"Registered","created_dt":null,"modified_attribute_dt":"2025-08-25T14:01:35.000Z","modified_geometry_dt":"2025-08-25T14:01:35.000Z"}},
{"type":"Feature","geometry":{"type":"MultiPolygon","coordinates":[[[[-114.0638235,50.8905217],[-114.0639665,50.8907756],[-114.0639719,50.8907852],[-114.0640173,50.8908642],[-114.064063,50.8909452],[-114.0641095,50.8910296],[-114.0642525,50.8912835],[-114.0643956,50.8915374],[-114.0644503,50.8916347],[-114.0645386,50.8917914],[-114.0646064,50.8919118],[-114.0646768,50.8920363],[-114.0647356,50.8921404],[-114.0651909,50.8921404],[-114.0651392,50.8920489],[-114.0651321,50.8920363],[-114.0650697,50.8919259],[-114.0649773,50.8917677],[-114.0649751,50.8917637],[-114.0649111,50.8916503],[-114.0645166,50.8909516],[-114.0644709,50.8908707],[-114.0644256,50.8907904],[-114.0644236,50.8907869],[-114.0641512,50.8903043],[-114.0636972,50.8902974],[-114.0638235,50.8905217]]]]},"properties":{":id":"row-ie4i.s52f_3ikf",":version":"rv-8vjf_bdvt-f6zg",":created_at":"2026-10-01T19:33:45.132Z",":updated_at":"2026-10-01T19:33:45.132Z","lpid":"592072","planname":"TUC","type_code":"70","type_dscrn":"TUC","stage_code":"1","stage_dscrn":"Registered","created_dt":null,"modified_attribute_dt":"2025-08-25T14:01:35.000Z","modified_geometry_dt":"2025-08-25T14:01:35.000Z"}},
{"type":"Feature","geometry":{"type":"MultiPolygon","coordinates":[[[[-114.2340397,51.1250124],[-114.2297035,51.1250142],[-114.229501,51.125014],[-114.2294671,51.1251016],[-114.2294311,51.1251946],[-114.2340399,51.1251933],[-114.2340472,51.1263781],[-114.2340646,51.126314],[-114.2340924,51.1262112],[-114.2341203,51.1261085],[-114.2341483,51.1260057],[-114.2341763,51.1259029],[-114.2342214,51.1257368],[-114.2342895,51.1254864],[-114.2343273,51.1253437],[-114.2343547,51.1252432],[-114.234362,51.1252162],[-114.2343729,51.1251763],[-114.2343765,51.1251627],[-114.2343973,51.1250863],[-114.2344403,51.1249287],[-114.2345089,51.1246746],[-114.2345041,51.1239723],[-114.234497,51.1229083],[-114.2344922,51.1222047],[-114.2344885,51.1216791],[-114.2343433,51.1205179],[-114.2343478,51.1192906],[-114.2343531,51.117808],[-114.2343548,51.1173436],[-114.2343638,51.1149158],[-114.2346799,51.1144304],[-114.2347929,51.1142568],[-114.2348451,51.1141767],[-114.2349014,51.1140902],[-114.2349609,51.1139988],[-114.2350173,51.1139123],[-114.2350736,51.1138258],[-114.2351299,51.1137393],[-114.2351894,51.1136478],[-114.235266,51.1135303],[-114.2353849,51.1133476],[-114.235506,51.1131616],[-114.2356085,51.1130043],[-114.2357364,51.1128077],[-114.2358049,51.1127026],[-114.2358612,51.1126161],[-114.2359117,51.1125385],[-114.2359317,51.1125076],[-114.2359315,51.1124668],[-114.2359311,51.1123809],[-114.2359306,51.1122929],[-114.2359302,51.1121994],[-114.2359297,51.1121059],[-114.2359292,51.1120179],[-114.2359287,51.1119244],[-114.2359283,51.1118309],[-114.2359277,51.1117168],[-114.2359271,51.1116041],[-114.2359265,51.11148],[-114.2359258,51.1113482],[-114.2359248,51.1111587],[-114.2359247,51.1111434],[-114.2359236,51.1109103],[-114.2359228,51.1107613],[-114.2359221,51.1106305],[-114.2359219,51.1106018],[-114.2359215,51.1105141],[-114.2359209,51.1103952],[-114.2359203,51.110283],[-114.2359198,51.11019],[-114.2359193,51.1100966],[-114.2359188,51.1100031],[-114.2359184,51.109915],[-114.2359179,51.1098216],[-114.2359174,51.1097281],[-114.2359169,51.1096342],[-114.2359164,51.1095354],[-114.2359159,51.1094365],[-114.2359154,51.1093377],[-114.2359146,51.1091825],[-114.2359133,51.1089408],[-114.2359128,51.1088373],[-114.2359125,51.1087776],[-114.2359121,51.1087071],[-114.2359119,51.1086696],[-114.2359105,51.1083798],[-114.2359577,51.1083755],[-114.2364827,51.1086695],[-114.2374378,51.1077737],[-114.2380144,51.1072323],[-114.2380363,51.1072118],[-114.2382708,51.1069917],[-114.2369742,51.1068737],[-114.236841,51.1068616],[-114.2356692,51.106755],[-114.2356688,51.1065135],[-114.2356688,51.1064782],[-114.2356686,51.1059674],[-114.2356685,51.105933],[-114.2356686,51.1058983],[-114.2356686,51.1058863],[-114.2356686,51.1058593],[-114.2356685,51.1056342],[-114.2356684,51.1055153],[-114.2356684,51.1054967],[-114.2356682,51.1050845],[-114.2356682,51.1050804],[-114.235668,51.1049046],[-114.235668,51.1049004],[-114.2356678,51.1044116],[-114.2356677,51.1043607],[-114.2356676,51.1041299],[-114.2356674,51.1038523],[-114.2356674,51.1037441],[-114.2356672,51.1034915],[-114.2356278,51.1034894],[-114.2345158,51.1034307],[-114.2343742,51.1034233],[-114.2343746,51.1034033],[-114.2343756,51.1032421],[-114.2340891,51.1031715],[-114.2340881,51.1033619],[-114.2340881,51.1034029],[-114.2340882,51.1037672],[-114.2340885,51.1045673],[-114.2340897,51.1053758],[-114.2340897,51.1054588],[-114.2340893,51.1056342],[-114.2340895,51.1059398],[-114.2340898,51.1059775],[-114.2340898,51.1060587],[-114.2340899,51.1066094],[-114.2340899,51.1066304],[-114.2340908,51.1085875],[-114.2340909,51.1087537],[-114.2340911,51.108965],[-114.2340912,51.1091011],[-114.2340913,51.1092058],[-114.2340913,51.1093109],[-114.2340914,51.1094205],[-114.2340915,51.1095253],[-114.2340916,51.1096304],[-114.2340917,51.10974],[-114.2340918,51.1098447],[-114.2340918,51.1099494],[-114.234092,51.1101965],[-114.2340922,51.1104527],[-114.2340923,51.1105868],[-114.2340922,51.1106038],[-114.2340917,51.1107365],[-114.2340916,51.110768],[-114.2340909,51.1109798],[-114.2340905,51.111093],[-114.2340902,51.1111636],[-114.2340901,51.1111952],[-114.2340897,51.1112973],[-114.2340893,51.1113995],[-114.234089,51.1115017],[-114.2340886,51.1116039],[-114.2340882,51.111706],[-114.2340878,51.1118082],[-114.2340874,51.1119104],[-114.234087,51.1120126],[-114.2340866,51.1121147],[-114.2340862,51.1122167],[-114.2340858,51.1123191],[-114.2340854,51.1124213],[-114.2340851,51.1125234],[-114.2340847,51.1126224],[-114.2340843,51.1127246],[-114.2340841,51.1127856],[-114.2340398,51.1249817],[-114.2340397,51.1250124]]]]},"properties":{":id":"row-zjuv-v7xb~hjtp",":version":"rv-epsz.hdee.jn5p",":created_at":"2026-10-01T19:33:45.132Z",":updated_at":"2026-10-01T19:33:45.132Z","lpid":"591895","planname":"TUC","type_code":"70","type_dscrn":"TUC","stage_code":"1","stage_dscrn":"Registered","created_dt":null,"modified_attribute_dt":"2025-09-08T09:43:24.000Z","modified_geometry_dt":"2025-09-08T09:43:24.000Z"}},
{"type":"Feature","geometry":{"type":"MultiPolygon","coordinates":[[[[-113.9287767,50.9754418],[-113.9288368,50.975492],[-113.9289081,50.9755515],[-113.9290652,50.9756483],[-113.9291805,50.9757654],[-113.9292178,50.9758033],[-113.9292949,50.9758817],[-113.9293345,50.975913],[-113.9294301,50.9759886],[-113.9295415,50.9760582],[-113.9295365,50.9741607],[-113.9295365,50.9741544],[-113.9295146,50.9741614],[-113.9294727,50.9741748],[-113.9293377,50.9741645],[-113.9292444,50.9741574],[-113.9290529,50.9742475],[-113.928999,50.9743849],[-113.9290004,50.9744085],[-113.9290086,50.9745445],[-113.9290188,50.9747054],[-113.9289026,50.9748209],[-113.9287609,50.9749285],[-113.9286946,50.9750615],[-113.928637,50.9751976],[-113.9286092,50.9753497],[-113.9287767,50.9754418]]]]},"properties":{":id":"row-sqj6.mi98_5jdr",":version":"rv-du8y_78ip-nqsp",":created_at":"2026-10-01T19:33:45.132Z",":updated_at":"2026-10-01T19:33:45.132Z","lpid":"760842","planname":"TUC","type_code":"70","type_dscrn":"TUC","stage_code":"1","stage_dscrn":"Registered","created_dt":"2017-04-19T14:10:52.000Z","modified_attribute_dt":"2023-01-11T13:06:52.000Z","modified_geometry_dt":"2023-01-11T13:06:52.000Z"}},
{"type":"Feature","geometry":{"type":"MultiPolygon","coordinates":[[[[-113.9756004,51.1735767],[-113.9731515,51.1725276],[-113.9731003,51.1725058],[-113.9704862,51.1707824],[-113.9704192,51.1707379],[-113.9703215,51.1707369],[-113.970133,51.1707369],[-113.9700352,51.1707369],[-113.9700348,51.1725038],[-113.970034,51.1761251],[-113.9700341,51.1762902],[-113.9700341,51.1762975],[-113.9700344,51.1767285],[-113.9700352,51.1779325],[-113.9700354,51.1788363],[-113.9700351,51.1791254],[-113.970035,51.179233],[-113.9700349,51.1793159],[-113.9700351,51.179376],[-113.970036,51.1797423],[-113.9700383,51.1806471],[-113.9700406,51.1815534],[-113.9700361,51.1830368],[-113.9700359,51.1831049],[-113.9700355,51.1832048],[-113.9700351,51.1833356],[-113.970035,51.1833725],[-113.9703814,51.1833725],[-113.9711109,51.1833724],[-113.971465,51.1833724],[-113.9714681,51.1833339],[-113.9714759,51.183204],[-113.971476,51.1832026],[-113.9714787,51.1831064],[-113.9714787,51.1831046],[-113.9714792,51.1830382],[-113.9714793,51.1830364],[-113.9714796,51.1829255],[-113.9714771,51.1828146],[-113.9714042,51.1824739],[-113.9711943,51.1814932],[-113.9711952,51.1811247],[-113.9711927,51.180923],[-113.9711845,51.1807214],[-113.9711704,51.18052],[-113.9711504,51.1803187],[-113.9711246,51.1801177],[-113.971093,51.179917],[-113.9710556,51.1797167],[-113.9710124,51.1795168],[-113.9716157,51.1796409],[-113.9737056,51.1792405],[-113.9741208,51.1797495],[-113.9772315,51.1797492],[-113.9767017,51.1787282],[-113.9814416,51.1778767],[-113.9815178,51.1778767],[-113.9815679,51.1778768],[-113.9818055,51.1778771],[-113.9818058,51.1761294],[-113.9818067,51.1760755],[-113.9818197,51.1752578],[-113.9818201,51.1752312],[-113.9818143,51.174986],[-113.9818062,51.1747308],[-113.9818061,51.1746409],[-113.9815685,51.1746411],[-113.9815191,51.1746411],[-113.9796813,51.1746425],[-113.9795511,51.1746416],[-113.9794209,51.1746386],[-113.9792908,51.1746335],[-113.9791611,51.1746264],[-113.9790316,51.1746172],[-113.9789026,51.1746059],[-113.978774,51.1745926],[-113.9786461,51.1745773],[-113.9785213,51.1745602],[-113.9783972,51.1745413],[-113.9782739,51.1745204],[-113.9781514,51.1744976],[-113.9780299,51.1744729],[-113.9779095,51.1744463],[-113.9777901,51.1744178],[-113.9776718,51.1743875],[-113.9775549,51.1743553],[-113.9774392,51.1743214],[-113.9773249,51.1742856],[-113.9772121,51.1742481],[-113.9771007,51.1742088],[-113.976991,51.1741679],[-113.9768829,51.1741252],[-113.9767766,51.1740808],[-113.9762997,51.1738764],[-113.9756004,51.1735767]]]]},"properties":{":id":"row-m9uq~89mf.2fem",":version":"rv-e968_3p85-waxz",":created_at":"2026-10-01T19:33:45.132Z",":updated_at":"2026-10-01T19:33:45.132Z","lpid":"622908","planname":"TUC","type_code":"70","type_dscrn":"TUC","stage_code":"1","stage_dscrn":"Registered","created_dt":null,"modified_attribute_dt":"2025-11-19T13:54:59.000Z","modified_geometry_dt":"2025-11-19T13:54:59.000Z"}},
{"type":"Feature","geometry":{"type":"MultiPolygon","coordinates":[[[[-114.1412846,50.9303652],[-114.1409975,50.9299507],[-114.1409975,50.9304013],[-114.1409989,50.9341049],[-114.1409998,50.9359152],[-114.1412852,50.9359157],[-114.1412852,50.9358525],[-114.141285,50.9346642],[-114.1412849,50.9344516],[-114.1412849,50.9341388],[-114.1412846,50.9303652]]]]},"properties":{":id":"row-j4aw~c2t9_udrn",":version":"rv-8kkt_4kiw.4eps",":created_at":"2026-10-01T19:33:45.132Z",":updated_at":"2026-10-01T19:33:45.132Z","lpid":"760756","planname":"TUC","type_code":"70","type_dscrn":"TUC","stage_code":"1","stage_dscrn":"Registered","created_dt":"2017-04-18T13:54:57.000Z","modified_attribute_dt":"2023-01-13T07:35:09.000Z","modified_geometry_dt":"2023-01-13T07:35:09.000Z"}},
{"type":"Feature","geometry":{"type":"MultiPolygon","coordinates":[[[[-114.0537523,50.8888519],[-114.0538174,50.8888923],[-114.0539346,50.888965],[-114.0540119,50.8890129],[-114.0544139,50.8892623],[-114.054593,50.8893734],[-114.0547763,50.8894871],[-114.0552802,50.889683],[-114.0569066,50.8892844],[-114.0568899,50.8892571],[-114.0568072,50.8891219],[-114.0567641,50.8890516],[-114.0567366,50.8890066],[-114.0567146,50.8889708],[-114.0566981,50.8889437],[-114.0544394,50.8889127],[-114.0542673,50.8889103],[-114.0542017,50.8889085],[-114.0541363,50.888905],[-114.0540711,50.8889],[-114.0540063,50.8888935],[-114.0539419,50.8888854],[-114.0538781,50.8888757],[-114.0538149,50.8888646],[-114.0537523,50.8888519]]]]},"properties":{":id":"row-qeq3~cyxs.u633",":version":"rv-7kdu.hv9y_vrc7",":created_at":"2026-10-01T19:33:45.132Z",":updated_at":"2026-10-01T19:33:45.132Z","lpid":"591705","planname":"TUC","type_code":"70","type_dscrn":"TUC","stage_code":"1","stage_dscrn":"Registered","created_dt":null,"modified_attribute_dt":"2025-11-21T11:49:19.000Z","modified_geometry_dt":"2025-11-21T11:49:19.000Z"}},
{"type":"Feature","geometry":{"type":"MultiPolygon","coordinates":[[[[-114.0659439,50.8939958],[-114.0662289,50.8939765],[-114.0670339,50.8939227],[-114.0679807,50.8938594],[-114.0680627,50.893854],[-114.06815,50.8938481],[-114.0701142,50.8937169],[-114.0701136,50.8938804],[-114.0701115,50.8944779],[-114.0702537,50.8944782],[-114.0706225,50.8944791],[-114.0706793,50.8944792],[-114.0706794,50.8944522],[-114.0706816,50.8938748],[-114.0706823,50.8936328],[-114.0706824,50.8935879],[-114.0706832,50.8933178],[-114.0706873,50.8920356],[-114.068697,50.8920365],[-114.0650697,50.8919259],[-114.0651321,50.8920363],[-114.0651392,50.8920489],[-114.0651909,50.8921404],[-114.0647356,50.8921404],[-114.0646768,50.8920363],[-114.0646064,50.8919118],[-114.0645386,50.8917914],[-114.0644503,50.8916347],[-114.0643956,50.8915374],[-114.0642525,50.8912835],[-114.0641095,50.8910296],[-114.064063,50.8909452],[-114.0640173,50.8908642],[-114.0639719,50.8907852],[-114.0639665,50.8907756],[-114.0638235,50.8905217],[-114.0636972,50.8902974],[-114.0632533,50.8902935],[-114.0604191,50.8895826],[-114.0603852,50.8895742],[-114.0592619,50.8892928],[-114.0592293,50.8892847],[-114.0578805,50.8889468],[-114.05785,50.8889469],[-114.0577461,50.8889471],[-114.0576607,50.8889472],[-114.0570075,50.8889482],[-114.0566981,50.8889437],[-114.0567146,50.8889708],[-114.0567366,50.8890066],[-114.0567641,50.8890516],[-114.0568072,50.8891219],[-114.0568899,50.8892571],[-114.0569066,50.8892844],[-114.0552802,50.889683],[-114.0547763,50.8894871],[-114.054593,50.8893734],[-114.0544139,50.8892623],[-114.0540119,50.8890129],[-114.0539346,50.888965],[-114.0538174,50.8888923],[-114.0537523,50.8888519],[-114.053679,50.888835],[-114.0536069,50.888816],[-114.0535362,50.888795],[-114.0534671,50.888772],[-114.0533997,50.8887471],[-114.0533341,50.8887202],[-114.0532706,50.8886916],[-114.0532091,50.8886612],[-114.0531658,50.8886381],[-114.0531237,50.8886142],[-114.0530829,50.8885894],[-114.0530434,50.8885638],[-114.0530131,50.8885426],[-114.0529987,50.888533],[-114.0529657,50.888533],[-114.0527263,50.8885328],[-114.0525403,50.8885326],[-114.0524193,50.8885325],[-114.0519582,50.8885286],[-114.0512162,50.8885277],[-114.0508075,50.8885274],[-114.050601,50.8885272],[-114.0505944,50.8885271],[-114.0504941,50.888527],[-114.0503901,50.8885269],[-114.0502502,50.8885266],[-114.0501484,50.8885267],[-114.0499041,50.8885264],[-114.049926,50.8886166],[-114.0499431,50.8887072],[-114.0499524,50.8887741],[-114.0499592,50.8888411],[-114.0499633,50.8889083],[-114.0499648,50.8889754],[-114.049962,50.8890792],[-114.0499529,50.8891828],[-114.0499415,50.8892634],[-114.0499263,50.8893437],[-114.0499076,50.8894226],[-114.0498852,50.8895012],[-114.0498636,50.8895709],[-114.0498338,50.8896461],[-114.0497536,50.8896587],[-114.0494835,50.8897001],[-114.0492577,50.8897348],[-114.0490891,50.8897607],[-114.0489288,50.8897853],[-114.0487686,50.8898099],[-114.0486,50.8898358],[-114.0484397,50.8898603],[-114.0482794,50.889885],[-114.048106,50.8899116],[-114.0480005,50.8899276],[-114.0479227,50.8899278],[-114.047831,50.8899276],[-114.0477377,50.8899279],[-114.0475662,50.8899278],[-114.0475451,50.8899278],[-114.0475455,50.8898569],[-114.0475459,50.889662],[-114.0475473,50.8894259],[-114.0470362,50.8894256],[-114.0465333,50.8894248],[-114.0465312,50.8899301],[-114.0464622,50.8899301],[-114.0463181,50.8899302],[-114.0460949,50.8899303],[-114.0458818,50.8899304],[-114.0457014,50.8899305],[-114.0455266,50.8899306],[-114.0453703,50.8899306],[-114.0452141,50.8899307],[-114.0450578,50.8899308],[-114.0449015,50.8899308],[-114.0447452,50.8899309],[-114.0445804,50.889931],[-114.0444155,50.889931],[-114.0442507,50.8899311],[-114.0440858,50.8899311],[-114.043921,50.8899311],[-114.0437561,50.8899312],[-114.0435913,50.8899312],[-114.0433852,50.8899313],[-114.0431373,50.8899313],[-114.0427773,50.8899314],[-114.0410615,50.8899319],[-114.0409868,50.8899319],[-114.0406479,50.889932],[-114.0403865,50.889932],[-114.0401762,50.8899321],[-114.0400114,50.8899321],[-114.0398551,50.8899321],[-114.0396988,50.8899322],[-114.0395424,50.8899322],[-114.0393861,50.8899322],[-114.0391446,50.8899323],[-114.0388618,50.8899324],[-114.0385777,50.8899324],[-114.038189,50.8899325],[-114.0381548,50.8899325],[-114.0380269,50.8899325],[-114.0378731,50.8899326],[-114.0377691,50.8899326],[-114.0376652,50.8899326],[-114.0375242,50.8899326],[-114.0373832,50.8899327],[-114.0372792,50.8899327],[-114.0371753,50.8899327],[-114.0370342,50.8899327],[-114.0368932,50.8899328],[-114.0367892,50.8899328],[-114.0366853,50.8899328],[-114.0365643,50.8899328],[-114.0365301,50.8899328],[-114.0363266,50.8899329],[-114.0362835,50.8899329],[-114.0362175,50.8899329],[-114.036102,50.8899329],[-114.0357485,50.889933],[-114.0356348,50.889933],[-114.0356057,50.889933],[-114.0352459,50.889933],[-114.0352182,50.8899289],[-114.0349353,50.8898868],[-114.0347306,50.8898564],[-114.0345259,50.889826],[-114.0343654,50.8898021],[-114.0342132,50.8897795],[-114.0340611,50.8897568],[-114.0339006,50.889733],[-114.0337402,50.8897091],[-114.0335797,50.8896853],[-114.0334193,50.8896614],[-114.0332671,50.8896387],[-114.0331149,50.8896161],[-114.0329628,50.8895934],[-114.0328106,50.8895708],[-114.0326501,50.8895469],[-114.0324897,50.889523],[-114.0323209,50.8894979],[-114.0321521,50.8894728],[-114.0319917,50.8894489],[-114.0318968,50.8894348],[-114.0318681,50.8894305],[-114.0318312,50.889425],[-114.0316707,50.8894011],[-114.0315186,50.8893785],[-114.0313443,50.8893525],[-114.0310507,50.8893088],[-114.0309778,50.889298],[-114.0309049,50.8892871],[-114.030653,50.8892495],[-114.0306279,50.8892459],[-114.0306113,50.8892434],[-114.0305947,50.8892409],[-114.0304455,50.8892188],[-114.0300305,50.889157],[-114.0297027,50.8891083],[-114.029562,50.8890873],[-114.029332,50.8890531],[-114.0293155,50.8890507],[-114.0292988,50.8890482],[-114.0288012,50.8889741],[-114.0286516,50.8889518],[-114.0286326,50.888949],[-114.0285005,50.8889293],[-114.028004,50.8888554],[-114.0279874,50.888853],[-114.0279705,50.8888505],[-114.0277111,50.8888119],[-114.0273651,50.8887604],[-114.0270663,50.8887159],[-114.0267968,50.8886758],[-114.026797,50.8886308],[-114.0267974,50.8884961],[-114.0267802,50.8884961],[-114.0262677,50.8884953],[-114.0261145,50.888495],[-114.0260303,50.888495],[-114.0258762,50.8884948],[-114.025607,50.8884944],[-114.0255201,50.8884943],[-114.0251566,50.8884938],[-114.0251133,50.8884937],[-114.0250867,50.8884937],[-114.025013,50.8884935],[-114.0250281,50.8885468],[-114.0250665,50.8886816],[-114.0250756,50.8887135],[-114.0250826,50.8887516],[-114.0250829,50.88879],[-114.0250763,50.8888281],[-114.025063,50.8888656],[-114.0250528,50.8888859],[-114.0250406,50.8889057],[-114.0250264,50.8889251],[-114.0250104,50.8889438],[-114.0249925,50.8889619],[-114.0249729,50.8889792],[-114.0249516,50.8889958],[-114.0249288,50.8890114],[-114.0248857,50.8890363],[-114.0248386,50.8890581],[-114.024788,50.8890766],[-114.0247346,50.8890915],[-114.0246992,50.8890991],[-114.024663,50.8891051],[-114.0246627,50.8891603],[-114.0246614,50.8894274],[-114.0246584,50.8900669],[-114.0246561,50.890519],[-114.024656,50.8905465],[-114.0246483,50.8921028],[-114.0243626,50.8921031],[-114.0243624,50.8921311],[-114.0246546,50.8921528],[-114.0264111,50.8922864],[-114.0269348,50.8923261],[-114.0291151,50.8923259],[-114.0295542,50.8923258],[-114.0320447,50.8923254],[-114.0320731,50.8923254],[-114.0321096,50.8923254],[-114.0321807,50.8923254],[-114.0335133,50.8923252],[-114.040056,50.8923235],[-114.0400524,50.8932826],[-114.0384939,50.8932829],[-114.0384513,50.8932829],[-114.0360873,50.8932833],[-114.0322394,50.8932841],[-114.0321683,50.8932841],[-114.0321314,50.8932841],[-114.032103,50.8932841],[-114.0295514,50.8932846],[-114.0291098,50.8932846],[-114.0246405,50.8932852],[-114.0243546,50.8932853],[-114.0243507,50.8939976],[-114.0243501,50.8941067],[-114.0243476,50.8945459],[-114.0243473,50.8946041],[-114.0243472,50.8946309],[-114.0243466,50.8947391],[-114.0243401,50.8958984],[-114.0245352,50.8958984],[-114.024626,50.8958986],[-114.0248957,50.8958988],[-114.0254134,50.8958994],[-114.0257811,50.8958999],[-114.0258754,50.8958049],[-114.0264054,50.8952708],[-114.0269312,50.8947415],[-114.027017,50.8947019],[-114.0271056,50.8946648],[-114.0271968,50.8946303],[-114.0272904,50.8945985],[-114.0284832,50.8942148],[-114.028543,50.8941949],[-114.0286038,50.8941761],[-114.0286044,50.894054],[-114.0286045,50.8940419],[-114.0286884,50.8940186],[-114.0287731,50.8939967],[-114.0288587,50.8939761],[-114.0289451,50.8939568],[-114.0290322,50.8939389],[-114.02912,50.8939224],[-114.0292085,50.8939072],[-114.0292974,50.8938934],[-114.029387,50.8938811],[-114.0294769,50.8938701],[-114.0295673,50.8938606],[-114.029658,50.8938524],[-114.029749,50.8938457],[-114.0298403,50.8938404],[-114.0299317,50.8938366],[-114.0300232,50.8938342],[-114.0320426,50.8937967],[-114.0321341,50.893795],[-114.0321625,50.8937945],[-114.0328632,50.8937815],[-114.0350576,50.8937407],[-114.0360833,50.8937219],[-114.0365531,50.8937132],[-114.0371528,50.8937021],[-114.0376214,50.8936934],[-114.0379793,50.8936867],[-114.0384434,50.8936782],[-114.038486,50.8936773],[-114.039663,50.8936555],[-114.0400488,50.8936483],[-114.0451107,50.8937591],[-114.0457071,50.8937723],[-114.0460481,50.8937796],[-114.0463747,50.8937868],[-114.0464862,50.8937892],[-114.0465923,50.8937915],[-114.0465734,50.8941432],[-114.0465694,50.8942185],[-114.0468569,50.8942297],[-114.0468636,50.8942299],[-114.0469844,50.8942335],[-114.0469915,50.8942338],[-114.0473522,50.8942469],[-114.0473626,50.8941645],[-114.0475253,50.8941788],[-114.0476683,50.8941937],[-114.0478106,50.8942107],[-114.0479549,50.8942304],[-114.0480984,50.8942522],[-114.048241,50.8942763],[-114.0483825,50.8943027],[-114.0485231,50.8943312],[-114.0486624,50.8943618],[-114.0488005,50.8943947],[-114.0489373,50.8944296],[-114.0490727,50.8944667],[-114.0492066,50.8945059],[-114.0493389,50.8945472],[-114.0494696,50.8945905],[-114.0495985,50.8946358],[-114.0497256,50.8946831],[-114.0498508,50.8947324],[-114.0499741,50.8947836],[-114.0513244,50.8953591],[-114.0514432,50.8954098],[-114.0515013,50.8954345],[-114.0521437,50.8957077],[-114.0523773,50.895807],[-114.0528775,50.8960139],[-114.0539141,50.8965801],[-114.0542642,50.8967313],[-114.0542819,50.896739],[-114.0543835,50.8967843],[-114.0544829,50.8968314],[-114.0545802,50.8968803],[-114.0546751,50.896931],[-114.0547677,50.8969834],[-114.0548577,50.8970375],[-114.0549453,50.8970933],[-114.0550303,50.8971506],[-114.0551125,50.8972094],[-114.055192,50.8972698],[-114.0552687,50.8973315],[-114.0553425,50.8973947],[-114.0554134,50.8974592],[-114.0554813,50.8975249],[-114.055546,50.8975919],[-114.0556077,50.89766],[-114.0568863,50.8991213],[-114.0572505,50.899538],[-114.0577388,50.899538],[-114.0581757,50.8995385],[-114.0582814,50.8995386],[-114.058511,50.8995389],[-114.0587151,50.8995391],[-114.0591764,50.8995399],[-114.0592321,50.89954],[-114.0593042,50.8995398],[-114.0594834,50.8995404],[-114.0595115,50.8995404],[-114.0596344,50.8995405],[-114.059431,50.8991748],[-114.0593767,50.8990709],[-114.0593264,50.8989663],[-114.0592801,50.898861],[-114.0592379,50.8987549],[-114.0592058,50.8986707],[-114.0591762,50.8985862],[-114.0591491,50.8985013],[-114.0591247,50.8984161],[-114.0591026,50.8983249],[-114.0590834,50.8982334],[-114.0590672,50.8981417],[-114.0590539,50.8980498],[-114.0590437,50.8979577],[-114.0590365,50.8978655],[-114.0590322,50.8977733],[-114.059031,50.897681],[-114.0590313,50.8975059],[-114.0585408,50.8966208],[-114.0585021,50.896551],[-114.0584888,50.8965245],[-114.058478,50.8964975],[-114.0584698,50.8964701],[-114.0584642,50.8964425],[-114.0584611,50.8964148],[-114.0584608,50.8963869],[-114.058463,50.8963591],[-114.0584678,50.8963315],[-114.0584753,50.8963041],[-114.0584853,50.896277],[-114.0584979,50.8962503],[-114.0585129,50.8962241],[-114.0585304,50.8961986],[-114.0585503,50.8961737],[-114.0585725,50.8961497],[-114.0585969,50.8961265],[-114.0586235,50.8961043],[-114.0586521,50.8960831],[-114.0586827,50.896063],[-114.0587151,50.8960441],[-114.0587492,50.8960265],[-114.058785,50.8960102],[-114.0588222,50.8959952],[-114.0588607,50.8959817],[-114.0589005,50.8959696],[-114.0589413,50.8959591],[-114.0589831,50.8959501],[-114.0590256,50.8959426],[-114.0590688,50.8959368],[-114.0591124,50.8959327],[-114.0591563,50.8959301],[-114.0592004,50.8959293],[-114.0592214,50.8959291],[-114.0592429,50.895929],[-114.0592643,50.895929],[-114.0593148,50.895929],[-114.059629,50.8954385],[-114.059683,50.8953581],[-114.0597418,50.895279],[-114.0598052,50.8952013],[-114.0598732,50.8951252],[-114.0599457,50.8950508],[-114.0600225,50.8949781],[-114.0601036,50.8949073],[-114.0601889,50.8948384],[-114.0602782,50.8947716],[-114.0603713,50.894707],[-114.0604683,50.8946446],[-114.0605689,50.8945845],[-114.060673,50.8945269],[-114.0607804,50.8944718],[-114.060891,50.8944192],[-114.0610047,50.8943693],[-114.0611212,50.8943221],[-114.0612405,50.8942777],[-114.0613623,50.8942361],[-114.0614865,50.8941975],[-114.061613,50.8941618],[-114.0617414,50.8941291],[-114.0618717,50.8940995],[-114.0620037,50.894073],[-114.0621371,50.8940496],[-114.0622719,50.8940294],[-114.0624077,50.8940124],[-114.0625445,50.8939986],[-114.062682,50.893988],[-114.06282,50.8939807],[-114.0629583,50.8939767],[-114.0630968,50.8939759],[-114.0657842,50.8939947],[-114.0659439,50.8939958]]]]},"properties":{":id":"row-h24d.kb96_dzaq",":version":"rv-eki5~fukf~9fqt",":created_at":"2026-10-01T19:33:45.132Z",":updated_at":"2026-10-01T19:33:45.132Z","lpid":"739946","planname":"TUC","type_code":"70","type_dscrn":"TUC","stage_code":"1","stage_dscrn":"Registered","created_dt":null,"modified_attribute_dt":"2025-11-21T11:51:43.000Z","modified_geometry_dt":"2025-11-21T11:51:43.000Z"}},
{"type":"Feature","geometry":{"type":"MultiPolygon","coordinates":[[[[-114.07098,50.8885437],[-114.0709802,50.8886036],[-114.0709803,50.8886309],[-114.0709775,50.8900916],[-114.0709824,50.8904328],[-114.0709815,50.8907817],[-114.0709784,50.8920298],[-114.0709782,50.8921339],[-114.0823999,50.8921282],[-114.0938215,50.8921213],[-114.0938228,50.8920169],[-114.0938298,50.8884981],[-114.0937536,50.888498],[-114.0936394,50.8884977],[-114.0920843,50.8884972],[-114.0918103,50.8907275],[-114.0917841,50.8909419],[-114.0917788,50.8909852],[-114.0917669,50.8910596],[-114.0917527,50.8911272],[-114.091735,50.8911944],[-114.0917181,50.8912483],[-114.0916989,50.8913019],[-114.0916773,50.8913552],[-114.0916534,50.891408],[-114.0912193,50.8914084],[-114.0909977,50.8914086],[-114.0908698,50.8914087],[-114.0897362,50.8914096],[-114.0886358,50.8914105],[-114.0885936,50.8914105],[-114.0884647,50.8914107],[-114.0884229,50.8914107],[-114.0878673,50.8914111],[-114.086804,50.8912811],[-114.0843016,50.8909753],[-114.0841425,50.8909558],[-114.0838092,50.8909151],[-114.0824014,50.890743],[-114.0817406,50.8906621],[-114.0816872,50.8906556],[-114.0812468,50.8906015],[-114.0812218,50.8905984],[-114.0799013,50.8904369],[-114.0795273,50.8903911],[-114.079502,50.8903881],[-114.0794878,50.8903863],[-114.0792763,50.8903851],[-114.0792549,50.890385],[-114.0791188,50.8903842],[-114.0790975,50.8903841],[-114.0789915,50.8903834],[-114.0789702,50.8903833],[-114.0788642,50.8903827],[-114.0788428,50.8903826],[-114.0788293,50.8903825],[-114.0784837,50.8903805],[-114.078141,50.8903785],[-114.0780093,50.8903778],[-114.0779879,50.8903776],[-114.0778733,50.890377],[-114.077852,50.8903769],[-114.0777373,50.8903762],[-114.077716,50.8903761],[-114.0776013,50.8903754],[-114.07758,50.8903753],[-114.0774653,50.8903746],[-114.077444,50.8903745],[-114.077338,50.8903739],[-114.0773167,50.8903738],[-114.0772107,50.8903731],[-114.0771894,50.890373],[-114.0770834,50.8903724],[-114.0770621,50.8903723],[-114.0769561,50.8903717],[-114.0769348,50.8903715],[-114.0768288,50.8903709],[-114.0768075,50.8903708],[-114.0767015,50.8903702],[-114.0766801,50.8903701],[-114.0765741,50.8903694],[-114.0765528,50.8903693],[-114.0764372,50.8903686],[-114.0764159,50.8903685],[-114.0762927,50.8903678],[-114.0762714,50.8903677],[-114.0761472,50.890367],[-114.0761258,50.8903668],[-114.076,50.8903661],[-114.0759783,50.890366],[-114.0758502,50.8903652],[-114.0758283,50.8903651],[-114.075812,50.890365],[-114.0757114,50.8903325],[-114.0756921,50.8903262],[-114.0755793,50.8902897],[-114.0755601,50.8902835],[-114.075449,50.8902476],[-114.07543,50.8902414],[-114.07532,50.8902058],[-114.075301,50.8901997],[-114.0751929,50.8901647],[-114.0751739,50.8901586],[-114.0750796,50.890128],[-114.0750606,50.8901219],[-114.0749508,50.8900864],[-114.074841,50.8900508],[-114.074822,50.8900447],[-114.0747277,50.8900142],[-114.0747087,50.890008],[-114.0746143,50.8899775],[-114.0745953,50.8899713],[-114.074501,50.8899408],[-114.074482,50.8899347],[-114.0743876,50.8899041],[-114.0743686,50.889898],[-114.0742743,50.8898674],[-114.0742553,50.8898613],[-114.0741609,50.8898308],[-114.0741419,50.8898246],[-114.0740476,50.8897941],[-114.0740286,50.889788],[-114.0739342,50.8897574],[-114.0739153,50.8897513],[-114.0738209,50.8897207],[-114.0738019,50.8897146],[-114.0737076,50.8896841],[-114.0736886,50.8896779],[-114.0735942,50.8896474],[-114.0735752,50.8896412],[-114.0734809,50.8896107],[-114.0734619,50.8896046],[-114.0733527,50.8895692],[-114.0733337,50.8895631],[-114.0731361,50.8894992],[-114.0731159,50.8894926],[-114.0729826,50.8894495],[-114.0729774,50.8893764],[-114.0729764,50.889362],[-114.0729664,50.8892196],[-114.0729654,50.8892061],[-114.0729598,50.8891261],[-114.0729588,50.8891126],[-114.0729541,50.8890456],[-114.0729531,50.8890321],[-114.0729484,50.8889651],[-114.0729474,50.8889516],[-114.0729427,50.8888845],[-114.0729418,50.8888711],[-114.072937,50.888804],[-114.0729361,50.8887905],[-114.0729313,50.8887235],[-114.0729304,50.88871],[-114.0729257,50.888643],[-114.0729247,50.8886295],[-114.0729228,50.8886031],[-114.0729188,50.8885463],[-114.0729169,50.8885193],[-114.0727739,50.8885196],[-114.0726856,50.8885194],[-114.0726418,50.8885196],[-114.0726092,50.8885197],[-114.0723384,50.8885199],[-114.071939,50.8885202],[-114.0719337,50.8885202],[-114.0718221,50.8885203],[-114.0716695,50.8885204],[-114.0713106,50.8885206],[-114.0709805,50.8885205],[-114.07098,50.8885437]]]]},"properties":{":id":"row-64p6.6s6t-rm68",":version":"rv-n6r9_8hfm_zeag",":created_at":"2026-10-01T19:33:45.132Z",":updated_at":"2026-10-01T19:33:45.132Z","lpid":"592074","planname":"TUC","type_code":"70","type_dscrn":"TUC","stage_code":"1","stage_dscrn":"Registered","created_dt":null,"modified_attribute_dt":"2025-11-21T11:51:04.000Z","modified_geometry_dt":"2025-11-21T11:51:04.000Z"}},
{"type":"Feature","geometry":{"type":"MultiPolygon","coordinates":[[[[-114.1412744,50.92143],[-114.1411156,50.9214316],[-114.1410444,50.9214323],[-114.1409942,50.9214328],[-114.1409943,50.9216023],[-114.140995,50.9234031],[-114.1409967,50.9273813],[-114.1412837,50.9274466],[-114.1412836,50.9270887],[-114.1412835,50.927061],[-114.1412834,50.9267602],[-114.1412834,50.9267325],[-114.1412822,50.9245487],[-114.141282,50.9242586],[-114.141282,50.9241475],[-114.1412819,50.9240595],[-114.1412819,50.9240482],[-114.1412818,50.9238636],[-114.1412818,50.9238207],[-114.1412818,50.9237609],[-114.1412818,50.9237199],[-114.1412744,50.92143]]]]},"properties":{":id":"row-cdk3~2smi~y27g",":version":"rv-4gju.nfrt.reny",":created_at":"2026-10-01T19:33:45.132Z",":updated_at":"2026-10-01T19:33:45.132Z","lpid":"760738","planname":"TUC","type_code":"70","type_dscrn":"TUC","stage_code":"1","stage_dscrn":"Registered","created_dt":"2017-04-18T13:57:41.000Z","modified_attribute_dt":"2023-01-25T08:37:53.000Z","modified_geometry_dt":"2023-01-25T08:37:53.000Z"}},
{"type":"Feature","geometry":{"type":"MultiPolygon","coordinates":[[[[-114.0494148,50.8862124],[-114.0494853,50.8863377],[-114.0495404,50.8864357],[-114.049619,50.8865754],[-114.0497072,50.8867321],[-114.0497745,50.8868518],[-114.0499131,50.8870968],[-114.0499605,50.887181],[-114.0500558,50.8873499],[-114.0501386,50.8874967],[-114.0501778,50.8875661],[-114.0501878,50.8875964],[-114.0502213,50.8876982],[-114.0502548,50.8877999],[-114.0502883,50.8879017],[-114.0503231,50.8880072],[-114.0503776,50.8881723],[-114.0504452,50.8883771],[-114.0504941,50.888527],[-114.0505944,50.8885271],[-114.050601,50.8885272],[-114.0507042,50.8885266],[-114.0508075,50.8885274],[-114.0512162,50.8885277],[-114.0519582,50.8885286],[-114.0524193,50.8885325],[-114.0525403,50.8885326],[-114.0527263,50.8885328],[-114.0529657,50.888533],[-114.0529987,50.888533],[-114.052988,50.8885252],[-114.0529473,50.8884938],[-114.0529084,50.8884615],[-114.0528715,50.8884283],[-114.0528365,50.8883943],[-114.0528035,50.8883595],[-114.0527726,50.8883239],[-114.0527437,50.8882876],[-114.052717,50.8882507],[-114.0522025,50.8875011],[-114.0520435,50.8872695],[-114.0518694,50.8870128],[-114.0516989,50.8867552],[-114.0515321,50.8864965],[-114.0513689,50.886237],[-114.0513899,50.8862318],[-114.0516023,50.8861793],[-114.051371,50.8858023],[-114.0511587,50.8858544],[-114.0510928,50.8858706],[-114.0508895,50.8855399],[-114.0505868,50.8850474],[-114.0505714,50.8850222],[-114.0505389,50.8849694],[-114.0505066,50.8849191],[-114.0493718,50.8830691],[-114.0491061,50.8831343],[-114.0487072,50.8832323],[-114.0481726,50.8833637],[-114.0482484,50.8834871],[-114.0480497,50.8835358],[-114.0486235,50.8844711],[-114.0486428,50.8845753],[-114.0486642,50.8846904],[-114.0486962,50.884863],[-114.0487067,50.8849205],[-114.0487158,50.8849687],[-114.0487273,50.8849892],[-114.0487419,50.8850147],[-114.0490289,50.8855264],[-114.0490336,50.8855348],[-114.0491325,50.8857106],[-114.0492287,50.8858817],[-114.0492942,50.8859981],[-114.0493466,50.8860912],[-114.0493909,50.88617],[-114.0494148,50.8862124]]]]},"properties":{":id":"row-kb4k~z5c2_yhku",":version":"rv-jy6v.mk93_2z3z",":created_at":"2026-10-01T19:33:45.132Z",":updated_at":"2026-10-01T19:33:45.132Z","lpid":"760675","planname":"TUC","type_code":"70","type_dscrn":"TUC","stage_code":"1","stage_dscrn":"Registered","created_dt":"2017-04-17T11:23:47.000Z","modified_attribute_dt":"2025-11-21T11:52:19.000Z","modified_geometry_dt":"2025-11-21T11:52:19.000Z"}},
{"type":"Feature","geometry":{"type":"MultiPolygon","coordinates":[[[[-114.1409967,50.9273813],[-114.1403428,50.9271984],[-114.139314,50.9269105],[-114.1389509,50.9274096],[-114.1387694,50.9278884],[-114.13991,50.928381],[-114.1409975,50.9299507],[-114.1412846,50.9303652],[-114.1412844,50.9286833],[-114.1412842,50.9283217],[-114.1412837,50.9274466],[-114.1409967,50.9273813]]]]},"properties":{":id":"row-z22f_sdnt.zis3",":version":"rv-qaqx~vpg9.h4ik",":created_at":"2026-10-01T19:33:45.132Z",":updated_at":"2026-10-01T19:33:45.132Z","lpid":"760741","planname":"TUC","type_code":"70","type_dscrn":"TUC","stage_code":"1","stage_dscrn":"Registered","created_dt":"2017-04-18T13:57:09.000Z","modified_attribute_dt":"2023-01-25T08:37:53.000Z","modified_geometry_dt":"2023-01-25T08:37:53.000Z"}},
{"type":"Feature","geometry":{"type":"MultiPolygon","coordinates":[[[[-114.1412996,51.0067986],[-114.1413096,51.0086131],[-114.141748,51.0086123],[-114.1417203,51.0086008],[-114.1416937,51.0085884],[-114.1416682,51.008575],[-114.141644,51.0085607],[-114.1416211,51.0085456],[-114.1415996,51.0085297],[-114.1415796,51.0085131],[-114.1415611,51.0084957],[-114.1415442,51.0084778],[-114.141529,51.0084592],[-114.1415154,51.0084402],[-114.1415036,51.0084207],[-114.1414936,51.0084008],[-114.1414854,51.0083805],[-114.141479,51.0083601],[-114.1414745,51.0083394],[-114.1414721,51.0083209],[-114.1414187,51.0077202],[-114.1413988,51.0074959],[-114.1413368,51.0067983],[-114.1412996,51.0067986]]]]},"properties":{":id":"row-q2jc~ghny_hr6m",":version":"rv-xptf-4igd-y273",":created_at":"2026-10-01T19:33:45.132Z",":updated_at":"2026-10-01T19:33:45.132Z","lpid":"760731","planname":"TUC","type_code":"70","type_dscrn":"TUC","stage_code":"1","stage_dscrn":"Registered","created_dt":"2017-04-18T13:41:18.000Z","modified_attribute_dt":"2025-11-25T07:45:19.000Z","modified_geometry_dt":"2025-11-25T07:45:19.000Z"}},
{"type":"Feature","geometry":{"type":"MultiPolygon","coordinates":[[[[-114.1406757,51.0068018],[-114.1406735,51.0076784],[-114.1406724,51.0076918],[-114.1406693,51.0077051],[-114.1406641,51.0077181],[-114.1406569,51.0077307],[-114.1406477,51.0077428],[-114.1406368,51.0077543],[-114.1406241,51.0077651],[-114.1406098,51.007775],[-114.140594,51.0077841],[-114.1405768,51.007792],[-114.1405586,51.007799],[-114.1405393,51.0078047],[-114.1405192,51.0078092],[-114.1404985,51.0078125],[-114.1404774,51.0078145],[-114.1404561,51.0078151],[-114.1393257,51.007814],[-114.1383818,51.007813],[-114.137807,51.0076892],[-114.1378052,51.008143],[-114.137886,51.0081786],[-114.1379687,51.0082124],[-114.138053,51.0082446],[-114.138139,51.008275],[-114.1382265,51.0083036],[-114.1383155,51.0083304],[-114.1384058,51.0083554],[-114.1384973,51.0083785],[-114.13859,51.0083997],[-114.1386838,51.008419],[-114.1387785,51.0084363],[-114.138874,51.0084517],[-114.1389703,51.0084652],[-114.1390673,51.0084766],[-114.1391647,51.0084861],[-114.1392627,51.0084935],[-114.1401966,51.0085543],[-114.1402419,51.0085561],[-114.1402872,51.0085557],[-114.1403324,51.0085531],[-114.1403771,51.0085482],[-114.140421,51.0085412],[-114.140464,51.008532],[-114.1405056,51.0085207],[-114.1405458,51.0085075],[-114.1405842,51.0084923],[-114.1406206,51.0084752],[-114.1406547,51.0084565],[-114.1406865,51.0084361],[-114.1407156,51.0084142],[-114.1407419,51.008391],[-114.1407652,51.0083665],[-114.1407854,51.008341],[-114.1408062,51.0083078],[-114.1408218,51.0082735],[-114.140832,51.0082385],[-114.1408368,51.0082029],[-114.1408484,51.0079986],[-114.1408493,51.0073711],[-114.14085,51.0068435],[-114.1407846,51.0068025],[-114.1406757,51.0068018]]]]},"properties":{":id":"row-6pdp~y296-6brf",":version":"rv-3q2h-cdja-fv3b",":created_at":"2026-10-01T19:33:45.132Z",":updated_at":"2026-10-01T19:33:45.132Z","lpid":"760787","planname":"TUC","type_code":"70","type_dscrn":"TUC","stage_code":"1","stage_dscrn":"Registered","created_dt":"2017-04-18T14:44:19.000Z","modified_attribute_dt":"2025-11-25T07:45:19.000Z","modified_geometry_dt":"2025-11-25T07:45:19.000Z"}},
{"type":"Feature","geometry":{"type":"MultiPolygon","coordinates":[[[[-114.1409415,51.0107312],[-114.1409417,51.0112001],[-114.1409417,51.0112229],[-114.1410177,51.0111431],[-114.1410179,51.0106871],[-114.1410189,51.0105059],[-114.1410197,51.0101751],[-114.1410193,51.0101198],[-114.141021,51.0097852],[-114.1410214,51.0096039],[-114.141021,51.0092243],[-114.1410213,51.009169],[-114.1410214,51.0087895],[-114.1382327,51.0087875],[-114.1383393,51.0088246],[-114.1384471,51.0088603],[-114.1406101,51.0095627],[-114.1406595,51.0095808],[-114.1407058,51.0096018],[-114.1407487,51.0096256],[-114.1407876,51.0096519],[-114.1408072,51.0096841],[-114.1408219,51.0097173],[-114.1408316,51.0097513],[-114.1408362,51.0097857],[-114.1408363,51.009789],[-114.1408577,51.0101733],[-114.1409239,51.0104217],[-114.1409413,51.0107128],[-114.1409415,51.0107312]]]]},"properties":{":id":"row-4j4d-xa9c-ppvw",":version":"rv-cpv8_put8_gmnu",":created_at":"2026-10-01T19:33:45.132Z",":updated_at":"2026-10-01T19:33:45.132Z","lpid":"760793","planname":"TUC","type_code":"70","type_dscrn":"TUC","stage_code":"1","stage_dscrn":"Registered","created_dt":"2017-04-18T14:51:19.000Z","modified_attribute_dt":"2025-11-25T07:45:19.000Z","modified_geometry_dt":"2025-11-25T07:45:19.000Z"}},
{"type":"Feature","geometry":{"type":"MultiPolygon","coordinates":[[[[-114.1406101,51.0095627],[-114.1404689,51.0096344],[-114.1404783,51.0096348],[-114.1406963,51.0096459],[-114.1407876,51.0096519],[-114.1407686,51.0096384],[-114.1407487,51.0096256],[-114.1407277,51.0096133],[-114.1407058,51.0096018],[-114.1406831,51.0095909],[-114.1406595,51.0095808],[-114.1406351,51.0095714],[-114.1406101,51.0095627]]]]},"properties":{":id":"row-kqw4.ech2-36yh",":version":"rv-yn3g~qcx8~7txa",":created_at":"2026-10-01T19:33:45.132Z",":updated_at":"2026-10-01T19:33:45.132Z","lpid":"760794","planname":"TUC","type_code":"70","type_dscrn":"TUC","stage_code":"1","stage_dscrn":"Registered","created_dt":"2017-04-18T14:51:51.000Z","modified_attribute_dt":"2025-11-25T07:45:19.000Z","modified_geometry_dt":"2025-11-25T07:45:19.000Z"}},
{"type":"Feature","geometry":{"type":"MultiPolygon","coordinates":[[[[-114.1404689,51.0096344],[-114.1398075,51.0096007],[-114.1396428,51.0095924],[-114.1392266,51.0095714],[-114.1395401,51.009663],[-114.1396164,51.0096853],[-114.1396581,51.0096969],[-114.1397007,51.0097072],[-114.139744,51.0097164],[-114.1397878,51.0097243],[-114.1398322,51.009731],[-114.139877,51.0097365],[-114.1399222,51.0097407],[-114.1399676,51.0097436],[-114.1404864,51.0097699],[-114.1407044,51.009781],[-114.1408363,51.009789],[-114.1408362,51.0097857],[-114.1408316,51.0097513],[-114.1408219,51.0097173],[-114.1408072,51.0096841],[-114.1407876,51.0096519],[-114.1406963,51.0096459],[-114.1404783,51.0096348],[-114.1404689,51.0096344]]]]},"properties":{":id":"row-m7ui~2cx3-tmay",":version":"rv-8nbt_d7c6.58az",":created_at":"2026-10-01T19:33:45.132Z",":updated_at":"2026-10-01T19:33:45.132Z","lpid":"760795","planname":"TUC","type_code":"70","type_dscrn":"TUC","stage_code":"1","stage_dscrn":"Registered","created_dt":"2017-04-18T14:52:15.000Z","modified_attribute_dt":"2025-11-25T07:45:19.000Z","modified_geometry_dt":"2025-11-25T07:45:19.000Z"}},
{"type":"Feature","geometry":{"type":"MultiPolygon","coordinates":[[[[-114.141392,51.0102732],[-114.141455,51.0100254],[-114.1414632,51.0098433],[-114.1414682,51.0098094],[-114.1414782,51.0097759],[-114.1414931,51.0097432],[-114.1415127,51.0097115],[-114.1415369,51.009681],[-114.1415655,51.0096521],[-114.1415982,51.009625],[-114.1416348,51.0095999],[-114.1416647,51.0095817],[-114.1416966,51.0095649],[-114.1417304,51.0095497],[-114.1417658,51.0095359],[-114.1418027,51.0095239],[-114.1418409,51.0095135],[-114.1418801,51.0095048],[-114.1419203,51.009498],[-114.141922,51.0094977],[-114.1419199,51.0089746],[-114.1419226,51.0087923],[-114.1413079,51.0087897],[-114.1413021,51.0089736],[-114.141298,51.010835],[-114.1413714,51.0108349],[-114.1413716,51.0107273],[-114.141392,51.0102732]]]]},"properties":{":id":"row-qbbt_kgfx~kbeh",":version":"rv-ggpy.w389-e235",":created_at":"2026-10-01T19:33:45.132Z",":updated_at":"2026-10-01T19:33:45.132Z","lpid":"760811","planname":"TUC","type_code":"70","type_dscrn":"TUC","stage_code":"1","stage_dscrn":"Registered","created_dt":"2017-04-19T11:07:17.000Z","modified_attribute_dt":"2025-11-25T07:45:19.000Z","modified_geometry_dt":"2025-11-25T07:45:19.000Z"}},
{"type":"Feature","geometry":{"type":"MultiPolygon","coordinates":[[[[-114.1642841,51.0088183],[-114.1598772,51.0088247],[-114.1598774,51.0090092],[-114.1600016,51.0090125],[-114.1601255,51.0090185],[-114.1602489,51.0090273],[-114.1603718,51.0090388],[-114.1605173,51.0090569],[-114.1606614,51.0090788],[-114.1607447,51.0090934],[-114.1608273,51.0091092],[-114.1609094,51.0091263],[-114.1609907,51.0091447],[-114.1610713,51.0091643],[-114.1611511,51.0091851],[-114.1612301,51.0092072],[-114.1613083,51.0092304],[-114.1613855,51.0092548],[-114.1614617,51.0092804],[-114.1615369,51.0093072],[-114.1616111,51.0093351],[-114.1616841,51.0093642],[-114.161756,51.0093943],[-114.1618268,51.0094256],[-114.1618963,51.0094579],[-114.1619871,51.0095027],[-114.1620587,51.0095402],[-114.1621288,51.0095788],[-114.1621972,51.0096187],[-114.162264,51.0096596],[-114.1632335,51.0102699],[-114.1633023,51.0103146],[-114.1633692,51.0103605],[-114.163434,51.0104075],[-114.1634968,51.0104556],[-114.1635629,51.0105094],[-114.1636265,51.0105644],[-114.1636892,51.0106221],[-114.163749,51.010681],[-114.1637908,51.0107253],[-114.163831,51.0107701],[-114.163843,51.0107838],[-114.1638837,51.0108322],[-114.1639225,51.0108811],[-114.1639594,51.0109307],[-114.1639944,51.0109808],[-114.1640522,51.011072],[-114.1641037,51.0111647],[-114.1641441,51.0112488],[-114.1641793,51.0113339],[-114.1642092,51.0114197],[-114.1642338,51.0115062],[-114.1642529,51.0115933],[-114.1642667,51.0116807],[-114.164275,51.0117684],[-114.1642778,51.0118563],[-114.1642841,51.0088183]]]]},"properties":{":id":"row-8v87-tyjv_vvsy",":version":"rv-3fcq.4r5q_p88m",":created_at":"2026-10-01T19:33:45.132Z",":updated_at":"2026-10-01T19:33:45.132Z","lpid":"760799","planname":"TUC","type_code":"70","type_dscrn":"TUC","stage_code":"1","stage_dscrn":"Registered","created_dt":"2017-04-18T15:29:11.000Z","modified_attribute_dt":"2025-11-25T07:45:19.000Z","modified_geometry_dt":"2025-11-25T07:45:19.000Z"}},
{"type":"Feature","geometry":{"type":"MultiPolygon","coordinates":[[[[-114.1595881,51.008823],[-114.1595901,51.0090066],[-114.1597607,51.0090077],[-114.1598774,51.0090092],[-114.1598772,51.0088247],[-114.1595881,51.008823]]]]},"properties":{":id":"row-tcn4.hcck~7bbj",":version":"rv-rp86.cxkh~68gg",":created_at":"2026-10-01T19:33:45.132Z",":updated_at":"2026-10-01T19:33:45.132Z","lpid":"760800","planname":"TUC","type_code":"70","type_dscrn":"TUC","stage_code":"1","stage_dscrn":"Registered","created_dt":"2017-04-18T15:29:38.000Z","modified_attribute_dt":"2025-11-25T07:45:19.000Z","modified_geometry_dt":"2025-11-25T07:45:19.000Z"}},
{"type":"Feature","geometry":{"type":"MultiPolygon","coordinates":[[[[-114.1429581,51.0093496],[-114.1420088,51.0094863],[-114.1420089,51.0096001],[-114.141922,51.0096001],[-114.141922,51.0094977],[-114.1419203,51.009498],[-114.1418801,51.0095048],[-114.1418409,51.0095135],[-114.1418027,51.0095239],[-114.1417658,51.0095359],[-114.1417304,51.0095497],[-114.1416966,51.0095649],[-114.1416647,51.0095817],[-114.1416348,51.0095999],[-114.1415982,51.009625],[-114.1415655,51.0096521],[-114.1415369,51.009681],[-114.1415127,51.0097115],[-114.1414931,51.0097432],[-114.1414782,51.0097759],[-114.1414682,51.0098094],[-114.1414632,51.0098433],[-114.141455,51.0100254],[-114.141392,51.0102732],[-114.1413716,51.0107273],[-114.1413714,51.0108349],[-114.1414925,51.0108383],[-114.1415347,51.0102745],[-114.1429581,51.0093496]]]]},"properties":{":id":"row-65v6-ye6q.aeyx",":version":"rv-ijyw.qjtp~fiiv",":created_at":"2026-10-01T19:33:45.132Z",":updated_at":"2026-10-01T19:33:45.132Z","lpid":"760809","planname":"TUC","type_code":"70","type_dscrn":"TUC","stage_code":"1","stage_dscrn":"Registered","created_dt":"2017-04-18T15:36:09.000Z","modified_attribute_dt":"2025-11-25T07:45:19.000Z","modified_geometry_dt":"2025-11-25T07:45:19.000Z"}},
{"type":"Feature","geometry":{"type":"MultiPolygon","coordinates":[[[[-114.1760557,51.0088375],[-114.1703099,51.0088322],[-114.1703102,51.0097189],[-114.1703104,51.0100297],[-114.1706498,51.0100165],[-114.1709895,51.0100055],[-114.1713293,51.0099965],[-114.1716692,51.0099895],[-114.1720092,51.0099847],[-114.1723493,51.0099819],[-114.1726894,51.0099813],[-114.1730295,51.0099826],[-114.1730912,51.009983],[-114.1733552,51.0099858],[-114.1736192,51.0099898],[-114.1738831,51.0099951],[-114.174147,51.0100017],[-114.1744681,51.0100114],[-114.1747891,51.010023],[-114.1748799,51.0100264],[-114.1750084,51.0100318],[-114.1752825,51.0100442],[-114.1755565,51.010058],[-114.175807,51.0100717],[-114.1760574,51.0100866],[-114.1760557,51.0088375]]]]},"properties":{":id":"row-d7qj_iuka.hnwf",":version":"rv-3n3m~mq4z~vz48",":created_at":"2026-10-01T19:33:45.132Z",":updated_at":"2026-10-01T19:33:45.132Z","lpid":"760815","planname":"TUC","type_code":"70","type_dscrn":"TUC","stage_code":"1","stage_dscrn":"Registered","created_dt":"2017-04-19T11:17:35.000Z","modified_attribute_dt":"2025-11-25T07:45:19.000Z","modified_geometry_dt":"2025-11-25T07:45:19.000Z"}},
{"type":"Feature","geometry":{"type":"MultiPolygon","coordinates":[[[[-114.1733417,51.0101782],[-114.1733375,51.0104426],[-114.1733348,51.010619],[-114.1733347,51.0106205],[-114.1740998,51.0106545],[-114.1741485,51.0105212],[-114.174147,51.0100017],[-114.1738831,51.0099951],[-114.1736192,51.0099898],[-114.1733552,51.0099858],[-114.1730912,51.009983],[-114.1730295,51.0099826],[-114.1733417,51.0101782]]]]},"properties":{":id":"row-3k6b_mcvb_2ih3",":version":"rv-yakm~crsg_5n83",":created_at":"2026-10-01T19:33:45.132Z",":updated_at":"2026-10-01T19:33:45.132Z","lpid":"760817","planname":"TUC","type_code":"70","type_dscrn":"TUC","stage_code":"1","stage_dscrn":"Registered","created_dt":"2017-04-19T11:18:21.000Z","modified_attribute_dt":"2025-11-25T07:45:19.000Z","modified_geometry_dt":"2025-11-25T07:45:19.000Z"}},
{"type":"Feature","geometry":{"type":"MultiPolygon","coordinates":[[[[-114.1650146,51.0107447],[-114.1651291,51.011107],[-114.1651291,51.012448],[-114.1665284,51.0124474],[-114.1662496,51.0109965],[-114.1662414,51.0109539],[-114.1662494,51.0098598],[-114.1667756,51.0098606],[-114.1667779,51.0098606],[-114.1680465,51.0100155],[-114.1681414,51.010027],[-114.1694239,51.0100286],[-114.1697039,51.0100289],[-114.1703104,51.0100297],[-114.1703102,51.0097189],[-114.1703099,51.0088322],[-114.1688913,51.008831],[-114.1688916,51.0090116],[-114.1681908,51.0090109],[-114.1680552,51.0090273],[-114.1679205,51.0090465],[-114.167787,51.0090686],[-114.1676548,51.0090935],[-114.1675239,51.0091213],[-114.1673947,51.0091518],[-114.1672671,51.009185],[-114.1671414,51.009221],[-114.1670177,51.0092596],[-114.1668962,51.0093008],[-114.166777,51.0093446],[-114.1666602,51.0093909],[-114.1665459,51.0094396],[-114.1664343,51.0094908],[-114.1663256,51.0095443],[-114.1662198,51.0096001],[-114.1661171,51.0096582],[-114.1660175,51.0097183],[-114.1659212,51.0097806],[-114.1658284,51.0098449],[-114.1657391,51.0099111],[-114.1656534,51.0099792],[-114.1655714,51.0100491],[-114.1654932,51.0101207],[-114.1654189,51.0101939],[-114.1653486,51.0102687],[-114.1652823,51.0103449],[-114.1652202,51.0104225],[-114.1651623,51.0105013],[-114.1651087,51.0105814],[-114.1650595,51.0106625],[-114.1650146,51.0107447]]]]},"properties":{":id":"row-9jxa-4k54.ug45",":version":"rv-ywse-86mj-yi79",":created_at":"2026-10-01T19:33:45.132Z",":updated_at":"2026-10-01T19:33:45.132Z","lpid":"760818","planname":"TUC","type_code":"70","type_dscrn":"TUC","stage_code":"1","stage_dscrn":"Registered","created_dt":"2017-04-19T11:19:38.000Z","modified_attribute_dt":"2025-11-25T07:45:19.000Z","modified_geometry_dt":"2025-11-25T07:45:19.000Z"}},
{"type":"Feature","geometry":{"type":"MultiPolygon","coordinates":[[[[-114.1688913,51.008831],[-114.1645708,51.0088191],[-114.1645676,51.0124474],[-114.1645649,51.0156285],[-114.166762,51.0156259],[-114.1667678,51.0155316],[-114.166841,51.0143417],[-114.1667907,51.014037],[-114.1667863,51.01401],[-114.1667343,51.0136953],[-114.1667299,51.0136684],[-114.1666688,51.0132984],[-114.1665759,51.0127352],[-114.1665655,51.012672],[-114.1665448,51.0125464],[-114.1665374,51.0125014],[-114.1665284,51.0124474],[-114.1651293,51.012448],[-114.1651291,51.011107],[-114.1650146,51.0107447],[-114.1650595,51.0106625],[-114.1651087,51.0105814],[-114.1651623,51.0105013],[-114.1652202,51.0104225],[-114.1652823,51.0103449],[-114.1653486,51.0102687],[-114.1654189,51.0101939],[-114.1654932,51.0101207],[-114.1655714,51.0100491],[-114.1656534,51.0099792],[-114.1657391,51.0099111],[-114.1658284,51.0098449],[-114.1659212,51.0097806],[-114.1660175,51.0097183],[-114.1661171,51.0096582],[-114.1662198,51.0096001],[-114.1663256,51.0095443],[-114.1664343,51.0094908],[-114.1665459,51.0094396],[-114.1666602,51.0093909],[-114.166777,51.0093446],[-114.1668962,51.0093008],[-114.1670177,51.0092596],[-114.1671414,51.009221],[-114.1672671,51.009185],[-114.1673947,51.0091518],[-114.1675239,51.0091213],[-114.1676548,51.0090935],[-114.167787,51.0090686],[-114.1679205,51.0090465],[-114.1680552,51.0090273],[-114.1681908,51.0090109],[-114.1688916,51.0090116],[-114.1688913,51.008831]]]]},"properties":{":id":"row-hbut_ctbj~6rwy",":version":"rv-dd7b~7nmz~9nc7",":created_at":"2026-10-01T19:33:45.132Z",":updated_at":"2026-10-01T19:33:45.132Z","lpid":"760819","planname":"TUC","type_code":"70","type_dscrn":"TUC","stage_code":"1","stage_dscrn":"Registered","created_dt":"2017-04-19T11:20:03.000Z","modified_attribute_dt":"2025-11-25T07:45:19.000Z","modified_geometry_dt":"2025-11-25T07:45:19.000Z"}},
{"type":"Feature","geometry":{"type":"MultiPolygon","coordinates":[[[[-114.1741485,51.0105212],[-114.174265,51.0102042],[-114.1748799,51.0100264],[-114.1747891,51.010023],[-114.1744681,51.0100114],[-114.174147,51.0100017],[-114.1741485,51.0105212]]]]},"properties":{":id":"row-2f72.ccrb_vk5q",":version":"rv-edin-58g8_29ee",":created_at":"2026-10-01T19:33:45.132Z",":updated_at":"2026-10-01T19:33:45.132Z","lpid":"761323","planname":"TUC","type_code":"70","type_dscrn":"TUC","stage_code":"1","stage_dscrn":"Registered","created_dt":"2017-04-21T07:50:06.000Z","modified_attribute_dt":"2025-11-25T07:45:19.000Z","modified_geometry_dt":"2025-11-25T07:45:19.000Z"}},
{"type":"Feature","geometry":{"type":"MultiPolygon","coordinates":[[[[-114.1783035,51.0102723],[-114.1785962,51.0103043],[-114.1789842,51.0103498],[-114.1793646,51.0103978],[-114.1797439,51.0104491],[-114.180122,51.0105037],[-114.1804989,51.0105616],[-114.1808256,51.0106149],[-114.1811511,51.0106706],[-114.1814756,51.0107288],[-114.181799,51.0107895],[-114.1819889,51.0108262],[-114.1824083,51.0109108],[-114.1828256,51.0109995],[-114.1831622,51.0110745],[-114.1834974,51.0111522],[-114.1838309,51.0112326],[-114.1841628,51.0113157],[-114.1845089,51.0114056],[-114.1848531,51.0114984],[-114.1851432,51.0115793],[-114.1853833,51.0116482],[-114.1856223,51.0117185],[-114.1858602,51.0117902],[-114.186097,51.0118633],[-114.1864519,51.0119761],[-114.1868043,51.0120922],[-114.1869657,51.0121467],[-114.1872032,51.0122284],[-114.1874395,51.0123116],[-114.1875838,51.0123634],[-114.187587,51.0099568],[-114.1875676,51.0099434],[-114.1859737,51.0088492],[-114.1829476,51.0088457],[-114.1760557,51.0088375],[-114.1760574,51.0100866],[-114.1760715,51.0100875],[-114.1762948,51.0101018],[-114.1767761,51.0101357],[-114.1771052,51.0101614],[-114.1774656,51.0101917],[-114.1777574,51.0102181],[-114.1778024,51.0102223],[-114.177846,51.0102264],[-114.1780749,51.0102488],[-114.1783035,51.0102723]]]]},"properties":{":id":"row-axpb-szt7-ejb6",":version":"rv-8mn3_yfsv.bt6p",":created_at":"2026-10-01T19:33:45.132Z",":updated_at":"2026-10-01T19:33:45.132Z","lpid":"760813","planname":"TUC","type_code":"70","type_dscrn":"TUC","stage_code":"1","stage_dscrn":"Registered","created_dt":"2017-04-19T11:16:47.000Z","modified_attribute_dt":"2025-12-04T17:49:21.000Z","modified_geometry_dt":"2025-12-04T17:49:21.000Z"}},
{"type":"Feature","geometry":{"type":"MultiPolygon","coordinates":[[[[-114.1760556,51.0086568],[-114.1760557,51.0088375],[-114.1829476,51.0088457],[-114.1859737,51.0088492],[-114.1859078,51.0088041],[-114.1857094,51.0086682],[-114.1760556,51.0086568]]]]},"properties":{":id":"row-pikt-7xim_r454",":version":"rv-vk2y_uept_usjn",":created_at":"2026-10-01T19:33:45.132Z",":updated_at":"2026-10-01T19:33:45.132Z","lpid":"760814","planname":"TUC","type_code":"70","type_dscrn":"TUC","stage_code":"1","stage_dscrn":"Registered","created_dt":"2017-04-19T11:17:08.000Z","modified_attribute_dt":"2025-12-04T17:49:21.000Z","modified_geometry_dt":"2025-12-04T17:49:21.000Z"}},
{"type":"Feature","geometry":{"type":"MultiPolygon","coordinates":[[[[-114.1878718,51.0122718],[-114.1878719,51.0120162],[-114.1878719,51.0118036],[-114.1878721,51.010964],[-114.1878722,51.0103061],[-114.1878736,51.0102436],[-114.1878736,51.010193],[-114.1878726,51.0101533],[-114.1876387,51.0099924],[-114.187587,51.0099568],[-114.1875838,51.0123634],[-114.1876077,51.012371],[-114.1876506,51.0123846],[-114.1878702,51.0124545],[-114.187872,51.0123048],[-114.1878718,51.0122718]]]]},"properties":{":id":"row-sajb_vefw_zbhb",":version":"rv-59w6-qq4x_agbd",":created_at":"2026-10-01T19:33:45.132Z",":updated_at":"2026-10-01T19:33:45.132Z","lpid":"760812","planname":"TUC","type_code":"70","type_dscrn":"TUC","stage_code":"1","stage_dscrn":"Registered","created_dt":"2017-04-19T11:16:26.000Z","modified_attribute_dt":"2025-12-04T17:49:21.000Z","modified_geometry_dt":"2025-12-04T17:49:21.000Z"}},
{"type":"Feature","geometry":{"type":"MultiPolygon","coordinates":[[[[-114.1097526,51.1540716],[-114.1096125,51.1540717],[-114.1094725,51.1540719],[-114.1093324,51.154072],[-114.1091923,51.1540721],[-114.1090523,51.1540722],[-114.1088396,51.1540724],[-114.1088138,51.1540724],[-114.1085914,51.1540726],[-114.1082698,51.1540728],[-114.1082341,51.1540729],[-114.1080115,51.154073],[-114.1079436,51.154073],[-114.1078498,51.1540733],[-114.1066543,51.1536885],[-114.1064663,51.1535992],[-114.1062836,51.1537509],[-114.1062835,51.1539326],[-114.1067233,51.1540741],[-114.1066137,51.1540742],[-114.106316,51.1540742],[-114.1062865,51.1540742],[-114.1062861,51.1540968],[-114.1062847,51.1541777],[-114.1062834,51.1542553],[-114.1062833,51.1544004],[-114.1062827,51.1550148],[-114.1066172,51.1552471],[-114.1067138,51.1553142],[-114.1069423,51.155473],[-114.1072736,51.1557031],[-114.1073789,51.1557763],[-114.1077984,51.156068],[-114.1078267,51.1560874],[-114.1085464,51.1565878],[-114.1085865,51.1566156],[-114.1085866,51.1566155],[-114.1086506,51.1566617],[-114.1087119,51.1567092],[-114.1087705,51.1567581],[-114.1088262,51.1568082],[-114.1088791,51.1568596],[-114.108929,51.1569121],[-114.1089758,51.1569657],[-114.1090196,51.1570203],[-114.1090603,51.1570759],[-114.1090977,51.1571323],[-114.109132,51.1571896],[-114.1091629,51.1572475],[-114.1091905,51.1573062],[-114.1092148,51.1573654],[-114.1092357,51.1574251],[-114.1092531,51.1574852],[-114.1092672,51.1575457],[-114.1092777,51.1576065],[-114.1092848,51.1576675],[-114.1092885,51.1577286],[-114.1092886,51.1577897],[-114.1092853,51.1578508],[-114.1092785,51.1579118],[-114.1092682,51.1579726],[-114.1092545,51.1580331],[-114.1092373,51.1580933],[-114.1092167,51.158153],[-114.1091927,51.1582123],[-114.1091654,51.158271],[-114.1091347,51.158329],[-114.1091008,51.1583863],[-114.1090636,51.1584428],[-114.1082579,51.1596085],[-114.1082209,51.1596619],[-114.1081514,51.1597624],[-114.108082,51.1598629],[-114.1080125,51.1599634],[-114.107943,51.1600639],[-114.1078735,51.1601644],[-114.1078232,51.1602371],[-114.1078013,51.1602688],[-114.107714,51.160395],[-114.1076245,51.1605246],[-114.1075304,51.1606605],[-114.1074294,51.1608067],[-114.1073288,51.1609522],[-114.1073208,51.1609637],[-114.1073129,51.1609752],[-114.1072358,51.1610867],[-114.1070926,51.1612935],[-114.1070836,51.1613068],[-114.1070654,51.1613331],[-114.1070471,51.1613594],[-114.1070378,51.1613721],[-114.1070376,51.1613722],[-114.1069651,51.161477],[-114.1069585,51.1614876],[-114.1118655,51.1614812],[-114.1118789,51.1614704],[-114.1120422,51.1613382],[-114.11218,51.1612266],[-114.11231,51.1611213],[-114.1123809,51.1610639],[-114.1124688,51.1610247],[-114.1126978,51.1609227],[-114.1127012,51.1609212],[-114.1127114,51.1609167],[-114.1127258,51.1609103],[-114.1127471,51.1609007],[-114.1130625,51.1607603],[-114.1132829,51.1606621],[-114.1134801,51.1605742],[-114.1137102,51.1604717],[-114.1138799,51.160396],[-114.1145953,51.1600767],[-114.1157456,51.1599312],[-114.1177669,51.1596756],[-114.1177742,51.1596746],[-114.1178098,51.1596701],[-114.1180975,51.1596339],[-114.1180974,51.1595387],[-114.118097,51.1589972],[-114.118097,51.1588881],[-114.1180971,51.1585585],[-114.1180962,51.1575046],[-114.1180949,51.1555052],[-114.1180943,51.1550936],[-114.1180935,51.1550431],[-114.1180945,51.1549501],[-114.1180944,51.1549112],[-114.1180945,51.1547507],[-114.1180947,51.154401],[-114.1180948,51.1543121],[-114.1180944,51.1542455],[-114.118094,51.1540646],[-114.1178064,51.1540649],[-114.117545,51.1540651],[-114.1173033,51.1540652],[-114.1170725,51.1540655],[-114.1169536,51.1540656],[-114.1168479,51.1540657],[-114.1167918,51.1540657],[-114.1167394,51.1540657],[-114.1165135,51.1540659],[-114.1164135,51.154066],[-114.1154936,51.1540668],[-114.115345,51.1540669],[-114.1151963,51.154067],[-114.1150563,51.1540672],[-114.1149076,51.1540673],[-114.1147676,51.1540674],[-114.1146189,51.1540675],[-114.1144789,51.1540677],[-114.1143303,51.1540678],[-114.1141902,51.1540679],[-114.1140416,51.154068],[-114.1139015,51.1540682],[-114.1137529,51.1540683],[-114.1136128,51.1540684],[-114.1134728,51.1540685],[-114.1133327,51.1540686],[-114.1131841,51.1540688],[-114.113044,51.1540689],[-114.112904,51.154069],[-114.1127553,51.1540691],[-114.1126153,51.1540692],[-114.1124752,51.1540694],[-114.1123266,51.1540695],[-114.1121865,51.1540696],[-114.1120465,51.1540697],[-114.1118978,51.1540698],[-114.1117194,51.15407],[-114.1114904,51.1540702],[-114.1111963,51.1540704],[-114.1107664,51.1540707],[-114.1107492,51.1540708],[-114.1107135,51.1540708],[-114.1103419,51.1540712],[-114.1100918,51.1540714],[-114.1098926,51.1540715],[-114.1097526,51.1540716]]]]},"properties":{":id":"row-zp7j~k3fv_e7iv",":version":"rv-ecgy_inq6-jqgi",":created_at":"2026-10-01T19:33:45.132Z",":updated_at":"2026-10-01T19:33:45.132Z","lpid":"736492","planname":"TUC","type_code":"70","type_dscrn":"TUC","stage_code":"1","stage_dscrn":"Registered","created_dt":null,"modified_attribute_dt":"2025-12-04T17:01:27.000Z","modified_geometry_dt":"2025-12-04T17:01:27.000Z"}},
{"type":"Feature","geometry":{"type":"MultiPolygon","coordinates":[[[[-114.1645635,51.0086459],[-114.1645708,51.0088191],[-114.1688913,51.008831],[-114.1703099,51.0088322],[-114.1760557,51.0088375],[-114.1760556,51.0086568],[-114.175769,51.0086566],[-114.1703106,51.0086515],[-114.1655583,51.0086469],[-114.1645635,51.0086459]]]]},"properties":{":id":"row-9n5e.asgx~euhz",":version":"rv-kdyz.2zcx_vn6n",":created_at":"2026-10-01T19:33:45.132Z",":updated_at":"2026-10-01T19:33:45.132Z","lpid":"760816","planname":"TUC","type_code":"70","type_dscrn":"TUC","stage_code":"1","stage_dscrn":"Registered","created_dt":"2017-04-19T11:17:52.000Z","modified_attribute_dt":"2023-03-20T15:59:30.000Z","modified_geometry_dt":"2023-03-20T15:59:30.000Z"}},
{"type":"Feature","geometry":{"type":"MultiPolygon","coordinates":[[[[-114.1412954,50.9599126],[-114.1412953,50.9590558],[-114.1412952,50.957886],[-114.1412952,50.9577956],[-114.1410088,50.957795],[-114.1410088,50.9578854],[-114.141009,50.9591838],[-114.141009,50.9594625],[-114.1412954,50.9599126]]]]},"properties":{":id":"row-fj8h~85wd~b4z8",":version":"rv-5di2_tsy5_stdq",":created_at":"2026-10-01T19:33:45.132Z",":updated_at":"2026-10-01T19:33:45.132Z","lpid":"760742","planname":"TUC","type_code":"70","type_dscrn":"TUC","stage_code":"1","stage_dscrn":"Registered","created_dt":"2017-04-18T14:13:14.000Z","modified_attribute_dt":"2023-03-20T15:59:30.000Z","modified_geometry_dt":"2023-03-20T15:59:30.000Z"}},
{"type":"Feature","geometry":{"type":"MultiPolygon","coordinates":[[[[-114.0243626,50.8921031],[-114.0239886,50.8921025],[-114.0243624,50.8921311],[-114.0243626,50.8921031]]]]},"properties":{":id":"row-s2pk-jtie.c8b7",":version":"rv-r36m_c3mu~afdm",":created_at":"2026-10-01T19:33:45.132Z",":updated_at":"2026-10-01T19:33:45.132Z","lpid":"591703","planname":"TUC","type_code":"70","type_dscrn":"TUC","stage_code":"1","stage_dscrn":"Registered","created_dt":null,"modified_attribute_dt":null,"modified_geometry_dt":null}},
{"type":"Feature","geometry":{"type":"MultiPolygon","coordinates":[[[[-114.1382884,50.923301],[-114.1380501,50.9233012],[-114.1380067,50.9233014],[-114.1380079,50.9237261],[-114.1380514,50.9237259],[-114.1382896,50.9237257],[-114.1382884,50.923301]]]]},"properties":{":id":"row-u9yx_hr2g.k897",":version":"rv-4u7z-s7g7.debt",":created_at":"2026-10-01T19:33:45.132Z",":updated_at":"2026-10-01T19:33:45.132Z","lpid":"760736","planname":"TUC","type_code":"70","type_dscrn":"TUC","stage_code":"1","stage_dscrn":"Registered","created_dt":"2017-04-18T14:00:10.000Z","modified_attribute_dt":"2017-04-18T14:29:22.000Z","modified_geometry_dt":"2017-04-18T14:29:22.000Z"}},
{"type":"Feature","geometry":{"type":"MultiPolygon","coordinates":[[[[-114.1400111,50.9577928],[-114.1400111,50.957834],[-114.1400415,50.957834],[-114.1402961,50.9578346],[-114.1404453,50.957835],[-114.1404449,50.957871],[-114.1404453,50.9578841],[-114.1404453,50.9585764],[-114.141009,50.9594625],[-114.141009,50.9591838],[-114.1410088,50.9578854],[-114.1410088,50.957795],[-114.1400111,50.9577928]]]]},"properties":{":id":"row-9595.39dh~f65r",":version":"rv-pmuv.4cyx.te84",":created_at":"2026-10-01T19:33:45.132Z",":updated_at":"2026-10-01T19:33:45.132Z","lpid":"760745","planname":"TUC","type_code":"70","type_dscrn":"TUC","stage_code":"1","stage_dscrn":"Registered","created_dt":"2017-04-18T14:13:42.000Z","modified_attribute_dt":"2017-04-18T14:29:22.000Z","modified_geometry_dt":"2017-04-18T14:29:22.000Z"}},
{"type":"Feature","geometry":{"type":"MultiPolygon","coordinates":[[[[-114.1396903,50.9339471],[-114.1390662,50.9336284],[-114.1390583,50.9336549],[-114.138953,50.934008],[-114.1389451,50.9340345],[-114.1388878,50.9342265],[-114.1388325,50.934412],[-114.1387771,50.9345975],[-114.1387257,50.9347697],[-114.1386743,50.9349419],[-114.1386229,50.9351142],[-114.1385716,50.9352864],[-114.1384414,50.9355146],[-114.1382902,50.9357799],[-114.1381281,50.9357931],[-114.1376973,50.9358282],[-114.1373535,50.9358561],[-114.1369391,50.9358898],[-114.1369314,50.9358905],[-114.1369316,50.9359169],[-114.1409998,50.9359152],[-114.1409989,50.9341049],[-114.1396903,50.9339471]]]]},"properties":{":id":"row-ct58_sq7t-x6xm",":version":"rv-jwbk-sfun.g596",":created_at":"2026-10-01T19:33:45.132Z",":updated_at":"2026-10-01T19:33:45.132Z","lpid":"760747","planname":"TUC","type_code":"70","type_dscrn":"TUC","stage_code":"1","stage_dscrn":"Registered","created_dt":"2017-04-18T13:54:07.000Z","modified_attribute_dt":"2017-04-18T14:29:22.000Z","modified_geometry_dt":"2017-04-18T14:29:22.000Z"}},
{"type":"Feature","geometry":{"type":"MultiPolygon","coordinates":[[[[-114.139681,50.9285009],[-114.1388993,50.9281934],[-114.1388992,50.928682],[-114.1388992,50.9291105],[-114.1388993,50.9292016],[-114.1388997,50.9314899],[-114.1388999,50.9323276],[-114.1389001,50.9335436],[-114.1390662,50.9336284],[-114.1396903,50.9339471],[-114.1409989,50.9341049],[-114.1409975,50.9304013],[-114.1398065,50.9286824],[-114.139681,50.9285009]]]]},"properties":{":id":"row-m68r.v4yn.kw57",":version":"rv-6ppt~d2yu.6dri",":created_at":"2026-10-01T19:33:45.132Z",":updated_at":"2026-10-01T19:33:45.132Z","lpid":"760752","planname":"TUC","type_code":"70","type_dscrn":"TUC","stage_code":"1","stage_dscrn":"Registered","created_dt":"2017-04-18T13:55:19.000Z","modified_attribute_dt":"2017-04-18T14:29:23.000Z","modified_geometry_dt":"2017-04-18T14:29:23.000Z"}},
{"type":"Feature","geometry":{"type":"MultiPolygon","coordinates":[[[[-113.9292194,50.9732892],[-113.9293096,50.973343],[-113.9293355,50.9733585],[-113.9293775,50.9733835],[-113.9295135,50.9734906],[-113.9295348,50.9735103],[-113.9295327,50.9727311],[-113.9285236,50.9731355],[-113.9285866,50.9731848],[-113.9286573,50.9732398],[-113.9286704,50.9732572],[-113.9287541,50.973369],[-113.9288522,50.9734054],[-113.9289346,50.9733793],[-113.9291299,50.9733175],[-113.9292194,50.9732892]]]]},"properties":{":id":"row-nqq2_fj3g_3rny",":version":"rv-zkhy-78nx.ginv",":created_at":"2026-10-01T19:33:45.132Z",":updated_at":"2026-10-01T19:33:45.132Z","lpid":"760843","planname":"TUC","type_code":"70","type_dscrn":"TUC","stage_code":"1","stage_dscrn":"Registered","created_dt":"2017-04-19T14:11:21.000Z","modified_attribute_dt":"2024-02-23T11:31:52.000Z","modified_geometry_dt":"2024-02-23T11:31:52.000Z"}},
{"type":"Feature","geometry":{"type":"MultiPolygon","coordinates":[[[[-113.9293006,50.9249044],[-113.9286596,50.9251325],[-113.9286167,50.9251476],[-113.9235766,50.9251524],[-113.9235767,50.9252423],[-113.9235769,50.9254222],[-113.9235818,50.9287764],[-113.9291689,50.9287764],[-113.9293117,50.9287761],[-113.9293053,50.9271361],[-113.929306,50.9270567],[-113.9293075,50.9269251],[-113.9293078,50.9268757],[-113.9293048,50.9266245],[-113.9293047,50.9265705],[-113.9293046,50.9265157],[-113.9293044,50.9264608],[-113.9293043,50.926406],[-113.9293041,50.9263377],[-113.9293041,50.9263326],[-113.9293041,50.9263198],[-113.9293041,50.9263194],[-113.9293039,50.9262677],[-113.9293038,50.9262024],[-113.9293037,50.9261503],[-113.9293035,50.9260983],[-113.9293034,50.9260463],[-113.9293033,50.9259942],[-113.9293031,50.9259421],[-113.929303,50.9258765],[-113.9293028,50.925811],[-113.9293027,50.9257589],[-113.9293025,50.9257069],[-113.9293024,50.9256548],[-113.9293023,50.9256027],[-113.9293021,50.9255372],[-113.9293019,50.9254716],[-113.9293018,50.9254196],[-113.9293017,50.9253675],[-113.9293015,50.9253155],[-113.9293014,50.9252634],[-113.9293013,50.9252113],[-113.9293011,50.9251471],[-113.9293011,50.9251197],[-113.9293008,50.9250114],[-113.9293007,50.9249522],[-113.9293007,50.924952],[-113.9293007,50.9249492],[-113.9293006,50.9249044]]]]},"properties":{":id":"row-q787.s3gd.nget",":version":"rv-jt2h~e6tc.7hd4",":created_at":"2026-10-01T19:33:45.132Z",":updated_at":"2026-10-01T19:33:45.132Z","lpid":"591751","planname":"TUC","type_code":"70","type_dscrn":"TUC","stage_code":"1","stage_dscrn":"Registered","created_dt":null,"modified_attribute_dt":"2020-10-21T13:43:09.000Z","modified_geometry_dt":"2020-10-21T13:43:09.000Z"}},
{"type":"Feature","geometry":{"type":"MultiPolygon","coordinates":[[[[-114.108226,51.1689237],[-114.1083124,51.1688682],[-114.1083119,51.1688602],[-114.1083029,51.1687453],[-114.1083012,51.1687235],[-114.1062738,51.1687266],[-114.1062733,51.1690482],[-114.1062717,51.1701796],[-114.1063406,51.1701354],[-114.1064446,51.1700685],[-114.1065485,51.1700017],[-114.1066525,51.1699349],[-114.1067564,51.1698681],[-114.1068544,51.1698052],[-114.1069523,51.1697422],[-114.1070503,51.1696793],[-114.1071482,51.1696163],[-114.1072522,51.1695495],[-114.1073562,51.1694827],[-114.1074602,51.1694159],[-114.1075641,51.1693491],[-114.1076681,51.1692823],[-114.1077661,51.1692193],[-114.107864,51.1691563],[-114.107962,51.1690934],[-114.1080487,51.1690377],[-114.1080629,51.1690288],[-114.1081383,51.1689801],[-114.108226,51.1689237]]]]},"properties":{":id":"row-uiip_8byp~mrg5",":version":"rv-95xy_zvnw~895f",":created_at":"2026-10-01T19:33:45.132Z",":updated_at":"2026-10-01T19:33:45.132Z","lpid":"736495","planname":"TUC","type_code":"70","type_dscrn":"TUC","stage_code":"1","stage_dscrn":"Registered","created_dt":null,"modified_attribute_dt":"2021-12-21T09:18:07.000Z","modified_geometry_dt":"2021-12-21T09:18:07.000Z"}},
{"type":"Feature","geometry":{"type":"MultiPolygon","coordinates":[[[[-114.1197543,50.8893566],[-114.1214656,50.8893628],[-114.1241639,50.8901106],[-114.1243142,50.890015],[-114.1265345,50.8898763],[-114.1267633,50.8898614],[-114.1272736,50.8898294],[-114.1274434,50.8898187],[-114.1264739,50.8896087],[-114.1217835,50.8885933],[-114.1185203,50.8878867],[-114.1181015,50.8877954],[-114.1181977,50.8878866],[-114.1197543,50.8893566]]]]},"properties":{":id":"row-nbbw-fkqx.wns3",":version":"rv-uf2m_da34~raup",":created_at":"2026-10-01T19:33:45.132Z",":updated_at":"2026-10-01T19:33:45.132Z","lpid":"760670","planname":"TUC","type_code":"70","type_dscrn":"TUC","stage_code":"1","stage_dscrn":"Registered","created_dt":"2017-04-17T08:17:39.000Z","modified_attribute_dt":"2022-12-14T07:50:03.000Z","modified_geometry_dt":"2022-12-14T07:50:03.000Z"}},
{"type":"Feature","geometry":{"type":"MultiPolygon","coordinates":[[[[-113.9921254,50.8986303],[-113.9922848,50.8986882],[-113.9922505,50.8986084],[-113.9921254,50.8986303]]]]},"properties":{":id":"row-hr4c~5x9i.hrp9",":version":"rv-v7mi-sp8y-sq2f",":created_at":"2026-10-01T19:33:45.132Z",":updated_at":"2026-10-01T19:33:45.132Z","lpid":"694875","planname":"TUC","type_code":"70","type_dscrn":"TUC","stage_code":"1","stage_dscrn":"Registered","created_dt":null,"modified_attribute_dt":"2020-10-21T15:58:35.000Z","modified_geometry_dt":"2020-10-21T15:58:35.000Z"}},
{"type":"Feature","geometry":{"type":"MultiPolygon","coordinates":[[[[-114.141006,50.9467718],[-114.1389147,50.9467721],[-114.1388632,50.9468819],[-114.1388643,50.9468821],[-114.1388189,50.9469813],[-114.1386396,50.9473586],[-114.1385228,50.9476043],[-114.1383497,50.947831],[-114.1380379,50.9482395],[-114.1378553,50.9484787],[-114.1376613,50.9485774],[-114.1376116,50.9486026],[-114.137562,50.9486279],[-114.1368078,50.949012],[-114.1365309,50.9491531],[-114.1359869,50.9494301],[-114.135286,50.9497871],[-114.1352862,50.9503897],[-114.1410074,50.9503939],[-114.141006,50.9467718]]]]},"properties":{":id":"row-fcwg.mwcg_7k4m",":version":"rv-c8fa_kdnb-7sah",":created_at":"2026-10-01T19:33:45.132Z",":updated_at":"2026-10-01T19:33:45.132Z","lpid":"760750","planname":"TUC","type_code":"70","type_dscrn":"TUC","stage_code":"1","stage_dscrn":"Registered","created_dt":"2017-04-18T14:17:47.000Z","modified_attribute_dt":"2021-01-26T11:23:13.000Z","modified_geometry_dt":"2021-01-26T11:23:13.000Z"}},
{"type":"Feature","geometry":{"type":"MultiPolygon","coordinates":[[[[-114.1410074,50.9503939],[-114.1412944,50.9503898],[-114.1412943,50.9502556],[-114.1412943,50.9502547],[-114.1412939,50.9495321],[-114.1412934,50.948873],[-114.1412927,50.9476177],[-114.1412902,50.9437861],[-114.1412899,50.9432366],[-114.14129,50.9432366],[-114.1412899,50.9431917],[-114.1412898,50.9431543],[-114.1409944,50.9431543],[-114.1409946,50.943192],[-114.1409947,50.9432369],[-114.141006,50.9467718],[-114.1410074,50.9503939]]]]},"properties":{":id":"row-sd87~ws44_ztg4",":version":"rv-au6t_b8rf~ads7",":created_at":"2026-10-01T19:33:45.132Z",":updated_at":"2026-10-01T19:33:45.132Z","lpid":"760740","planname":"TUC","type_code":"70","type_dscrn":"TUC","stage_code":"1","stage_dscrn":"Registered","created_dt":"2017-04-18T14:18:20.000Z","modified_attribute_dt":"2021-01-26T11:23:13.000Z","modified_geometry_dt":"2021-01-26T11:23:13.000Z"}},
{"type":"Feature","geometry":{"type":"MultiPolygon","coordinates":[[[[-114.1412898,50.9431543],[-114.1412886,50.9412191],[-114.1412885,50.9410894],[-114.1412877,50.9397502],[-114.1412855,50.9363017],[-114.1412852,50.9359157],[-114.1409998,50.9359152],[-114.1409997,50.9362388],[-114.1409969,50.9399427],[-114.1409944,50.9431543],[-114.1412898,50.9431543]]]]},"properties":{":id":"row-hsnx.uxkh_i849",":version":"rv-w7pv-w8xt.rdbv",":created_at":"2026-10-01T19:33:45.132Z",":updated_at":"2026-10-01T19:33:45.132Z","lpid":"760751","planname":"TUC","type_code":"70","type_dscrn":"TUC","stage_code":"1","stage_dscrn":"Registered","created_dt":"2017-04-18T14:19:50.000Z","modified_attribute_dt":"2021-01-26T11:23:13.000Z","modified_geometry_dt":"2021-01-26T11:23:13.000Z"}},
{"type":"Feature","geometry":{"type":"MultiPolygon","coordinates":[[[[-113.9308177,50.9776862],[-113.9308177,50.9777452],[-113.9308177,50.9778224],[-113.9309959,50.9778223],[-113.9309951,50.9775153],[-113.9308959,50.9775712],[-113.9308177,50.9776862]]]]},"properties":{":id":"row-3wxr-djxj~3vzv",":version":"rv-dzf4_yifw_6tsk",":created_at":"2026-10-01T19:33:45.132Z",":updated_at":"2026-10-01T19:33:45.132Z","lpid":"760841","planname":"TUC","type_code":"70","type_dscrn":"TUC","stage_code":"1","stage_dscrn":"Registered","created_dt":"2017-04-19T14:10:12.000Z","modified_attribute_dt":"2021-03-15T16:19:25.000Z","modified_geometry_dt":"2021-03-15T16:19:25.000Z"}},
{"type":"Feature","geometry":{"type":"MultiPolygon","coordinates":[[[[-114.1107644,51.1626482],[-114.1108195,51.1625671],[-114.110828,51.1625547],[-114.1108453,51.1625302],[-114.110862,51.1625052],[-114.1108708,51.1624931],[-114.1109263,51.1624122],[-114.1109852,51.1623264],[-114.1110783,51.1621906],[-114.1111713,51.1620552],[-114.1111897,51.1620283],[-114.1113288,51.1619157],[-114.1114743,51.1617979],[-114.1114849,51.1617893],[-114.1114955,51.1617807],[-114.1116631,51.161645],[-114.1118655,51.1614812],[-114.1069585,51.1614876],[-114.1064003,51.1622948],[-114.1062778,51.1624719],[-114.1062738,51.1687266],[-114.1083012,51.1687235],[-114.1082882,51.1685482],[-114.1082674,51.1682853],[-114.1082557,51.1681353],[-114.1082484,51.168042],[-114.1082412,51.1679487],[-114.108234,51.1678554],[-114.1082268,51.1677622],[-114.1082195,51.1676689],[-114.1082123,51.1675756],[-114.1082051,51.1674823],[-114.1081979,51.1673891],[-114.1081897,51.1672838],[-114.1081773,51.1671227],[-114.1081597,51.1668954],[-114.1081293,51.1665014],[-114.1081284,51.16649],[-114.1081353,51.1664799],[-114.1082514,51.1663107],[-114.1083997,51.1660945],[-114.1085088,51.1659356],[-114.1085782,51.1658344],[-114.1086371,51.1657486],[-114.108696,51.1656628],[-114.1087549,51.165577],[-114.1088138,51.1654911],[-114.1088727,51.1654053],[-114.1089564,51.1652833],[-114.1090735,51.1651127],[-114.1092249,51.1648918],[-114.1092318,51.164882],[-114.1093791,51.1646674],[-114.1094985,51.1644934],[-114.1095895,51.1643606],[-114.109669,51.1642448],[-114.1097279,51.164159],[-114.1097867,51.1640732],[-114.109849,51.1639824],[-114.1099079,51.1638966],[-114.1100177,51.1637366],[-114.1101553,51.163536],[-114.1102439,51.1634068],[-114.110251,51.1633965],[-114.1102577,51.1633861],[-114.1103483,51.1632546],[-114.1104975,51.1630372],[-114.1106132,51.1628685],[-114.1107021,51.162739],[-114.1107644,51.1626482]]]]},"properties":{":id":"row-y4x2-2eeh_chpt",":version":"rv-2jw9.3c2b~evc8",":created_at":"2026-10-01T19:33:45.132Z",":updated_at":"2026-10-01T19:33:45.132Z","lpid":"736494","planname":"TUC","type_code":"70","type_dscrn":"TUC","stage_code":"1","stage_dscrn":"Registered","created_dt":null,"modified_attribute_dt":"2022-05-13T14:07:19.000Z","modified_geometry_dt":"2022-05-13T14:07:19.000Z"}},
{"type":"Feature","geometry":{"type":"MultiPolygon","coordinates":[[[[-114.1526962,51.0086305],[-114.1526955,51.0088104],[-114.1529337,51.0088137],[-114.1595881,51.008823],[-114.1598772,51.0088247],[-114.1642841,51.0088183],[-114.1642778,51.0118563],[-114.164278,51.0121872],[-114.1642787,51.0133074],[-114.1642788,51.0134581],[-114.1642796,51.0143033],[-114.1642804,51.0152476],[-114.1642807,51.0155879],[-114.1642807,51.0156291],[-114.1645649,51.0156285],[-114.1645676,51.0124474],[-114.1645708,51.0088191],[-114.1645635,51.0086459],[-114.1531466,51.0086311],[-114.1526962,51.0086305]]]]},"properties":{":id":"row-d97j.hq45.gj2y",":version":"rv-dxgc-8zq5_peqt",":created_at":"2026-10-01T19:33:45.132Z",":updated_at":"2026-10-01T19:33:45.132Z","lpid":"760798","planname":"TUC","type_code":"70","type_dscrn":"TUC","stage_code":"1","stage_dscrn":"Registered","created_dt":"2017-04-18T15:28:31.000Z","modified_attribute_dt":"2024-12-10T11:01:31.000Z","modified_geometry_dt":"2024-12-10T11:01:31.000Z"}},
{"type":"Feature","geometry":{"type":"MultiPolygon","coordinates":[[[[-114.1410177,51.0111431],[-114.1409417,51.0112229],[-114.1409432,51.0117529],[-114.1410165,51.0116762],[-114.1410177,51.0111431]]]]},"properties":{":id":"row-hfzi_cq83.5wgt",":version":"rv-wb2d_i6pe.jd76",":created_at":"2026-10-01T19:33:45.132Z",":updated_at":"2026-10-01T19:33:45.132Z","lpid":"760796","planname":"TUC","type_code":"70","type_dscrn":"TUC","stage_code":"1","stage_dscrn":"Registered","created_dt":"2017-04-18T14:53:28.000Z","modified_attribute_dt":"2024-12-10T11:01:31.000Z","modified_geometry_dt":"2024-12-10T11:01:31.000Z"}},
{"type":"Feature","geometry":{"type":"MultiPolygon","coordinates":[[[[-114.1410139,51.0123031],[-114.1410165,51.0116762],[-114.1409432,51.0117529],[-114.1409438,51.0119019],[-114.1409456,51.0123035],[-114.1410139,51.0123031]]]]},"properties":{":id":"row-htfa.uhgu.4p85",":version":"rv-mkry_pwb4.gqat",":created_at":"2026-10-01T19:33:45.132Z",":updated_at":"2026-10-01T19:33:45.132Z","lpid":"760797","planname":"TUC","type_code":"70","type_dscrn":"TUC","stage_code":"1","stage_dscrn":"Registered","created_dt":"2017-04-18T14:53:45.000Z","modified_attribute_dt":"2024-12-10T11:01:31.000Z","modified_geometry_dt":"2024-12-10T11:01:31.000Z"}},
{"type":"Feature","geometry":{"type":"MultiPolygon","coordinates":[[[[-114.1173476,50.8870833],[-114.1173469,50.8878863],[-114.1173466,50.8879312],[-114.1173469,50.8879582],[-114.1173455,50.8898377],[-114.1173451,50.8903859],[-114.1173449,50.8905208],[-114.1173443,50.8914408],[-114.1173442,50.891529],[-114.1173441,50.8916171],[-114.1173439,50.8918778],[-114.1173436,50.8920037],[-114.1172717,50.8920037],[-114.1172701,50.8921077],[-114.1287099,50.8920989],[-114.140095,50.8920887],[-114.1401763,50.8920887],[-114.1401758,50.891981],[-114.1401758,50.891905],[-114.1401761,50.8904757],[-114.140105,50.8904757],[-114.1398614,50.8904757],[-114.1360867,50.8904761],[-114.1350207,50.8904761],[-114.1287114,50.8904763],[-114.1284887,50.8904763],[-114.1274434,50.8898187],[-114.1272736,50.8898294],[-114.1267633,50.8898614],[-114.1265345,50.8898763],[-114.1243142,50.890015],[-114.1241639,50.8901106],[-114.1214656,50.8893628],[-114.1197543,50.8893566],[-114.1181977,50.8878866],[-114.1181015,50.8877954],[-114.1177604,50.8874733],[-114.1177367,50.8874509],[-114.1173476,50.8870833]]]]},"properties":{":id":"row-8eps.7qvc~g7ak",":version":"rv-dgsm.jae8_39m9",":created_at":"2026-10-01T19:33:45.132Z",":updated_at":"2026-10-01T19:33:45.132Z","lpid":"736679","planname":"TUC","type_code":"70","type_dscrn":"TUC","stage_code":"1","stage_dscrn":"Registered","created_dt":null,"modified_attribute_dt":"2023-03-14T13:13:32.000Z","modified_geometry_dt":"2023-03-14T13:13:32.000Z"}},
{"type":"Feature","geometry":{"type":"MultiPolygon","coordinates":[[[[-114.1529337,51.0088137],[-114.1526955,51.0088104],[-114.1527822,51.0089961],[-114.1529334,51.0089944],[-114.1529337,51.0088137]]]]},"properties":{":id":"row-feq8~v94x~i8ib",":version":"rv-6v4m~44ms~ukeh",":created_at":"2026-10-01T19:33:45.132Z",":updated_at":"2026-10-01T19:33:45.132Z","lpid":"760802","planname":"TUC","type_code":"70","type_dscrn":"TUC","stage_code":"1","stage_dscrn":"Registered","created_dt":"2017-04-18T15:31:33.000Z","modified_attribute_dt":"2024-12-10T11:01:31.000Z","modified_geometry_dt":"2024-12-10T11:01:31.000Z"}},
{"type":"Feature","geometry":{"type":"MultiPolygon","coordinates":[[[[-114.1526399,51.008994],[-114.1527822,51.0089961],[-114.1526955,51.0088104],[-114.1525502,51.0088102],[-114.1526399,51.008994]]]]},"properties":{":id":"row-fc2a-24mc-s8fd",":version":"rv-crt7-83rw-ku2x",":created_at":"2026-10-01T19:33:45.132Z",":updated_at":"2026-10-01T19:33:45.132Z","lpid":"760803","planname":"TUC","type_code":"70","type_dscrn":"TUC","stage_code":"1","stage_dscrn":"Registered","created_dt":"2017-04-18T15:32:51.000Z","modified_attribute_dt":"2024-12-10T11:01:31.000Z","modified_geometry_dt":"2024-12-10T11:01:31.000Z"}},
{"type":"Feature","geometry":{"type":"MultiPolygon","coordinates":[[[[-114.141748,51.0086123],[-114.1413096,51.0086131],[-114.1413079,51.0087897],[-114.1419226,51.0087923],[-114.1420204,51.0087925],[-114.144641,51.0087971],[-114.1451623,51.008798],[-114.1525502,51.0088102],[-114.1526955,51.0088104],[-114.1526962,51.0086305],[-114.1446423,51.0086172],[-114.1442012,51.0086165],[-114.141748,51.0086123]]]]},"properties":{":id":"row-8aaa.795s_tn28",":version":"rv-mjuy_3mwn~9c8b",":created_at":"2026-10-01T19:33:45.132Z",":updated_at":"2026-10-01T19:33:45.132Z","lpid":"760804","planname":"TUC","type_code":"70","type_dscrn":"TUC","stage_code":"1","stage_dscrn":"Registered","created_dt":"2017-04-18T15:33:13.000Z","modified_attribute_dt":"2023-03-08T16:15:49.000Z","modified_geometry_dt":"2023-03-08T16:15:49.000Z"}},
{"type":"Feature","geometry":{"type":"MultiPolygon","coordinates":[[[[-114.13011,50.8943744],[-114.1328748,50.8942675],[-114.1329541,50.8942645],[-114.1329526,50.8937089],[-114.1318491,50.8937253],[-114.1316044,50.893729],[-114.1311643,50.8937355],[-114.1295667,50.8937593],[-114.1287111,50.8938697],[-114.1287116,50.8944829],[-114.13011,50.8943744]]]]},"properties":{":id":"row-b7hp_z8vx.rv5e",":version":"rv-swbr_wi6c~aj3y",":created_at":"2026-10-01T19:33:45.132Z",":updated_at":"2026-10-01T19:33:45.132Z","lpid":"760673","planname":"TUC","type_code":"70","type_dscrn":"TUC","stage_code":"1","stage_dscrn":"Registered","created_dt":"2017-04-17T09:18:15.000Z","modified_attribute_dt":"2023-03-14T13:13:32.000Z","modified_geometry_dt":"2023-03-14T13:13:32.000Z"}},
{"type":"Feature","geometry":{"type":"MultiPolygon","coordinates":[[[[-114.141922,51.0094977],[-114.141922,51.0096001],[-114.1420089,51.0096001],[-114.1420088,51.0094863],[-114.1420173,51.0089763],[-114.1420204,51.0087925],[-114.1419226,51.0087923],[-114.1419199,51.0089746],[-114.141922,51.0094977]]]]},"properties":{":id":"row-qmnu_zwps_mj6i",":version":"rv-urdk~uk2z~srpw",":created_at":"2026-10-01T19:33:45.132Z",":updated_at":"2026-10-01T19:33:45.132Z","lpid":"760808","planname":"TUC","type_code":"70","type_dscrn":"TUC","stage_code":"1","stage_dscrn":"Registered","created_dt":"2017-05-18T10:06:02.000Z","modified_attribute_dt":"2023-03-08T16:15:49.000Z","modified_geometry_dt":"2023-03-08T16:15:49.000Z"}},
{"type":"Feature","geometry":{"type":"MultiPolygon","coordinates":[[[[-114.1413713,51.0109358],[-114.1413714,51.0108349],[-114.141298,51.010835],[-114.1412995,51.0123035],[-114.1413612,51.0123031],[-114.1413629,51.0120714],[-114.1413631,51.012044],[-114.1413641,51.0119182],[-114.1413647,51.0118322],[-114.1413704,51.0110733],[-114.1413713,51.0109358]]]]},"properties":{":id":"row-ss8q-92bh-tuq8",":version":"rv-nmux~rgm6~72bk",":created_at":"2026-10-01T19:33:45.132Z",":updated_at":"2026-10-01T19:33:45.132Z","lpid":"760820","planname":"TUC","type_code":"70","type_dscrn":"TUC","stage_code":"1","stage_dscrn":"Registered","created_dt":"2017-04-19T11:34:57.000Z","modified_attribute_dt":"2024-12-10T11:01:31.000Z","modified_geometry_dt":"2024-12-10T11:01:31.000Z"}},
{"type":"Feature","geometry":{"type":"MultiPolygon","coordinates":[[[[-113.9450731,51.1795199],[-113.9443292,51.1795204],[-113.9441258,51.1795205],[-113.9440131,51.1795206],[-113.9441282,51.1796405],[-113.9452307,51.1807895],[-113.9455224,51.1816637],[-113.9462541,51.1814069],[-113.9467618,51.1812288],[-113.9467618,51.1812051],[-113.9462549,51.1806992],[-113.9452993,51.1797456],[-113.9450731,51.1795199]]]]},"properties":{":id":"row-f5y7-rpfy~a5xd",":version":"rv-9ham_b7hu.swiu",":created_at":"2026-10-01T19:33:45.132Z",":updated_at":"2026-10-01T19:33:45.132Z","lpid":"761332","planname":"TUC","type_code":"70","type_dscrn":"TUC","stage_code":"1","stage_dscrn":"Registered","created_dt":"2017-04-21T10:23:48.000Z","modified_attribute_dt":"2023-03-30T09:27:04.000Z","modified_geometry_dt":"2023-03-30T09:27:04.000Z"}},
{"type":"Feature","geometry":{"type":"MultiPolygon","coordinates":[[[[-114.134765,50.8936819],[-114.1350292,50.8936779],[-114.1350574,50.8936775],[-114.1350553,50.8931149],[-114.1347637,50.8931142],[-114.134765,50.8936819]]]]},"properties":{":id":"row-6y4y~b4fq.exd3",":version":"rv-iv8c~8tye.kufd",":created_at":"2026-10-01T19:33:45.132Z",":updated_at":"2026-10-01T19:33:45.132Z","lpid":"760674","planname":"TUC","type_code":"70","type_dscrn":"TUC","stage_code":"1","stage_dscrn":"Registered","created_dt":"2017-04-17T10:54:17.000Z","modified_attribute_dt":"2023-03-14T13:13:32.000Z","modified_geometry_dt":"2023-03-14T13:13:32.000Z"}},
{"type":"Feature","geometry":{"type":"MultiPolygon","coordinates":[[[[-114.1288326,50.8995094],[-114.131507,50.8995078],[-114.131486,50.8968281],[-114.1321192,50.8959722],[-114.1321103,50.8948173],[-114.1328755,50.8944909],[-114.1328748,50.8942675],[-114.13011,50.8943744],[-114.1287116,50.8944829],[-114.1287149,50.8994545],[-114.1287146,50.8995095],[-114.1288326,50.8995094]]]]},"properties":{":id":"row-jibk.4yv9.py54",":version":"rv-xxec-w67v~gv4q",":created_at":"2026-10-01T19:33:45.132Z",":updated_at":"2026-10-01T19:33:45.132Z","lpid":"760671","planname":"TUC","type_code":"70","type_dscrn":"TUC","stage_code":"1","stage_dscrn":"Registered","created_dt":"2017-04-17T08:37:32.000Z","modified_attribute_dt":"2023-03-14T10:52:52.000Z","modified_geometry_dt":"2023-03-14T10:52:52.000Z"}},
{"type":"Feature","geometry":{"type":"MultiPolygon","coordinates":[[[[-114.1357111,50.9512345],[-114.1357957,50.9512856],[-114.1360828,50.9514593],[-114.1365883,50.9517648],[-114.1372516,50.9519153],[-114.1375612,50.9521383],[-114.1376663,50.9522139],[-114.139577,50.955217],[-114.140011,50.9564506],[-114.1400111,50.9577928],[-114.1410088,50.957795],[-114.1410087,50.9505704],[-114.1344109,50.9505701],[-114.1344106,50.9509578],[-114.1346875,50.95097],[-114.1350042,50.9510518],[-114.1352344,50.9511113],[-114.1357111,50.9512345]]]]},"properties":{":id":"row-qfud_rrtg~gjy5",":version":"rv-cgbh~p95f~26uk",":created_at":"2026-10-01T19:33:45.132Z",":updated_at":"2026-10-01T19:33:45.132Z","lpid":"760737","planname":"TUC","type_code":"70","type_dscrn":"TUC","stage_code":"1","stage_dscrn":"Registered","created_dt":"2017-04-18T14:14:42.000Z","modified_attribute_dt":"2025-01-27T18:07:54.000Z","modified_geometry_dt":"2025-01-27T18:07:54.000Z"}},
{"type":"Feature","geometry":{"type":"MultiPolygon","coordinates":[[[[-113.9756222,50.9015298],[-113.9756175,50.9005358],[-113.9756126,50.8995581],[-113.9756128,50.8995424],[-113.9756124,50.8995174],[-113.9756063,50.8982431],[-113.9756098,50.8972894],[-113.9756017,50.8971978],[-113.9755975,50.8962303],[-113.9755897,50.8944839],[-113.9755889,50.8943257],[-113.9753594,50.8941946],[-113.9753016,50.8940571],[-113.9753225,50.8982447],[-113.97533,50.8995924],[-113.9753356,50.900586],[-113.9753409,50.9015334],[-113.9753474,50.9031115],[-113.9756299,50.9031099],[-113.9756222,50.9015298]]]]},"properties":{":id":"row-82x6_8ffu_wcz5",":version":"rv-kx7u~i9gi~7zk9",":created_at":"2026-10-01T19:33:45.132Z",":updated_at":"2026-10-01T19:33:45.132Z","lpid":"738594","planname":"TUC","type_code":"70","type_dscrn":"TUC","stage_code":"1","stage_dscrn":"Registered","created_dt":null,"modified_attribute_dt":"2024-12-20T10:31:08.000Z","modified_geometry_dt":"2024-12-20T10:31:08.000Z"}},
{"type":"Feature","geometry":{"type":"MultiPolygon","coordinates":[[[[-113.9700344,51.1767285],[-113.9700341,51.1762902],[-113.970034,51.1761251],[-113.9592038,51.1761233],[-113.9591152,51.1761233],[-113.9589298,51.1761232],[-113.9588797,51.1761232],[-113.958821,51.1761236],[-113.9586281,51.1761236],[-113.9585529,51.1761236],[-113.9585529,51.1761833],[-113.9585529,51.1761853],[-113.9585528,51.1762873],[-113.9585526,51.1763019],[-113.9585526,51.1763051],[-113.9585519,51.1767252],[-113.95855,51.1778709],[-113.9585504,51.1779292],[-113.9632993,51.1779314],[-113.9644542,51.1781685],[-113.965509,51.1788357],[-113.9663614,51.1793749],[-113.9700351,51.179376],[-113.9700349,51.1793159],[-113.9700354,51.1788363],[-113.9700352,51.1779325],[-113.9700344,51.1767285]]]]},"properties":{":id":"row-6vcz~aq4w~bhs5",":version":"rv-j7zb_9674_nrvk",":created_at":"2026-10-01T19:33:45.132Z",":updated_at":"2026-10-01T19:33:45.132Z","lpid":"740617","planname":"TUC","type_code":"70","type_dscrn":"TUC","stage_code":"1","stage_dscrn":"Registered","created_dt":null,"modified_attribute_dt":"2024-04-09T15:28:12.000Z","modified_geometry_dt":"2024-04-09T15:28:12.000Z"}},
{"type":"Feature","geometry":{"type":"MultiPolygon","coordinates":[[[[-114.1169536,51.1540656],[-114.1170725,51.1540655],[-114.1173033,51.1540652],[-114.117545,51.1540651],[-114.1178064,51.1540649],[-114.118094,51.1540646],[-114.1180941,51.1532644],[-114.1180432,51.1532645],[-114.117967,51.1532646],[-114.1179499,51.1532646],[-114.1179074,51.1532646],[-114.1178065,51.1532647],[-114.1172997,51.1532651],[-114.1169515,51.1532654],[-114.1169533,51.1539689],[-114.1169536,51.1540656]]]]},"properties":{":id":"row-jdz6~68tp-7fzv",":version":"rv-9m88.37v9~wcxz",":created_at":"2026-10-01T19:33:45.132Z",":updated_at":"2026-10-01T19:33:45.132Z","lpid":"736496","planname":"TUC","type_code":"70","type_dscrn":"TUC","stage_code":"1","stage_dscrn":"Registered","created_dt":null,"modified_attribute_dt":"2025-01-21T12:01:38.000Z","modified_geometry_dt":"2025-01-21T12:01:38.000Z"}},
{"type":"Feature","geometry":{"type":"MultiPolygon","coordinates":[[[[-114.1263534,51.1542604],[-114.1264493,51.1542407],[-114.1278059,51.1540593],[-114.127195,51.1540597],[-114.1266692,51.15406],[-114.1205699,51.1540634],[-114.118094,51.1540646],[-114.1180944,51.1542455],[-114.1180948,51.1543121],[-114.1180947,51.154401],[-114.1180945,51.1547507],[-114.1180944,51.1549112],[-114.1180945,51.1549501],[-114.1180935,51.1550431],[-114.1180943,51.1550936],[-114.1180949,51.1555052],[-114.1180962,51.1575046],[-114.1180971,51.1585585],[-114.118097,51.1588881],[-114.118097,51.1589972],[-114.1180974,51.1595387],[-114.1180975,51.1596339],[-114.1181188,51.1596312],[-114.1186721,51.1595612],[-114.1190189,51.1592516],[-114.1198265,51.1585307],[-114.1198632,51.1584979],[-114.1199331,51.1584355],[-114.1199903,51.1583845],[-114.1201497,51.1582422],[-114.1201769,51.1582179],[-114.1202713,51.1581336],[-114.1206429,51.1578033],[-114.1207096,51.1577441],[-114.1209737,51.1575068],[-114.1210552,51.1574347],[-114.1213316,51.1571879],[-114.1213567,51.1571649],[-114.1214331,51.1570974],[-114.1231247,51.1555875],[-114.1240437,51.1547671],[-114.1247846,51.1545836],[-114.1250305,51.154533],[-114.1252745,51.1544827],[-114.1255495,51.154426],[-114.1258069,51.154373],[-114.1260405,51.1543249],[-114.1263534,51.1542604]]]]},"properties":{":id":"row-grq2~wfvy.xkp9",":version":"rv-tcdh_zhik~hy3q",":created_at":"2026-10-01T19:33:45.132Z",":updated_at":"2026-10-01T19:33:45.132Z","lpid":"736499","planname":"TUC","type_code":"70","type_dscrn":"TUC","stage_code":"1","stage_dscrn":"Registered","created_dt":null,"modified_attribute_dt":"2025-01-21T12:01:38.000Z","modified_geometry_dt":"2025-01-21T12:01:38.000Z"}},
{"type":"Feature","geometry":{"type":"MultiPolygon","coordinates":[[[[-114.2331115,51.1084501],[-114.2332912,51.1084753],[-114.2334632,51.1084995],[-114.233699,51.1085325],[-114.2337414,51.1085385],[-114.2340908,51.1085875],[-114.2340899,51.1066304],[-114.2298743,51.1066263],[-114.2298026,51.1066263],[-114.2288596,51.1066253],[-114.2276114,51.1064302],[-114.2272239,51.1063698],[-114.2271407,51.1063568],[-114.2256249,51.1061204],[-114.2250099,51.1060242],[-114.2249514,51.1060151],[-114.2226047,51.1056476],[-114.2198019,51.1052093],[-114.2195941,51.1051768],[-114.2178072,51.1048962],[-114.2168546,51.1047476],[-114.2168545,51.1049142],[-114.2168542,51.1052956],[-114.2177419,51.1053933],[-114.2180438,51.1056416],[-114.2182435,51.1058058],[-114.2186478,51.1058746],[-114.2189067,51.1059187],[-114.2191167,51.1059544],[-114.2193596,51.1059958],[-114.2194009,51.1060028],[-114.2194417,51.1060098],[-114.2196439,51.1060442],[-114.219762,51.1060643],[-114.2198388,51.1060781],[-114.2199149,51.1060932],[-114.2199847,51.1061084],[-114.2200539,51.1061248],[-114.2201224,51.1061422],[-114.2201901,51.1061608],[-114.2202571,51.1061805],[-114.2203232,51.1062012],[-114.2203885,51.106223],[-114.2204528,51.1062459],[-114.2205465,51.1062818],[-114.220638,51.1063199],[-114.2207271,51.1063602],[-114.2208137,51.1064026],[-114.2208901,51.106443],[-114.2209642,51.106485],[-114.2210359,51.1065286],[-114.2211051,51.1065738],[-114.2211775,51.1066245],[-114.2212468,51.106677],[-114.2213128,51.1067311],[-114.2213755,51.1067867],[-114.221445,51.106854],[-114.2215097,51.1069232],[-114.2215693,51.1069942],[-114.2216239,51.1070667],[-114.2216656,51.1071287],[-114.2217035,51.1071916],[-114.2217377,51.1072553],[-114.2217681,51.1073197],[-114.2217962,51.1073883],[-114.2218164,51.1074468],[-114.2218335,51.1075057],[-114.2218474,51.1075649],[-114.2218583,51.1076244],[-114.221866,51.107684],[-114.2218705,51.1077438],[-114.2218718,51.1078036],[-114.22187,51.1078634],[-114.2218585,51.1080674],[-114.2218534,51.1081563],[-114.2218455,51.1083536],[-114.2218441,51.108551],[-114.2218493,51.108751],[-114.2218611,51.1089509],[-114.2218705,51.1090624],[-114.2218936,51.1092694],[-114.2219142,51.1094154],[-114.2219405,51.1095734],[-114.2219666,51.1097093],[-114.2219957,51.109845],[-114.2220279,51.1099805],[-114.2220718,51.1101467],[-114.2221253,51.1103281],[-114.2221843,51.1105088],[-114.2222021,51.1105603],[-114.2222053,51.1105688],[-114.2222134,51.1105918],[-114.2222173,51.1106026],[-114.2222377,51.1106587],[-114.2222439,51.1106753],[-114.2222965,51.1108128],[-114.2223524,51.1109497],[-114.2224346,51.1111373],[-114.2224964,51.1112692],[-114.2225611,51.1114006],[-114.2225663,51.1114108],[-114.2226614,51.1115918],[-114.2227621,51.1117716],[-114.222777,51.1117972],[-114.2228832,51.1119737],[-114.2229722,51.112114],[-114.2230613,51.1122484],[-114.2231605,51.1123917],[-114.2232669,51.1125387],[-114.2233737,51.1126798],[-114.2234821,51.1128174],[-114.2235921,51.1129516],[-114.2237023,51.113081],[-114.2238465,51.1132435],[-114.2239813,51.1133891],[-114.2241202,51.1135332],[-114.2241431,51.1135564],[-114.2242405,51.1136536],[-114.2244995,51.113885],[-114.2246962,51.1140608],[-114.2248472,51.1141957],[-114.2249882,51.1143216],[-114.2251243,51.1144432],[-114.2252653,51.1145692],[-114.2254063,51.1146952],[-114.2255572,51.11483],[-114.2257032,51.1149604],[-114.2258491,51.1150908],[-114.2259901,51.1152168],[-114.2261311,51.1153428],[-114.2262722,51.1154687],[-114.2264128,51.1155944],[-114.2265484,51.1157156],[-114.2265969,51.1157588],[-114.2266654,51.1158657],[-114.2268335,51.1161279],[-114.22698,51.1163565],[-114.2271136,51.1165649],[-114.2272606,51.1167941],[-114.2273167,51.1168817],[-114.2273413,51.1169215],[-114.227364,51.1169617],[-114.227399,51.117032],[-114.2274286,51.1171033],[-114.2274458,51.1171528],[-114.2274603,51.1172025],[-114.2274857,51.1172405],[-114.2275739,51.1173752],[-114.2276637,51.1175165],[-114.2277512,51.1176586],[-114.2278362,51.117801],[-114.22784,51.1178074],[-114.2279124,51.1179329],[-114.2279837,51.11806],[-114.2280174,51.1181215],[-114.2280253,51.1181372],[-114.2281155,51.1183073],[-114.2282024,51.1184781],[-114.2282858,51.1186495],[-114.2283658,51.1188216],[-114.2284424,51.1189943],[-114.2285155,51.1191676],[-114.2285851,51.1193415],[-114.2286512,51.1195159],[-114.2287229,51.1197173],[-114.2287297,51.1197372],[-114.2287747,51.119872],[-114.2288176,51.120007],[-114.22887,51.1201821],[-114.2288776,51.1202086],[-114.2289025,51.120297],[-114.2289663,51.1205412],[-114.2289714,51.1205721],[-114.2289888,51.1206844],[-114.2290926,51.1208136],[-114.2292164,51.1209676],[-114.2293279,51.1211062],[-114.2294107,51.1212092],[-114.2294975,51.1213167],[-114.2295883,51.1214301],[-114.2296978,51.1215663],[-114.2297365,51.1216145],[-114.229761,51.1218732],[-114.2297785,51.122132],[-114.2297891,51.1223911],[-114.2297926,51.1226502],[-114.2297912,51.1228203],[-114.2297852,51.1230315],[-114.2297746,51.1232427],[-114.2297578,51.123472],[-114.2297407,51.1236526],[-114.2297267,51.1237786],[-114.2297104,51.1239099],[-114.2296923,51.1240411],[-114.2296733,51.1241668],[-114.2296535,51.124287],[-114.2296312,51.1244125],[-114.2296073,51.1245379],[-114.2295728,51.124705],[-114.2295668,51.1247324],[-114.2295608,51.1247598],[-114.2295547,51.1247872],[-114.2295153,51.1249556],[-114.2295037,51.1250032],[-114.2295019,51.1250095],[-114.229501,51.125014],[-114.2297035,51.1250142],[-114.2340397,51.1250124],[-114.2340397,51.1250083],[-114.2340398,51.1249817],[-114.2340403,51.1248575],[-114.2340406,51.1247596],[-114.2340408,51.1247097],[-114.234069,51.1169278],[-114.23407,51.1166683],[-114.2340714,51.1162851],[-114.2340841,51.1127856],[-114.2340615,51.1128202],[-114.2338591,51.1131311],[-114.2336027,51.1135251],[-114.233365,51.1132397],[-114.2332639,51.1131183],[-114.233163,51.1129971],[-114.2330762,51.1128929],[-114.2330307,51.1128383],[-114.23294,51.1127293],[-114.2328472,51.1126179],[-114.2327544,51.1125064],[-114.2326345,51.1123625],[-114.2325073,51.1122097],[-114.2323688,51.1120433],[-114.2323072,51.1119694],[-114.2322959,51.1119232],[-114.2321182,51.1111949],[-114.2308867,51.1110866],[-114.2307535,51.1106006],[-114.2307584,51.110578],[-114.2307599,51.1105713],[-114.2307915,51.1104249],[-114.2308173,51.1103055],[-114.230842,51.1101913],[-114.2308667,51.1100772],[-114.2308901,51.1099686],[-114.230944,51.1097198],[-114.2308789,51.1096245],[-114.2308079,51.1095206],[-114.2307369,51.1094166],[-114.2306659,51.1093127],[-114.230595,51.1092087],[-114.230524,51.1091047],[-114.230453,51.1090008],[-114.2303855,51.1089019],[-114.2302864,51.1087566],[-114.2302582,51.1087154],[-114.2299281,51.1082318],[-114.2308489,51.108133],[-114.2317348,51.1082571],[-114.2319069,51.1082813],[-114.232079,51.1083054],[-114.2322511,51.1083295],[-114.2324231,51.1083536],[-114.2325952,51.1083778],[-114.2327673,51.1084019],[-114.2329392,51.108426],[-114.2331115,51.1084501]]]]},"properties":{":id":"row-hf72~p6vy~qnqs",":version":"rv-5th3_bvmu_f7mv",":created_at":"2026-10-01T19:33:45.132Z",":updated_at":"2026-10-01T19:33:45.132Z","lpid":"591896","planname":"TUC","type_code":"70","type_dscrn":"TUC","stage_code":"1","stage_dscrn":"Registered","created_dt":null,"modified_attribute_dt":"2025-12-09T08:04:22.000Z","modified_geometry_dt":"2025-12-09T08:04:22.000Z"}},
{"type":"Feature","geometry":{"type":"MultiPolygon","coordinates":[[[[-114.1947774,51.148866],[-114.194639,51.1489068],[-114.1945082,51.1489444],[-114.1943768,51.1489812],[-114.1942448,51.1490172],[-114.1940669,51.1490642],[-114.193905,51.1491055],[-114.1937422,51.1491457],[-114.1935101,51.1492006],[-114.1934026,51.1492246],[-114.1932297,51.1492626],[-114.1930562,51.1492992],[-114.1928819,51.1493346],[-114.1927069,51.1493686],[-114.1925314,51.1494013],[-114.1923552,51.1494326],[-114.1921784,51.1494626],[-114.192001,51.1494913],[-114.1918231,51.1495186],[-114.1916447,51.1495446],[-114.1914658,51.1495692],[-114.1912865,51.1495925],[-114.1911067,51.1496144],[-114.1909265,51.149635],[-114.1907459,51.1496541],[-114.190565,51.149672],[-114.1903926,51.1496874],[-114.1902321,51.1497007],[-114.1900625,51.1497134],[-114.1897668,51.1497328],[-114.1894804,51.1497479],[-114.1893346,51.1497547],[-114.1888749,51.1497763],[-114.1884235,51.1497974],[-114.1883965,51.1497987],[-114.1878965,51.1498222],[-114.1878577,51.1498239],[-114.1875708,51.1498373],[-114.1874786,51.1498416],[-114.1874817,51.1500351],[-114.187485,51.1502376],[-114.1875059,51.1515337],[-114.187512,51.1519122],[-114.1875761,51.1521457],[-114.187577,51.1525234],[-114.187864,51.1525104],[-114.1880941,51.1524994],[-114.1882412,51.1524923],[-114.1889261,51.1524606],[-114.1897984,51.1524197],[-114.1900334,51.1524078],[-114.1902682,51.152394],[-114.1905027,51.1523784],[-114.1907369,51.1523611],[-114.191041,51.1523358],[-114.1913445,51.1523075],[-114.1916472,51.1522761],[-114.1919491,51.1522417],[-114.1922625,51.1522025],[-114.1925749,51.1521601],[-114.1928861,51.1521144],[-114.193196,51.1520655],[-114.1935045,51.1520133],[-114.1938117,51.1519579],[-114.1941173,51.1518994],[-114.1944214,51.1518376],[-114.1946772,51.1517829],[-114.1949318,51.1517259],[-114.195185,51.1516666],[-114.1954369,51.1516052],[-114.1954421,51.151604],[-114.1957589,51.1515229],[-114.1959373,51.1514754],[-114.1961149,51.1514268],[-114.1962917,51.151377],[-114.1964677,51.1513262],[-114.1964723,51.1513249],[-114.1967111,51.1512537],[-114.1969483,51.1511805],[-114.1972463,51.1510848],[-114.1974688,51.1510106],[-114.1976898,51.1509346],[-114.1979092,51.1508568],[-114.1981269,51.1507772],[-114.1984359,51.15066],[-114.1987412,51.1505391],[-114.199043,51.1504147],[-114.1993409,51.1502868],[-114.1993414,51.1502866],[-114.1995015,51.1502157],[-114.1996604,51.1501437],[-114.1998181,51.1500708],[-114.1999746,51.1499968],[-114.2001299,51.1499219],[-114.200284,51.1498459],[-114.2004368,51.149769],[-114.2005884,51.1496911],[-114.2007387,51.1496122],[-114.2008877,51.1495324],[-114.2010354,51.1494517],[-114.2011818,51.1493699],[-114.2013268,51.1492873],[-114.2014705,51.1492037],[-114.2016128,51.1491192],[-114.2017538,51.1490338],[-114.1993394,51.1490382],[-114.1993359,51.1468534],[-114.1991168,51.1468542],[-114.1991168,51.1469036],[-114.1989345,51.1470205],[-114.1987547,51.1471317],[-114.198572,51.1472411],[-114.198384,51.1473497],[-114.1981932,51.1474562],[-114.1979996,51.1475608],[-114.1978031,51.1476632],[-114.1976039,51.1477635],[-114.197402,51.1478617],[-114.1971975,51.1479578],[-114.1969904,51.1480517],[-114.1967288,51.1481653],[-114.1964634,51.1482754],[-114.196306,51.1483384],[-114.1961473,51.1484001],[-114.1959875,51.1484606],[-114.1958264,51.1485199],[-114.1957196,51.1485583],[-114.1955526,51.1486167],[-114.1953844,51.1486739],[-114.1951725,51.1487435],[-114.1950441,51.1487843],[-114.194907,51.1488268],[-114.1947774,51.148866]]]]},"properties":{":id":"row-udf3_xpba~4pjr",":version":"rv-zk2p-9zny-gwjt",":created_at":"2026-10-01T19:33:45.132Z",":updated_at":"2026-10-01T19:33:45.132Z","lpid":"591706","planname":"TUC","type_code":"70","type_dscrn":"TUC","stage_code":"1","stage_dscrn":"Registered","created_dt":null,"modified_attribute_dt":"2025-12-08T09:19:08.000Z","modified_geometry_dt":"2025-12-08T09:19:08.000Z"}},
{"type":"Feature","geometry":{"type":"MultiPolygon","coordinates":[[[[-114.2303698,51.1329115],[-114.2292476,51.1324083],[-114.2242086,51.1324018],[-114.2239011,51.1324014],[-114.2233678,51.132401],[-114.2230922,51.1324007],[-114.2230384,51.1324006],[-114.2230363,51.1324006],[-114.2230138,51.1324684],[-114.2229906,51.1325291],[-114.2229651,51.1325895],[-114.2229374,51.1326495],[-114.2229075,51.132709],[-114.2228621,51.1327914],[-114.2228124,51.1328728],[-114.2227587,51.1329531],[-114.2227009,51.1330324],[-114.2226447,51.1331037],[-114.2225852,51.133174],[-114.2225046,51.1332613],[-114.2224188,51.1333467],[-114.2223246,51.1334332],[-114.2222252,51.1335173],[-114.2221207,51.1335989],[-114.2220112,51.1336779],[-114.2218969,51.1337543],[-114.2217781,51.1338278],[-114.2216548,51.1338984],[-114.2215273,51.1339659],[-114.2212997,51.1340814],[-114.2212459,51.1341087],[-114.22104,51.1342132],[-114.2201997,51.1346397],[-114.2200832,51.1346987],[-114.2196606,51.1349131],[-114.2195216,51.1349837],[-114.2191323,51.1351811],[-114.2187348,51.1353828],[-114.2176452,51.1357441],[-114.217601,51.1357588],[-114.2172366,51.1358792],[-114.2172214,51.1358842],[-114.2168376,51.1360113],[-114.2168366,51.1360116],[-114.2167933,51.136026],[-114.2167843,51.136029],[-114.216721,51.1360499],[-114.2156296,51.1364115],[-114.215527,51.1364455],[-114.2151084,51.1365841],[-114.214716,51.1367141],[-114.2146783,51.1367266],[-114.2144671,51.1367966],[-114.2118605,51.1377216],[-114.2117391,51.1377646],[-114.2116956,51.1377801],[-114.2114429,51.1378697],[-114.2113566,51.1379003],[-114.2112131,51.1379513],[-114.2111092,51.1379882],[-114.2108168,51.1380907],[-114.2107423,51.138118],[-114.210614,51.1381632],[-114.2103871,51.1382437],[-114.2102496,51.1382925],[-114.2101121,51.1383413],[-114.2099746,51.1383901],[-114.2098371,51.1384389],[-114.2096996,51.1384878],[-114.2095622,51.1385366],[-114.2094247,51.1385854],[-114.2092872,51.1386342],[-114.2091497,51.138683],[-114.2090123,51.1387318],[-114.2088748,51.1387806],[-114.2087373,51.1388294],[-114.2085998,51.1388782],[-114.2084623,51.138927],[-114.2082626,51.1389978],[-114.2080409,51.1390766],[-114.2079822,51.1390974],[-114.2079235,51.1391182],[-114.2077492,51.1391801],[-114.2077342,51.1391854],[-114.2077193,51.1391907],[-114.2075942,51.1392351],[-114.207306,51.1393374],[-114.207125,51.1394017],[-114.2070016,51.1394456],[-114.2069862,51.1394557],[-114.2068773,51.1395276],[-114.2067684,51.1395996],[-114.2067509,51.1396112],[-114.2066595,51.1396714],[-114.2065507,51.1397434],[-114.2064418,51.1398153],[-114.2063328,51.1398871],[-114.2062126,51.1399664],[-114.2060925,51.1400457],[-114.2059724,51.1401251],[-114.2058523,51.1402045],[-114.2057322,51.1402839],[-114.2056121,51.1403633],[-114.205492,51.1404427],[-114.2053719,51.1405221],[-114.2052518,51.1406015],[-114.2051317,51.1406809],[-114.2050112,51.1407605],[-114.2048685,51.1408551],[-114.2045372,51.141074],[-114.2044853,51.1411082],[-114.2044208,51.1411493],[-114.2043542,51.1411891],[-114.2042854,51.1412275],[-114.2042146,51.1412644],[-114.2041419,51.1412997],[-114.2040672,51.1413335],[-114.2039908,51.1413656],[-114.2039127,51.1413962],[-114.203833,51.141425],[-114.2037518,51.1414521],[-114.2036692,51.1414775],[-114.2035853,51.1415012],[-114.2035001,51.141523],[-114.2034138,51.141543],[-114.2033264,51.1415611],[-114.2032381,51.1415774],[-114.2028029,51.1416524],[-114.2023587,51.1417291],[-114.2020201,51.1417875],[-114.2017598,51.1418324],[-114.2015887,51.1418619],[-114.2014176,51.1418914],[-114.2012465,51.1419209],[-114.2010768,51.1419502],[-114.2009071,51.1419795],[-114.2008444,51.1419903],[-114.2007395,51.1420146],[-114.200573,51.1420532],[-114.2004066,51.1420918],[-114.2002086,51.1421377],[-114.1999088,51.1422072],[-114.1999003,51.1422092],[-114.1998748,51.1422151],[-114.1993805,51.1423298],[-114.199329,51.1423417],[-114.1993293,51.1424854],[-114.1993293,51.1425168],[-114.1993293,51.142517],[-114.1993297,51.1428017],[-114.1993298,51.1428487],[-114.1993298,51.1428538],[-114.1993299,51.1428906],[-114.1993301,51.1430273],[-114.1993303,51.1432009],[-114.1993304,51.1432398],[-114.1993306,51.143375],[-114.1991306,51.1433258],[-114.1989293,51.143279],[-114.1987265,51.1432347],[-114.1985224,51.1431928],[-114.198317,51.1431534],[-114.1981105,51.1431165],[-114.1979029,51.1430821],[-114.1976943,51.1430502],[-114.1977297,51.1430831],[-114.1977878,51.143137],[-114.1979017,51.1432428],[-114.1979276,51.1432669],[-114.1980453,51.1433761],[-114.1981526,51.1434758],[-114.1982695,51.1435844],[-114.1983862,51.1436927],[-114.1985187,51.1438157],[-114.1986567,51.1439439],[-114.1988148,51.1440907],[-114.1989371,51.1442042],[-114.199113,51.1443676],[-114.1991133,51.1445661],[-114.1991143,51.1452131],[-114.1991144,51.1453227],[-114.1991146,51.1454268],[-114.1991148,51.1455309],[-114.1991149,51.1456405],[-114.1991151,51.1457445],[-114.1991152,51.1458541],[-114.1991154,51.1459692],[-114.1991156,51.1460787],[-114.1991158,51.1461828],[-114.1991159,51.1462869],[-114.1991161,51.146391],[-114.1991162,51.1464951],[-114.1991164,51.1465992],[-114.1991167,51.1468042],[-114.1991168,51.1468542],[-114.1993359,51.1468534],[-114.1993394,51.1490382],[-114.2017538,51.1490338],[-114.2018865,51.1489518],[-114.2019609,51.1489051],[-114.202077,51.1488883],[-114.2058502,51.1483417],[-114.2064949,51.1482483],[-114.2068652,51.1477306],[-114.2069536,51.1477364],[-114.2070785,51.1477447],[-114.2072225,51.1477576],[-114.2073654,51.1477742],[-114.2075072,51.1477944],[-114.2076476,51.1478181],[-114.2077864,51.1478455],[-114.2079232,51.1478763],[-114.208058,51.1479105],[-114.2081904,51.1479481],[-114.2083203,51.1479891],[-114.2084475,51.1480333],[-114.2085717,51.1480807],[-114.2086928,51.1481312],[-114.2088105,51.1481848],[-114.2089247,51.1482413],[-114.2090351,51.1483006],[-114.2091416,51.1483627],[-114.2101476,51.1489733],[-114.2102195,51.149017],[-114.2103473,51.1490168],[-114.210379,51.1490167],[-114.210409,51.1490166],[-114.2104336,51.1490166],[-114.2111091,51.1490153],[-114.211218,51.149015],[-114.2118946,51.1490135],[-114.2119502,51.1490134],[-114.211956,51.1489236],[-114.2119647,51.1487888],[-114.2120139,51.1480265],[-114.2120836,51.1480283],[-114.2121182,51.1474906],[-114.2116671,51.147207],[-114.2113038,51.1469783],[-114.211025,51.1468027],[-114.2108727,51.1467068],[-114.2107495,51.1466293],[-114.2106264,51.1465518],[-114.2105033,51.1464743],[-114.2103802,51.1463968],[-114.210257,51.1463192],[-114.2101339,51.1462417],[-114.2100108,51.1461642],[-114.2098876,51.1460867],[-114.2097711,51.1460133],[-114.2097318,51.1459888],[-114.2096807,51.1459677],[-114.2095536,51.1459156],[-114.2094077,51.1458558],[-114.2092617,51.145796],[-114.2091157,51.1457362],[-114.2088975,51.1456468],[-114.2086589,51.1455494],[-114.2086838,51.1455149],[-114.208815,51.1453312],[-114.2089185,51.1451863],[-114.2089553,51.1451344],[-114.2089898,51.1450863],[-114.2090612,51.1449864],[-114.2091326,51.1448864],[-114.209204,51.1447865],[-114.2092753,51.1446865],[-114.2093467,51.1445866],[-114.2094181,51.1444866],[-114.2094895,51.1443866],[-114.2095608,51.1442867],[-114.2096322,51.1441867],[-114.2097036,51.1440868],[-114.2098396,51.1438962],[-114.2099976,51.143675],[-114.2100214,51.1436416],[-114.2102097,51.143378],[-114.2103848,51.1431327],[-114.2104734,51.1430086],[-114.2105695,51.142874],[-114.2107211,51.1426617],[-114.210827,51.1425133],[-114.2109215,51.142381],[-114.2111054,51.1421235],[-114.211118,51.1421057],[-114.2111844,51.1420128],[-114.2114636,51.1416219],[-114.2117079,51.1412797],[-114.2117542,51.1412148],[-114.2118122,51.1411342],[-114.2118438,51.1410892],[-114.2118516,51.1410785],[-114.2118949,51.1410186],[-114.211897,51.1410147],[-114.2119432,51.1409499],[-114.2120063,51.1408616],[-114.212069,51.1408408],[-114.2122437,51.1407834],[-114.2123495,51.1407486],[-114.2124675,51.1407098],[-114.2125672,51.1406771],[-114.2130779,51.1405095],[-114.2131064,51.1404998],[-114.2131254,51.1404936],[-114.2131634,51.1404811],[-114.2133106,51.1404329],[-114.2134727,51.1403796],[-114.2136421,51.1403236],[-114.2138041,51.1402702],[-114.2139739,51.1402144],[-114.2141514,51.140156],[-114.2143211,51.1401001],[-114.2144986,51.1400417],[-114.2146684,51.1399858],[-114.2148305,51.1399325],[-114.2150002,51.1398766],[-114.2151777,51.1398182],[-114.2153475,51.1397624],[-114.215525,51.139704],[-114.2156948,51.1396481],[-114.2158184,51.1396076],[-114.2158723,51.1395897],[-114.2160497,51.1395313],[-114.2162118,51.139478],[-114.2164448,51.1394013],[-114.2167945,51.1392863],[-114.21681,51.1392806],[-114.2168472,51.1392669],[-114.2173459,51.1390851],[-114.21765,51.1389744],[-114.2178234,51.1389113],[-114.2179967,51.1388482],[-114.2181701,51.1387851],[-114.2183434,51.138722],[-114.2185168,51.1386589],[-114.2186902,51.1385958],[-114.2188635,51.1385327],[-114.2190369,51.1384696],[-114.2192103,51.1384065],[-114.2193836,51.1383434],[-114.2196208,51.138257],[-114.2199922,51.1381218],[-114.220332,51.1379981],[-114.2207468,51.1378471],[-114.2211485,51.137701],[-114.2211671,51.1376942],[-114.2212044,51.1376806],[-114.2214221,51.1376013],[-114.2219524,51.1374081],[-114.2223224,51.1372733],[-114.2225868,51.1371623],[-114.2256431,51.1358771],[-114.2259437,51.1357514],[-114.2260015,51.1357269],[-114.2261749,51.1356535],[-114.2262156,51.1356505],[-114.2262592,51.1356472],[-114.226376,51.1356382],[-114.226865,51.1356011],[-114.2271071,51.1355827],[-114.2273405,51.1355649],[-114.2275739,51.1355472],[-114.2278073,51.1355294],[-114.2280494,51.135511],[-114.2282828,51.1354933],[-114.2285162,51.1354755],[-114.2287496,51.1354577],[-114.2289917,51.1354393],[-114.2292251,51.1354216],[-114.2294585,51.1354038],[-114.2297006,51.1353855],[-114.2299341,51.1353678],[-114.2301675,51.1353501],[-114.2304409,51.1353295],[-114.2304847,51.1353263],[-114.2305689,51.1353197],[-114.2306533,51.1353133],[-114.2311907,51.1352724],[-114.2319389,51.1352158],[-114.2320057,51.1352106],[-114.2320062,51.1352106],[-114.2320546,51.1351636],[-114.2324167,51.1348108],[-114.2327785,51.1344559],[-114.2326985,51.1344045],[-114.2326472,51.1343716],[-114.2326443,51.1343697],[-114.232643,51.1343689],[-114.2325746,51.1343252],[-114.2325383,51.1343018],[-114.2325356,51.1343001],[-114.2324936,51.1342729],[-114.2323931,51.1342084],[-114.2303698,51.1329115]]]]},"properties":{":id":"row-sk82-2kqz.nz3p",":version":"rv-upbe-qvhp.a746",":created_at":"2026-10-01T19:33:45.132Z",":updated_at":"2026-10-01T19:33:45.132Z","lpid":"591641","planname":"TUC","type_code":"70","type_dscrn":"TUC","stage_code":"1","stage_dscrn":"Registered","created_dt":null,"modified_attribute_dt":"2025-12-08T09:19:08.000Z","modified_geometry_dt":"2025-12-08T09:19:08.000Z"}},
{"type":"Feature","geometry":{"type":"MultiPolygon","coordinates":[[[[-114.1646887,51.1506476],[-114.1645799,51.150666],[-114.1642927,51.1507145],[-114.1643009,51.1535717],[-114.1643011,51.1536616],[-114.1643024,51.1540904],[-114.1636658,51.1540894],[-114.16307,51.1540884],[-114.1629414,51.1540882],[-114.1628557,51.1540881],[-114.1628474,51.1542687],[-114.1628548,51.1542687],[-114.1635497,51.1542698],[-114.1637063,51.1542701],[-114.1642187,51.1542709],[-114.1643028,51.154271],[-114.1645902,51.1542716],[-114.1686699,51.1542743],[-114.1693874,51.154094],[-114.1696222,51.154035],[-114.1729018,51.1532106],[-114.1760834,51.1530618],[-114.187577,51.1525234],[-114.1875761,51.1521457],[-114.187512,51.1519122],[-114.1875059,51.1515337],[-114.187485,51.1502376],[-114.1874817,51.1500351],[-114.1874786,51.1498416],[-114.1847795,51.1499681],[-114.1847581,51.1499691],[-114.1845872,51.1499771],[-114.18458,51.1499774],[-114.1834023,51.1500326],[-114.1816542,51.1501145],[-114.1806048,51.1501636],[-114.1802691,51.1501791],[-114.179331,51.1502233],[-114.1793054,51.1502245],[-114.1791936,51.1502296],[-114.1791399,51.1502323],[-114.1789081,51.1502428],[-114.1787397,51.1502507],[-114.1785626,51.150259],[-114.1783256,51.1502701],[-114.1780588,51.1502826],[-114.1776932,51.1502997],[-114.1775282,51.1503075],[-114.1773802,51.1503144],[-114.1772323,51.1503213],[-114.1770757,51.1503287],[-114.1769278,51.1503356],[-114.1767798,51.1503425],[-114.1766233,51.1503499],[-114.1764753,51.1503568],[-114.1763274,51.1503638],[-114.1761625,51.1503715],[-114.176078,51.1503755],[-114.1759971,51.1503793],[-114.1758749,51.150385],[-114.175832,51.1503826],[-114.1756665,51.1503734],[-114.1755013,51.1503642],[-114.1753364,51.1503551],[-114.1751665,51.1503456],[-114.175002,51.1503365],[-114.1748377,51.1503274],[-114.1746733,51.1503183],[-114.1745081,51.1503091],[-114.174343,51.1502999],[-114.1741866,51.1502913],[-114.1740301,51.1502826],[-114.1738737,51.1502739],[-114.1737173,51.1502652],[-114.1735609,51.1502566],[-114.1734044,51.1502479],[-114.173248,51.1502392],[-114.1730916,51.1502305],[-114.1729265,51.1502214],[-114.1726921,51.1502084],[-114.1723668,51.1501903],[-114.1720605,51.1501733],[-114.1717276,51.1501549],[-114.1713294,51.1501328],[-114.1712479,51.1501282],[-114.1711934,51.1501253],[-114.1711556,51.1501232],[-114.1711391,51.1501223],[-114.1707742,51.1501021],[-114.170575,51.1500911],[-114.1703832,51.1500805],[-114.1702035,51.1500705],[-114.1700273,51.1500608],[-114.1699097,51.1500542],[-114.1698583,51.1500315],[-114.1697126,51.149967],[-114.16957,51.1499039],[-114.1694296,51.1498418],[-114.1692902,51.1497801],[-114.1691656,51.1497249],[-114.1690441,51.1496712],[-114.1689225,51.1496174],[-114.1687771,51.149553],[-114.1686268,51.1494865],[-114.1685428,51.1494493],[-114.1684741,51.149417],[-114.1684016,51.149378],[-114.1683333,51.1493361],[-114.1682693,51.1492912],[-114.1682102,51.1492436],[-114.1681561,51.1491935],[-114.1681075,51.1491411],[-114.1680646,51.1490867],[-114.1680275,51.1490307],[-114.1679966,51.1489731],[-114.167972,51.1489144],[-114.1679537,51.1488549],[-114.1679418,51.1487947],[-114.1679364,51.1487344],[-114.1679375,51.148674],[-114.1679402,51.1486461],[-114.1680402,51.1478183],[-114.168092,51.147391],[-114.1681554,51.1468648],[-114.1681529,51.1468648],[-114.1679417,51.1468647],[-114.1676262,51.1468645],[-114.1674239,51.1468644],[-114.1670266,51.1468642],[-114.1670297,51.1469541],[-114.167031,51.1470882],[-114.1670289,51.1472222],[-114.1670233,51.1473563],[-114.1670143,51.1474902],[-114.1670019,51.1476241],[-114.1669861,51.1477578],[-114.1669669,51.1478913],[-114.1669442,51.1480246],[-114.1669207,51.1481431],[-114.1668945,51.1482613],[-114.1668654,51.1483793],[-114.1668336,51.148497],[-114.166799,51.1486144],[-114.1667616,51.1487314],[-114.1667215,51.1488481],[-114.1666787,51.1489644],[-114.1664993,51.1494356],[-114.166482,51.1494736],[-114.1664595,51.1495104],[-114.1664319,51.1495459],[-114.1663995,51.1495797],[-114.1663625,51.1496116],[-114.1663211,51.1496414],[-114.1662758,51.1496687],[-114.1662268,51.1496935],[-114.166189,51.1497097],[-114.1661496,51.1497245],[-114.1661088,51.1497376],[-114.1660668,51.149749],[-114.1656715,51.149847],[-114.1656073,51.1499481],[-114.1655903,51.1499749],[-114.1652808,51.1504619],[-114.1652197,51.1505578],[-114.1646887,51.1506476]]]]},"properties":{":id":"row-fnh3_yjj6_885n",":version":"rv-vyxm~gj73-humw",":created_at":"2026-10-01T19:33:45.132Z",":updated_at":"2026-10-01T19:33:45.132Z","lpid":"741234","planname":"TUC","type_code":"70","type_dscrn":"TUC","stage_code":"1","stage_dscrn":"Registered","created_dt":null,"modified_attribute_dt":"2025-12-08T09:47:31.000Z","modified_geometry_dt":"2025-12-08T09:47:31.000Z"}},
{"type":"Feature","geometry":{"type":"MultiPolygon","coordinates":[[[[-113.9394485,51.173315],[-113.93945,51.1743708],[-113.9352689,51.1743732],[-113.9352732,51.1744803],[-113.9352689,51.1746876],[-113.944749,51.1746833],[-113.9448285,51.174682],[-113.9449078,51.1746784],[-113.9449868,51.1746725],[-113.9450653,51.1746644],[-113.945143,51.174654],[-113.94522,51.1746413],[-113.9452959,51.1746264],[-113.9453706,51.1746093],[-113.945444,51.1745901],[-113.9455159,51.1745688],[-113.9455861,51.1745454],[-113.9456546,51.17452],[-113.9457211,51.1744926],[-113.9457855,51.1744634],[-113.9458477,51.1744323],[-113.9459075,51.1743994],[-113.9459648,51.1743648],[-113.9460195,51.1743286],[-113.9460715,51.1742909],[-113.9461206,51.1742517],[-113.9461668,51.1742111],[-113.94621,51.1741692],[-113.94625,51.1741261],[-113.9462868,51.1740819],[-113.9463203,51.1740367],[-113.9463504,51.1739905],[-113.9463771,51.1739436],[-113.9464003,51.1738959],[-113.9464199,51.1738475],[-113.946436,51.1737987],[-113.9464484,51.1737494],[-113.9464572,51.1736999],[-113.9461406,51.1736126],[-113.9461179,51.1731159],[-113.946106,51.1729811],[-113.9461024,51.1728439],[-113.9461018,51.1727068],[-113.9461042,51.1725696],[-113.9461095,51.1724325],[-113.9460764,51.1724312],[-113.9459658,51.1724297],[-113.9456686,51.1724254],[-113.9453401,51.1724207],[-113.945299,51.1724203],[-113.9450655,51.1724172],[-113.9448291,51.1724136],[-113.9448005,51.1724131],[-113.944591,51.1724099],[-113.9442177,51.1724033],[-113.9438934,51.1723981],[-113.9431577,51.1723864],[-113.943117,51.1723857],[-113.9427775,51.1723802],[-113.9426807,51.1723786],[-113.9421541,51.1725311],[-113.942128,51.1725387],[-113.9421193,51.1725412],[-113.9419864,51.1725797],[-113.9418448,51.1726208],[-113.9417032,51.1726618],[-113.9415615,51.1727028],[-113.9413726,51.1727575],[-113.9410239,51.1728586],[-113.9407426,51.1729401],[-113.9404716,51.1730186],[-113.9398337,51.1732034],[-113.9396998,51.1732422],[-113.9394485,51.173315]]]]},"properties":{":id":"row-i2t9~jeus_3yh9",":version":"rv-pqae~y9ww~dd54",":created_at":"2026-10-01T19:33:45.132Z",":updated_at":"2026-10-01T19:33:45.132Z","lpid":"737397","planname":"TUC","type_code":"70","type_dscrn":"TUC","stage_code":"1","stage_dscrn":"Registered","created_dt":"2017-04-21T13:27:01.000Z","modified_attribute_dt":"2025-12-15T11:27:35.000Z","modified_geometry_dt":"2025-12-15T11:27:35.000Z"}},
{"type":"Feature","geometry":{"type":"MultiPolygon","coordinates":[[[[-113.9150691,51.0636207],[-113.9150699,51.0648176],[-113.9149353,51.0648671],[-113.9147993,51.064915],[-113.914662,51.0649614],[-113.9145233,51.0650062],[-113.9143833,51.0650494],[-113.9142422,51.0650911],[-113.9140998,51.0651311],[-113.9139563,51.0651694],[-113.9138118,51.0652061],[-113.9136662,51.0652412],[-113.9135196,51.0652746],[-113.913372,51.0653063],[-113.9132236,51.0653363],[-113.9130743,51.0653646],[-113.9129242,51.0653912],[-113.9127734,51.0654161],[-113.9125931,51.0654434],[-113.9124119,51.0654683],[-113.9122298,51.0654907],[-113.912047,51.0655106],[-113.9117602,51.0656625],[-113.91176,51.0656626],[-113.9116868,51.0656678],[-113.909449,51.0658273],[-113.906242,51.0657691],[-113.9052734,51.0663789],[-113.9076515,51.0663786],[-113.908744,51.0664332],[-113.9114908,51.0664328],[-113.9116865,51.0664328],[-113.9117598,51.0664328],[-113.9117601,51.0664328],[-113.912047,51.0664327],[-113.9120467,51.0667752],[-113.9120467,51.0668911],[-113.9235201,51.0668877],[-113.933823,51.0668839],[-113.9349927,51.0668835],[-113.9349927,51.066424],[-113.9349934,51.066274],[-113.9348847,51.0662703],[-113.9345805,51.0662599],[-113.9341529,51.0662453],[-113.9336752,51.0662289],[-113.9333843,51.066219],[-113.9332367,51.066214],[-113.9330978,51.0662092],[-113.9329676,51.0662048],[-113.9328374,51.0662003],[-113.9327939,51.0661989],[-113.9326985,51.0661956],[-113.9325596,51.0661908],[-113.932412,51.0661858],[-113.9322644,51.0661808],[-113.9321255,51.066176],[-113.9319865,51.0661713],[-113.9318563,51.0661668],[-113.9317261,51.0661624],[-113.9316827,51.0661609],[-113.9315872,51.0661576],[-113.9314396,51.0661526],[-113.9313007,51.0661478],[-113.9311705,51.0661434],[-113.9310403,51.0661389],[-113.9309013,51.0661342],[-113.9307624,51.0661294],[-113.9306148,51.0661244],[-113.9304586,51.066119],[-113.9301465,51.0661084],[-113.9298414,51.0660979],[-113.9295112,51.0660866],[-113.9291097,51.0660729],[-113.9289078,51.066066],[-113.9287429,51.0660604],[-113.9285779,51.0660547],[-113.928413,51.0660491],[-113.9282481,51.0660435],[-113.9281134,51.0660388],[-113.9280886,51.066038],[-113.9279577,51.066032],[-113.9279144,51.0660296],[-113.9277838,51.0660209],[-113.9277406,51.0660176],[-113.9276201,51.0660071],[-113.9275771,51.0660029],[-113.9274573,51.0659899],[-113.9274144,51.0659849],[-113.9272951,51.0659696],[-113.9272526,51.0659637],[-113.9271249,51.0659445],[-113.9270828,51.0659377],[-113.9269561,51.0659159],[-113.9269144,51.0659082],[-113.9267349,51.0658725],[-113.9266434,51.0658525],[-113.9265525,51.0658314],[-113.9263812,51.0657885],[-113.926252,51.0657531],[-113.9262125,51.0657417],[-113.9260931,51.0657058],[-113.926054,51.0656936],[-113.9259364,51.0656552],[-113.9258982,51.0656422],[-113.9257828,51.0656013],[-113.9257452,51.0655875],[-113.9256399,51.0655473],[-113.925603,51.0655327],[-113.9254998,51.0654903],[-113.9254638,51.065475],[-113.9253552,51.0654272],[-113.92532,51.0654112],[-113.925214,51.0653611],[-113.9251797,51.0653443],[-113.9250765,51.065292],[-113.9250431,51.0652745],[-113.9249427,51.0652201],[-113.9249103,51.0652019],[-113.9248068,51.0651417],[-113.9247753,51.0651227],[-113.9246753,51.0650602],[-113.924645,51.0650406],[-113.9245364,51.0649677],[-113.9244315,51.0648927],[-113.9243489,51.0648302],[-113.9242687,51.0647665],[-113.9241911,51.0647016],[-113.9241161,51.0646355],[-113.9240524,51.0645765],[-113.9239727,51.0644986],[-113.9238965,51.0644193],[-113.9238239,51.0643387],[-113.9237549,51.0642568],[-113.9236973,51.0641838],[-113.9236426,51.06411],[-113.9235908,51.0640353],[-113.923542,51.0639599],[-113.9235216,51.0639266],[-113.9235217,51.0636193],[-113.9235218,51.0634413],[-113.923522,51.0631394],[-113.9235221,51.0628435],[-113.9235222,51.0627696],[-113.9235222,51.0627312],[-113.9235223,51.0624473],[-113.9235223,51.0624241],[-113.9235223,51.0624114],[-113.9235224,51.0623692],[-113.9235224,51.0623305],[-113.9235224,51.0622597],[-113.9235225,51.0621877],[-113.9235225,51.0621603],[-113.9235225,51.0620946],[-113.9235225,51.0620672],[-113.9235226,51.062007],[-113.9235226,51.0619796],[-113.9235226,51.0619193],[-113.9235226,51.0618919],[-113.9235226,51.0618317],[-113.9235227,51.0618043],[-113.9235227,51.0617331],[-113.9235227,51.0617057],[-113.9235228,51.0615331],[-113.9235229,51.0612947],[-113.923523,51.0610508],[-113.9235231,51.0608481],[-113.9235232,51.0607495],[-113.9235232,51.0606563],[-113.9235233,51.0605851],[-113.9235233,51.0605577],[-113.9235233,51.060492],[-113.9235233,51.0604646],[-113.9235234,51.0604044],[-113.9235234,51.060377],[-113.9235234,51.0603113],[-113.9235234,51.0602839],[-113.9235235,51.0601442],[-113.9235236,51.0599236],[-113.9235237,51.059814],[-113.9235237,51.0596578],[-113.9182513,51.0596602],[-113.9182653,51.0602262],[-113.9162876,51.0623267],[-113.9150691,51.0636207]]]]},"properties":{":id":"row-nt3w-ab8b_y8gn",":version":"rv-5t7t~h684-xhf9",":created_at":"2026-10-01T19:33:45.132Z",":updated_at":"2026-10-01T19:33:45.132Z","lpid":"592052","planname":"TUC","type_code":"70","type_dscrn":"TUC","stage_code":"1","stage_dscrn":"Registered","created_dt":null,"modified_attribute_dt":"2025-12-18T13:22:45.000Z","modified_geometry_dt":"2025-12-18T13:22:45.000Z"}},
{"type":"Feature","geometry":{"type":"MultiPolygon","coordinates":[[[[-114.1382327,51.0087875],[-114.138115,51.0087448],[-114.137999,51.0087004],[-114.1378846,51.0086543],[-114.1377721,51.0086065],[-114.1376661,51.0085587],[-114.137562,51.0085095],[-114.1374597,51.0084587],[-114.1373592,51.0084065],[-114.1372607,51.0083529],[-114.1371642,51.0082978],[-114.1370696,51.0082414],[-114.1369772,51.0081836],[-114.1368869,51.0081245],[-114.1367987,51.0080641],[-114.1367128,51.0080025],[-114.1366291,51.0079397],[-114.1365478,51.0078756],[-114.1364687,51.0078104],[-114.1363921,51.0077441],[-114.1363179,51.0076767],[-114.1340305,51.0056278],[-114.1336073,51.0058153],[-114.1336176,51.0058325],[-114.1336615,51.0059706],[-114.1337779,51.0063357],[-114.1339753,51.0069543],[-114.134299,51.0079693],[-114.1343231,51.0079693],[-114.1350812,51.0079686],[-114.1352108,51.0080488],[-114.1353353,51.0081239],[-114.135461,51.0081981],[-114.1356652,51.008315],[-114.1358726,51.0084297],[-114.1360833,51.0085419],[-114.1362971,51.0086518],[-114.1364593,51.0087325],[-114.1366307,51.0088155],[-114.1368039,51.008897],[-114.1369789,51.0089769],[-114.1371556,51.0090553],[-114.1371568,51.00946],[-114.1372972,51.0094737],[-114.1392266,51.0095714],[-114.1396428,51.0095924],[-114.1398075,51.0096007],[-114.1404689,51.0096344],[-114.1406101,51.0095627],[-114.1384471,51.0088603],[-114.1383393,51.0088246],[-114.1382327,51.0087875]]]]},"properties":{":id":"row-k5mj-qdkt~ixwe",":version":"rv-9edw-i3w3~jzve",":created_at":"2026-10-01T19:33:45.132Z",":updated_at":"2026-10-01T19:33:45.132Z","lpid":"760790","planname":"TUC","type_code":"70","type_dscrn":"TUC","stage_code":"1","stage_dscrn":"Registered","created_dt":"2017-04-18T14:45:31.000Z","modified_attribute_dt":"2025-12-22T14:57:29.000Z","modified_geometry_dt":"2025-12-22T14:57:29.000Z"}},
{"type":"Feature","geometry":{"type":"MultiPolygon","coordinates":[[[[-114.1410189,51.0105059],[-114.1410179,51.0106871],[-114.1410177,51.0111431],[-114.1410165,51.0116762],[-114.1410139,51.0123031],[-114.1412995,51.0123035],[-114.141298,51.010835],[-114.1413021,51.0089736],[-114.1413079,51.0087897],[-114.1413096,51.0086131],[-114.1410217,51.0086086],[-114.1377721,51.0086065],[-114.1378846,51.0086543],[-114.137999,51.0087004],[-114.138115,51.0087448],[-114.1382327,51.0087875],[-114.1410214,51.0087895],[-114.1410213,51.009169],[-114.141021,51.0092243],[-114.1410214,51.0096039],[-114.141021,51.0097852],[-114.1410193,51.0101198],[-114.1410197,51.0101751],[-114.1410189,51.0105059]]]]},"properties":{":id":"row-5bht.pyax~qme4",":version":"rv-teck-44pf-8vbc",":created_at":"2026-10-01T19:33:45.132Z",":updated_at":"2026-10-01T19:33:45.132Z","lpid":"760792","planname":"TUC","type_code":"70","type_dscrn":"TUC","stage_code":"1","stage_dscrn":"Registered","created_dt":"2017-04-18T14:50:46.000Z","modified_attribute_dt":"2025-12-22T14:57:29.000Z","modified_geometry_dt":"2025-12-22T14:57:29.000Z"}},
{"type":"Feature","geometry":{"type":"MultiPolygon","coordinates":[[[[-113.9173885,50.9844276],[-113.9173897,50.9844646],[-113.9173926,50.9845534],[-113.9174709,50.9868936],[-113.9175949,50.9868942],[-113.917809,50.9868941],[-113.9206306,50.9868912],[-113.9227416,50.98689],[-113.9227395,50.9868635],[-113.9227402,50.9867112],[-113.9227408,50.9865927],[-113.9227445,50.9864743],[-113.9227512,50.9863559],[-113.922761,50.9862376],[-113.9227738,50.9861194],[-113.9227897,50.9860014],[-113.9228086,50.9858835],[-113.9228306,50.9857658],[-113.9228556,50.9856484],[-113.9228836,50.9855313],[-113.9229146,50.9854144],[-113.9229486,50.9852979],[-113.9229856,50.9851818],[-113.9230257,50.985066],[-113.9230687,50.9849507],[-113.9231146,50.9848358],[-113.9233412,50.9842884],[-113.9233995,50.9841539],[-113.9234638,50.9840205],[-113.9235339,50.9838882],[-113.9236097,50.9837572],[-113.9236712,50.98366],[-113.9237358,50.9835637],[-113.9238204,50.9834444],[-113.9239099,50.9833264],[-113.9240043,50.98321],[-113.9241034,50.9830951],[-113.9242073,50.9829819],[-113.9243158,50.9828705],[-113.9244288,50.9827608],[-113.9245463,50.9826531],[-113.9246683,50.9825473],[-113.9247946,50.9824435],[-113.9249251,50.9823419],[-113.9250598,50.9822424],[-113.9251985,50.9821451],[-113.9253412,50.9820502],[-113.9254878,50.9819576],[-113.9256382,50.9818675],[-113.9257922,50.9817798],[-113.9259498,50.9816947],[-113.9261109,50.9816122],[-113.9262753,50.9815324],[-113.926443,50.9814553],[-113.9266137,50.9813809],[-113.9267875,50.9813094],[-113.9269642,50.9812408],[-113.9271437,50.981175],[-113.9273258,50.9811123],[-113.9275105,50.9810525],[-113.9276975,50.9809958],[-113.9278869,50.9809421],[-113.9280784,50.9808916],[-113.9282719,50.9808442],[-113.9284673,50.9808],[-113.9286172,50.9807684],[-113.9287681,50.9807387],[-113.9289199,50.9807108],[-113.9290726,50.9806849],[-113.9292095,50.9806635],[-113.929347,50.9806436],[-113.929346,50.9803593],[-113.9293481,50.9802776],[-113.9293532,50.9798331],[-113.9293449,50.9797422],[-113.929351,50.9795628],[-113.9237732,50.979567],[-113.9236301,50.9795671],[-113.9234868,50.9795672],[-113.9122212,50.9795728],[-113.9120781,50.9795729],[-113.9120781,50.9797533],[-113.9120782,50.9798436],[-113.911792,50.9798441],[-113.9116481,50.9798444],[-113.9115054,50.9798446],[-113.9079244,50.9798463],[-113.9077108,50.9798464],[-113.902407,50.9798486],[-113.9020319,50.9798488],[-113.9020316,50.9799122],[-113.9060074,50.9801992],[-113.9073102,50.9802932],[-113.9088182,50.980402],[-113.9112918,50.9805803],[-113.911502,50.9805955],[-113.9116475,50.980606],[-113.9117916,50.9806165],[-113.9120779,50.9806369],[-113.9122211,50.9806472],[-113.9136342,50.980749],[-113.9136435,50.9810442],[-113.9136521,50.9813154],[-113.9136547,50.9813963],[-113.9136561,50.9814412],[-113.9137524,50.9815396],[-113.9138216,50.9816103],[-113.9144721,50.982275],[-113.9144946,50.9829845],[-113.9145002,50.9831606],[-113.9145333,50.9842074],[-113.9173804,50.9841713],[-113.9173885,50.9844276]]]]},"properties":{":id":"row-9tn8.gbri~476m",":version":"rv-fvyi_f9zw.a54r",":created_at":"2026-10-01T19:33:45.132Z",":updated_at":"2026-10-01T19:33:45.132Z","lpid":"740477","planname":"TUC","type_code":"70","type_dscrn":"TUC","stage_code":"1","stage_dscrn":"Registered","created_dt":null,"modified_attribute_dt":"2025-12-23T14:00:12.000Z","modified_geometry_dt":"2025-12-23T14:00:12.000Z"}},
{"type":"Feature","geometry":{"type":"MultiPolygon","coordinates":[[[[-114.1336176,51.0058325],[-114.1336073,51.0058153],[-114.1335398,51.0058454],[-114.1336159,51.0059235],[-114.1336615,51.0059706],[-114.1336176,51.0058325]]]]},"properties":{":id":"row-22vn.xsps-w4v2",":version":"rv-7zqr.mbuy-chqu",":created_at":"2026-10-01T19:33:45.132Z",":updated_at":"2026-10-01T19:33:45.132Z","lpid":"760791","planname":"TUC","type_code":"70","type_dscrn":"TUC","stage_code":"1","stage_dscrn":"Registered","created_dt":"2017-04-18T14:46:11.000Z","modified_attribute_dt":"2025-12-23T08:04:22.000Z","modified_geometry_dt":"2025-12-23T08:04:22.000Z"}},
{"type":"Feature","geometry":{"type":"MultiPolygon","coordinates":[[[[-113.9403958,50.9073],[-113.9404774,50.9072929],[-113.940559,50.9072858],[-113.9406624,50.9072768],[-113.9407658,50.9072678],[-113.9408033,50.9072645],[-113.9408025,50.9068539],[-113.9408017,50.9065317],[-113.9407941,50.9055581],[-113.9407892,50.9044092],[-113.940787,50.9035793],[-113.940684,50.9036507],[-113.9406667,50.9036627],[-113.9405673,50.9037317],[-113.9404765,50.9037949],[-113.9403594,50.9038049],[-113.94028,50.9038118],[-113.9402509,50.9038143],[-113.9399584,50.9038394],[-113.9398125,50.9038519],[-113.9396579,50.9038652],[-113.9395119,50.9038777],[-113.939366,50.9038903],[-113.93922,50.9039028],[-113.939074,50.9039153],[-113.9389195,50.9039286],[-113.9387735,50.9039411],[-113.9386275,50.9039537],[-113.938473,50.9039669],[-113.938327,50.9039795],[-113.938181,50.903992],[-113.9380265,50.9040053],[-113.9378805,50.9040178],[-113.937726,50.9040311],[-113.93758,50.9040436],[-113.9374254,50.9040569],[-113.9372795,50.9040694],[-113.9371249,50.9040827],[-113.9369789,50.9040952],[-113.9368244,50.9041085],[-113.9366784,50.904121],[-113.9365324,50.9041335],[-113.9363865,50.9041461],[-113.9361905,50.9041629],[-113.9358965,50.9041881],[-113.9355074,50.9042215],[-113.9340704,50.9043447],[-113.9339146,50.9043582],[-113.9330354,50.9044336],[-113.9328796,50.904447],[-113.9326459,50.904467],[-113.9299798,50.9046947],[-113.9298994,50.9047026],[-113.9293433,50.9047503],[-113.9290603,50.9047745],[-113.9290633,50.9052841],[-113.9290638,50.9054404],[-113.929064,50.9055299],[-113.929067,50.9066284],[-113.9290647,50.9068502],[-113.9290699,50.9075898],[-113.929071,50.9083434],[-113.9292127,50.9083373],[-113.9293565,50.9083289],[-113.9294244,50.9083249],[-113.9298034,50.9083031],[-113.9299782,50.9082931],[-113.9307771,50.9082468],[-113.932047,50.9081732],[-113.9327935,50.9081299],[-113.9334404,50.9080924],[-113.9335541,50.9080858],[-113.9342224,50.908047],[-113.9349758,50.9080037],[-113.9358163,50.9077469],[-113.935923,50.9077144],[-113.9360413,50.9076785],[-113.9365338,50.9076358],[-113.9371782,50.9075797],[-113.9385728,50.9074585],[-113.939223,50.9074019],[-113.939962,50.9073377],[-113.9400695,50.9073283],[-113.9401511,50.9073213],[-113.9402326,50.9073142],[-113.9403142,50.9073071],[-113.9403958,50.9073]]]]},"properties":{":id":"row-d9x5-wi9r~cwk6",":version":"rv-wtaj.kvcr-z8tt",":created_at":"2026-10-01T19:33:45.132Z",":updated_at":"2026-10-01T19:33:45.132Z","lpid":"651952","planname":"TUC","type_code":"70","type_dscrn":"TUC","stage_code":"1","stage_dscrn":"Registered","created_dt":null,"modified_attribute_dt":"2025-12-26T09:23:52.000Z","modified_geometry_dt":"2025-12-26T09:23:52.000Z"}},
{"type":"Feature","geometry":{"type":"MultiPolygon","coordinates":[[[[-113.9246608,50.9504492],[-113.9237713,50.9522103],[-113.9240679,50.9522196],[-113.9243642,50.952231],[-113.9246603,50.9522446],[-113.9246604,50.9520453],[-113.9246607,50.9506631],[-113.9246607,50.9506563],[-113.9246607,50.9506294],[-113.9246608,50.9505757],[-113.9246608,50.9504492]]],[[[-113.9235829,50.9530297],[-113.9235846,50.950451],[-113.9223255,50.9504534],[-113.9185766,50.9504605],[-113.9185662,50.9504605],[-113.9182971,50.950461],[-113.9178656,50.9504618],[-113.9174078,50.9504627],[-113.9161245,50.9504655],[-113.916215,50.9506466],[-113.9169989,50.9522109],[-113.9171816,50.9525757],[-113.9173142,50.9528424],[-113.9175344,50.9532775],[-113.9178306,50.9538755],[-113.9177175,50.9578755],[-113.9186117,50.9578744],[-113.9192336,50.9578737],[-113.9226223,50.9578691],[-113.9227725,50.9578695],[-113.923213,50.9578686],[-113.923579,50.9578679],[-113.9235808,50.9560237],[-113.9235824,50.9537985],[-113.9235829,50.9530297]]]]},"properties":{":id":"row-t9h7_3p7u.fufg",":version":"rv-tf9b-uru3.jrer",":created_at":"2026-10-01T19:33:45.132Z",":updated_at":"2026-10-01T19:33:45.132Z","lpid":"591689","planname":"TUC","type_code":"70","type_dscrn":"TUC","stage_code":"1","stage_dscrn":"Registered","created_dt":null,"modified_attribute_dt":"2025-12-30T13:54:19.000Z","modified_geometry_dt":"2025-12-30T13:54:19.000Z"}},
{"type":"Feature","geometry":{"type":"MultiPolygon","coordinates":[[[[-114.1287387,50.9212521],[-114.1287382,50.9209194],[-114.1286527,50.9209441],[-114.1285664,50.9209676],[-114.1284792,50.9209899],[-114.1283913,50.921011],[-114.1283027,50.9210308],[-114.1282134,50.9210495],[-114.1281235,50.9210669],[-114.128033,50.921083],[-114.1278726,50.9211084],[-114.1277107,50.9211298],[-114.1275446,50.9211476],[-114.1273776,50.9211613],[-114.1272134,50.9211718],[-114.1272228,50.9212536],[-114.1287387,50.9212521]]]]},"properties":{":id":"row-y4bi~67tz.y5kc",":version":"rv-wfzw-ab4s~99rj",":created_at":"2026-10-01T19:33:45.132Z",":updated_at":"2026-10-01T19:33:45.132Z","lpid":"760692","planname":"TUC","type_code":"70","type_dscrn":"TUC","stage_code":"1","stage_dscrn":"Registered","created_dt":"2017-04-17T14:52:37.000Z","modified_attribute_dt":"2025-12-31T11:07:53.000Z","modified_geometry_dt":"2025-12-31T11:07:53.000Z"}},
{"type":"Feature","geometry":{"type":"MultiPolygon","coordinates":[[[[-114.1387131,50.9250634],[-114.1385788,50.9249364],[-114.1385841,50.9267794],[-114.139314,50.9269105],[-114.1403428,50.9271984],[-114.140272,50.9270589],[-114.1401973,50.9269202],[-114.1401828,50.9268946],[-114.1401118,50.9267741],[-114.1400379,50.9266542],[-114.1399612,50.9265351],[-114.1398816,50.9264167],[-114.1397992,50.9262991],[-114.1397141,50.9261823],[-114.1396261,50.9260663],[-114.1395354,50.9259511],[-114.139442,50.9258368],[-114.1393458,50.9257234],[-114.139247,50.925611],[-114.1391455,50.9254995],[-114.1390413,50.9253889],[-114.1389345,50.9252794],[-114.1388251,50.9251709],[-114.1387131,50.9250634]]]]},"properties":{":id":"row-dckr~er3c-gp4k",":version":"rv-cstp-p254-cj3a",":created_at":"2026-10-01T19:33:45.132Z",":updated_at":"2026-10-01T19:33:45.132Z","lpid":"760757","planname":"TUC","type_code":"70","type_dscrn":"TUC","stage_code":"1","stage_dscrn":"Registered","created_dt":"2017-04-18T13:58:40.000Z","modified_attribute_dt":"2025-12-31T09:06:22.000Z","modified_geometry_dt":"2025-12-31T09:06:22.000Z"}},
{"type":"Feature","geometry":{"type":"MultiPolygon","coordinates":[[[[-114.1381014,50.9261862],[-114.138297,50.9262785],[-114.1382925,50.9246653],[-114.1377324,50.9241353],[-114.1363675,50.9232287],[-114.1363067,50.9231872],[-114.1362474,50.9231449],[-114.1361897,50.9231016],[-114.1361336,50.9230575],[-114.1360792,50.9230126],[-114.1360265,50.9229669],[-114.1359756,50.9229204],[-114.1359264,50.9228732],[-114.135879,50.9228252],[-114.1358334,50.9227766],[-114.1357897,50.9227273],[-114.1357478,50.9226773],[-114.1357078,50.9226267],[-114.1356697,50.9225756],[-114.1356336,50.9225239],[-114.1355994,50.9224716],[-114.1355672,50.9224189],[-114.135537,50.9223657],[-114.1355087,50.9223121],[-114.1354825,50.9222581],[-114.1354584,50.9222037],[-114.1354363,50.9221489],[-114.1354162,50.9220938],[-114.1353982,50.9220385],[-114.1353823,50.9219829],[-114.1353685,50.921927],[-114.1353568,50.921871],[-114.1353473,50.9218148],[-114.1353398,50.9217585],[-114.1353344,50.9217021],[-114.1353312,50.9216457],[-114.1353301,50.9215892],[-114.1353302,50.9215881],[-114.1353299,50.9214331],[-114.1314088,50.9214331],[-114.1314977,50.921505],[-114.1315406,50.9215396],[-114.1316489,50.9216272],[-114.1317917,50.9217426],[-114.1319305,50.9218548],[-114.1320492,50.9219508],[-114.13207,50.9219676],[-114.1322555,50.922127],[-114.1323604,50.9222143],[-114.132467,50.9223008],[-114.1325752,50.9223866],[-114.132685,50.9224717],[-114.1327964,50.922556],[-114.1329095,50.9226396],[-114.1330822,50.9227638],[-114.1332583,50.922886],[-114.1333779,50.9229667],[-114.1335608,50.9230865],[-114.1336841,50.9231651],[-114.1338089,50.9232427],[-114.1339351,50.9233194],[-114.1340627,50.9233952],[-114.1341917,50.9234701],[-114.134322,50.9235441],[-114.1344537,50.9236171],[-114.1345867,50.9236891],[-114.134962,50.9238865],[-114.1354755,50.9241589],[-114.1356705,50.924268],[-114.1358619,50.9243797],[-114.1360494,50.9244939],[-114.1362329,50.9246106],[-114.1364125,50.9247298],[-114.136588,50.9248514],[-114.1367593,50.9249754],[-114.1369264,50.9251016],[-114.1370891,50.92523],[-114.1372475,50.9253606],[-114.1374014,50.9254933],[-114.1375507,50.925628],[-114.1376954,50.9257648],[-114.1378355,50.9259034],[-114.1379708,50.9260439],[-114.1381014,50.9261862]]]]},"properties":{":id":"row-g963-q5en-98me",":version":"rv-w6ar.t6z5.5mzf",":created_at":"2026-10-01T19:33:45.132Z",":updated_at":"2026-10-01T19:33:45.132Z","lpid":"760748","planname":"TUC","type_code":"70","type_dscrn":"TUC","stage_code":"1","stage_dscrn":"Registered","created_dt":"2017-04-18T13:59:21.000Z","modified_attribute_dt":"2025-12-31T11:07:53.000Z","modified_geometry_dt":"2025-12-31T11:07:53.000Z"}},
{"type":"Feature","geometry":{"type":"MultiPolygon","coordinates":[[[[-114.138283,50.921433],[-114.1379063,50.9214331],[-114.1378352,50.9214331],[-114.1353299,50.9214331],[-114.1353301,50.9215892],[-114.1353312,50.9216457],[-114.1353344,50.9217021],[-114.1353398,50.9217585],[-114.1353473,50.9218148],[-114.1353568,50.921871],[-114.1353685,50.921927],[-114.1353823,50.9219829],[-114.1353982,50.9220385],[-114.1354162,50.9220938],[-114.1354363,50.9221489],[-114.1354584,50.9222037],[-114.1354825,50.9222581],[-114.1355087,50.9223121],[-114.135537,50.9223657],[-114.1355672,50.9224189],[-114.1355994,50.9224716],[-114.1356336,50.9225239],[-114.1356697,50.9225756],[-114.1357078,50.9226267],[-114.1357478,50.9226773],[-114.1357897,50.9227273],[-114.1358334,50.9227766],[-114.135879,50.9228252],[-114.1359264,50.9228732],[-114.1359756,50.9229204],[-114.1360265,50.9229669],[-114.1360792,50.9230126],[-114.1361336,50.9230575],[-114.1361897,50.9231016],[-114.1362474,50.9231449],[-114.1363067,50.9231872],[-114.1363675,50.9232287],[-114.136368,50.9232289],[-114.1377319,50.9241353],[-114.1382925,50.9246653],[-114.1382896,50.9237257],[-114.1380514,50.9237259],[-114.1380079,50.9237261],[-114.1380067,50.9233014],[-114.1380501,50.9233012],[-114.1382884,50.923301],[-114.138283,50.921433]]]]},"properties":{":id":"row-79xg-wrg4_btae",":version":"rv-a2q8~2vge-tca2",":created_at":"2026-10-01T19:33:45.132Z",":updated_at":"2026-10-01T19:33:45.132Z","lpid":"760753","planname":"TUC","type_code":"70","type_dscrn":"TUC","stage_code":"1","stage_dscrn":"Registered","created_dt":"2017-04-18T13:59:47.000Z","modified_attribute_dt":"2025-12-31T11:07:53.000Z","modified_geometry_dt":"2025-12-31T11:07:53.000Z"}},
{"type":"Feature","geometry":{"type":"MultiPolygon","coordinates":[[[[-113.9452363,50.9072752],[-113.9453809,50.9073272],[-113.9457854,50.9074727],[-113.9461319,50.9075974],[-113.9465276,50.9077396],[-113.9466387,50.9077797],[-113.9467033,50.9078029],[-113.946927,50.9078834],[-113.9469954,50.9079094],[-113.9470617,50.9079375],[-113.9471258,50.9079676],[-113.9471874,50.9079996],[-113.9472277,50.9080224],[-113.9472668,50.908046],[-113.9473046,50.9080703],[-113.9473411,50.9080955],[-113.9473964,50.908137],[-113.9474482,50.9081804],[-113.9474841,50.9082133],[-113.9475178,50.908247],[-113.9475495,50.9082816],[-113.947579,50.9083169],[-113.9476063,50.9083529],[-113.9476313,50.9083896],[-113.9476541,50.9084268],[-113.9476745,50.9084646],[-113.9476899,50.9084947],[-113.9481333,50.9093646],[-113.9482311,50.9095565],[-113.9482827,50.9096566],[-113.9483177,50.9097231],[-113.9484064,50.9098874],[-113.9484902,50.9100377],[-113.9485764,50.9101876],[-113.9485911,50.9102125],[-113.9486652,50.9103345],[-113.9487426,50.9104556],[-113.9489627,50.9103978],[-113.9492581,50.9103201],[-113.9496172,50.9102255],[-113.9495617,50.9101036],[-113.9495187,50.9100039],[-113.9494787,50.9099038],[-113.9494417,50.9098032],[-113.9494077,50.9097022],[-113.9493767,50.9096008],[-113.9493488,50.9094991],[-113.9493238,50.909397],[-113.9493019,50.9092947],[-113.949283,50.9091921],[-113.9492672,50.9090893],[-113.9492545,50.9089864],[-113.9492448,50.9088833],[-113.9492381,50.9087801],[-113.9492346,50.9086769],[-113.9492341,50.9085736],[-113.9492367,50.9084704],[-113.9493036,50.9068573],[-113.9499552,50.9068579],[-113.9501919,50.9068582],[-113.9522434,50.9068583],[-113.9525296,50.9068579],[-113.9525289,50.9065837],[-113.9525272,50.9055453],[-113.9525988,50.9052714],[-113.9525983,50.9051002],[-113.9582499,50.9041237],[-113.9594246,50.9039209],[-113.9600713,50.9038092],[-113.9600982,50.9038045],[-113.9601546,50.9037948],[-113.9601791,50.9037906],[-113.9608406,50.9036763],[-113.9614025,50.9035768],[-113.9615742,50.9035494],[-113.9623538,50.9034146],[-113.962951,50.9033114],[-113.9630107,50.9033011],[-113.9630746,50.90329],[-113.9637104,50.9031801],[-113.9639213,50.9031436],[-113.9648797,50.9029779],[-113.9651132,50.90295],[-113.9656758,50.9028829],[-113.9656811,50.9028822],[-113.9658265,50.9028649],[-113.9658492,50.9028622],[-113.965858,50.9028611],[-113.9664489,50.9027906],[-113.9679388,50.9026128],[-113.9680306,50.9026015],[-113.9681705,50.9025842],[-113.9681985,50.9025809],[-113.9696155,50.9024126],[-113.9696538,50.9024082],[-113.9697719,50.9023973],[-113.9698908,50.9023901],[-113.9700101,50.9023868],[-113.9701295,50.9023872],[-113.9702487,50.9023915],[-113.9703674,50.9023997],[-113.9704853,50.9024116],[-113.970602,50.9024273],[-113.9707174,50.9024467],[-113.9708311,50.9024697],[-113.9709427,50.9024964],[-113.9710521,50.9025267],[-113.9711588,50.9025604],[-113.9712628,50.9025974],[-113.9713636,50.9026378],[-113.971461,50.9026813],[-113.9715233,50.9027117],[-113.9715839,50.9027434],[-113.9716429,50.9027764],[-113.9717,50.9028106],[-113.9717554,50.9028459],[-113.9718088,50.9028824],[-113.9718602,50.9029201],[-113.9719097,50.9029587],[-113.9725214,50.903037],[-113.9731491,50.9031176],[-113.9747042,50.9031148],[-113.9750839,50.9031129],[-113.9753474,50.9031115],[-113.9753409,50.9015334],[-113.9753356,50.900586],[-113.97533,50.8995924],[-113.9753225,50.8982447],[-113.97525,50.8985184],[-113.9752553,50.8995532],[-113.9682156,50.8995688],[-113.9678533,50.8995696],[-113.9654647,50.8995748],[-113.9649211,50.8996701],[-113.9647659,50.8996975],[-113.9647133,50.8997066],[-113.9645561,50.8997341],[-113.9639096,50.8998475],[-113.9612095,50.9003211],[-113.9604427,50.900461],[-113.960146,50.9005133],[-113.9598523,50.9005651],[-113.9596689,50.9005974],[-113.9595266,50.9006225],[-113.9593843,50.9006476],[-113.9592701,50.9006673],[-113.959242,50.9006727],[-113.9590997,50.9006978],[-113.95893,50.9007277],[-113.9586811,50.9007716],[-113.9583372,50.9008322],[-113.9581155,50.9008713],[-113.9581015,50.9008722],[-113.9580538,50.90088],[-113.9578017,50.9009247],[-113.9574617,50.9009848],[-113.9572683,50.9010189],[-113.9571264,50.901044],[-113.9569845,50.9010691],[-113.9568342,50.9010957],[-113.9566923,50.9011207],[-113.956542,50.9011473],[-113.9564001,50.9011724],[-113.9562499,50.9011989],[-113.956108,50.901224],[-113.9559577,50.9012505],[-113.9558158,50.9012756],[-113.9556655,50.9013022],[-113.9555236,50.9013272],[-113.9553733,50.9013538],[-113.9552313,50.9013789],[-113.9550811,50.9014054],[-113.9549392,50.9014306],[-113.9547093,50.9014711],[-113.95445,50.9015169],[-113.9540186,50.901593],[-113.9539817,50.9015997],[-113.9539587,50.9016031],[-113.9539332,50.9016076],[-113.9534777,50.9017104],[-113.9525122,50.9015362],[-113.9522196,50.9014954],[-113.952225,50.9014915],[-113.9521326,50.9014772],[-113.9519954,50.9014558],[-113.9492065,50.9010217],[-113.9488822,50.9009711],[-113.9486433,50.9009339],[-113.9484585,50.9009051],[-113.9484186,50.9009138],[-113.9481789,50.9009662],[-113.9481547,50.9009715],[-113.9479128,50.9010244],[-113.947683,50.9010747],[-113.9474771,50.9011197],[-113.9472505,50.9011693],[-113.9469948,50.9012252],[-113.9469441,50.9011797],[-113.9468964,50.901133],[-113.9468518,50.9010851],[-113.9468103,50.9010361],[-113.9467721,50.9009861],[-113.9467372,50.9009351],[-113.9467056,50.9008832],[-113.9466775,50.9008306],[-113.9466708,50.9008171],[-113.9466363,50.9007478],[-113.946602,50.9006786],[-113.9465706,50.9006155],[-113.9465393,50.9005525],[-113.946508,50.9004895],[-113.9464767,50.9004265],[-113.9464455,50.9003635],[-113.9464142,50.9003005],[-113.9463808,50.9002331],[-113.9463471,50.9001654],[-113.9463011,50.9000727],[-113.9462522,50.8999741],[-113.946162,50.8997923],[-113.9461399,50.8997479],[-113.9461322,50.8997325],[-113.9461297,50.8997273],[-113.9460697,50.8996068],[-113.9454306,50.8996079],[-113.9452252,50.8996097],[-113.9449249,50.8996097],[-113.9444842,50.8996096],[-113.9436374,50.8996094],[-113.9430441,50.8996093],[-113.9430222,50.8996093],[-113.9430168,50.8996093],[-113.9429425,50.8996093],[-113.9429681,50.8996808],[-113.9429783,50.8997095],[-113.9429827,50.8997216],[-113.9430418,50.8998872],[-113.9431086,50.9000738],[-113.9431412,50.9001647],[-113.9431737,50.9002555],[-113.9432081,50.9003517],[-113.9432407,50.9004425],[-113.9432732,50.9005334],[-113.9433057,50.9006242],[-113.9433402,50.9007204],[-113.9433727,50.9008113],[-113.9434052,50.9009021],[-113.9434397,50.9009983],[-113.9434722,50.9010892],[-113.9435048,50.90118],[-113.9435392,50.9012762],[-113.9435717,50.901367],[-113.9436043,50.9014579],[-113.9436387,50.9015541],[-113.9437377,50.9018306],[-113.9437679,50.9019146],[-113.9434398,50.901981],[-113.9431181,50.9020462],[-113.9429445,50.9020814],[-113.9428768,50.9021284],[-113.9428596,50.9021403],[-113.9428538,50.9021444],[-113.9427849,50.9021922],[-113.9424879,50.9023984],[-113.9422543,50.9025606],[-113.9420247,50.90272],[-113.9419844,50.902748],[-113.9419814,50.90275],[-113.9419671,50.9027599],[-113.9419614,50.902764],[-113.9419282,50.9027869],[-113.941924,50.90279],[-113.9419238,50.9027901],[-113.9418537,50.9028387],[-113.9415778,50.9030303],[-113.9414218,50.9031385],[-113.9413168,50.9032115],[-113.9412176,50.9032803],[-113.9411185,50.9033491],[-113.9409038,50.9034981],[-113.940787,50.9035793],[-113.9407892,50.9044092],[-113.9407941,50.9055581],[-113.9408017,50.9065317],[-113.9408025,50.9068539],[-113.9408033,50.9072645],[-113.9408476,50.9072607],[-113.9409292,50.9072536],[-113.9410109,50.9072465],[-113.9410926,50.9072394],[-113.9411951,50.9072304],[-113.9412824,50.9072228],[-113.9413137,50.9072202],[-113.9413944,50.9072142],[-113.9414771,50.9072093],[-113.9415594,50.9072056],[-113.9416415,50.9072031],[-113.9417629,50.9072014],[-113.9418858,50.9072024],[-113.9419682,50.9072045],[-113.9420503,50.9072079],[-113.942133,50.9072125],[-113.9422144,50.9072185],[-113.9422734,50.9072233],[-113.9423274,50.9072283],[-113.9423451,50.9072302],[-113.9424312,50.9072395],[-113.9424346,50.9072393],[-113.9425213,50.9072501],[-113.9436835,50.9070483],[-113.943915,50.907008],[-113.9442226,50.9069546],[-113.9443054,50.9069402],[-113.9445046,50.907012],[-113.9447636,50.9071051],[-113.9451261,50.9072356],[-113.9452363,50.9072752]]]]},"properties":{":id":"row-eg2d-tsvi.t5i5",":version":"rv-xvey_5d2y.ubrn",":created_at":"2026-10-01T19:33:45.132Z",":updated_at":"2026-10-01T19:33:45.132Z","lpid":"739794","planname":"TUC","type_code":"70","type_dscrn":"TUC","stage_code":"1","stage_dscrn":"Registered","created_dt":null,"modified_attribute_dt":"2026-01-05T13:44:29.000Z","modified_geometry_dt":"2026-01-05T13:44:29.000Z"}},
{"type":"Feature","geometry":{"type":"MultiPolygon","coordinates":[[[[-113.9118539,50.9215255],[-113.9118508,50.9221496],[-113.9121274,50.9225692],[-113.912117,50.9254915],[-113.9121131,50.9265799],[-113.9121101,50.9274173],[-113.9121093,50.9286873],[-113.912109,50.9287778],[-113.912252,50.9287778],[-113.9123826,50.9287778],[-113.9235818,50.9287764],[-113.9235769,50.9254222],[-113.9235767,50.9252423],[-113.9235766,50.9251524],[-113.9230563,50.9251537],[-113.9229959,50.9248323],[-113.9229802,50.9248323],[-113.9228524,50.9248324],[-113.9228517,50.9248324],[-113.9215637,50.9248341],[-113.9215545,50.9248341],[-113.9215273,50.9248341],[-113.9213367,50.9248344],[-113.9210409,50.9248348],[-113.9207226,50.9248352],[-113.9206146,50.924835],[-113.9205194,50.9246667],[-113.920415,50.9244821],[-113.9202988,50.9242768],[-113.9202762,50.9242368],[-113.9202672,50.9242208],[-113.9202636,50.9242145],[-113.9201884,50.9240816],[-113.9201348,50.9239869],[-113.9200764,50.9238836],[-113.9200182,50.9237806],[-113.9199625,50.9236822],[-113.9199038,50.9235784],[-113.9198343,50.9234556],[-113.9198313,50.9234504],[-113.9198224,50.9234346],[-113.9197493,50.9233054],[-113.9196249,50.9230855],[-113.9194935,50.9228531],[-113.9193851,50.9226614],[-113.9193809,50.9226541],[-113.9193744,50.9226426],[-113.9193711,50.9226367],[-113.9193625,50.9226216],[-113.9193512,50.9226016],[-113.9193405,50.9225826],[-113.9193132,50.9225345],[-113.9191989,50.9223323],[-113.9190854,50.9221316],[-113.919044,50.9220585],[-113.9190338,50.9220404],[-113.9190299,50.9220336],[-113.9187384,50.9215182],[-113.9186299,50.9213458],[-113.91767,50.9200825],[-113.9174915,50.9198419],[-113.9174878,50.919837],[-113.9174772,50.9198223],[-113.9174561,50.9197934],[-113.917283,50.9195644],[-113.9171451,50.919382],[-113.9169936,50.9191816],[-113.9168712,50.9190197],[-113.9168675,50.9190148],[-113.9168564,50.9190001],[-113.9168411,50.9189799],[-113.9166765,50.918762],[-113.9165749,50.9186276],[-113.9165114,50.9185436],[-113.9164479,50.9184596],[-113.9163816,50.9183757],[-113.9163179,50.9182913],[-113.9162543,50.9182069],[-113.9161907,50.9181225],[-113.9161271,50.9180382],[-113.9160636,50.917954],[-113.9159963,50.9178647],[-113.9159328,50.9177805],[-113.9158693,50.9176963],[-113.9158058,50.9176121],[-113.9157423,50.9175279],[-113.9156788,50.9174436],[-113.9156115,50.9173544],[-113.915548,50.9172702],[-113.9154845,50.917186],[-113.915421,50.9171018],[-113.9153575,50.9170175],[-113.915294,50.9169333],[-113.9152267,50.9168441],[-113.9151632,50.9167599],[-113.9150997,50.9166756],[-113.9150362,50.9165914],[-113.9149727,50.9165072],[-113.9149581,50.9164878],[-113.9149153,50.916378],[-113.9148584,50.9162278],[-113.914787,50.9160326],[-113.9147675,50.9159761],[-113.9147381,50.9158942],[-113.9146705,50.9156975],[-113.9146283,50.9155683],[-113.9146102,50.9155119],[-113.9145966,50.915469],[-113.9145832,50.915426],[-113.9145698,50.915383],[-113.9145566,50.9153399],[-113.9145531,50.9153271],[-113.914544,50.9152968],[-113.9145311,50.9152538],[-113.9144927,50.9151266],[-113.914473,50.9150615],[-113.9145912,50.9149793],[-113.914638,50.914947],[-113.9146847,50.9149146],[-113.9147315,50.9148822],[-113.9147782,50.9148499],[-113.914825,50.9148175],[-113.9149034,50.9147632],[-113.9149801,50.9147101],[-113.9150268,50.9146778],[-113.9150517,50.9146605],[-113.9150735,50.9146454],[-113.9151202,50.9146129],[-113.9151669,50.9145805],[-113.9152135,50.9145481],[-113.9152748,50.9145055],[-113.915635,50.9142553],[-113.9156464,50.9142473],[-113.9156473,50.9142467],[-113.9156579,50.9142393],[-113.9156617,50.9142367],[-113.9158496,50.9141061],[-113.9150505,50.9141064],[-113.9128333,50.9141072],[-113.9076599,50.9141113],[-113.9063658,50.9141148],[-113.9063766,50.9174139],[-113.9063855,50.9198725],[-113.9064359,50.9198724],[-113.9066173,50.9198721],[-113.9079104,50.9198704],[-113.9079381,50.9198704],[-113.9094433,50.9198706],[-113.9094672,50.9198706],[-113.9099127,50.9198722],[-113.9104103,50.9198739],[-113.9112738,50.921357],[-113.9113078,50.9213915],[-113.9113859,50.9214709],[-113.9114397,50.9215256],[-113.9118539,50.9215255]]]]},"properties":{":id":"row-ivnq-7r5v_64mm",":version":"rv-ijdf~yaxx.8574",":created_at":"2026-10-01T19:33:45.132Z",":updated_at":"2026-10-01T19:33:45.132Z","lpid":"592062","planname":"TUC","type_code":"70","type_dscrn":"TUC","stage_code":"1","stage_dscrn":"Registered","created_dt":null,"modified_attribute_dt":"2026-01-05T11:51:09.000Z","modified_geometry_dt":"2026-01-05T11:51:09.000Z"}},
{"type":"Feature","geometry":{"type":"MultiPolygon","coordinates":[[[[-114.0706946,50.8886301],[-114.0706918,50.8899895],[-114.0706916,50.8900916],[-114.0706915,50.8901186],[-114.0706904,50.8906967],[-114.0706902,50.8907866],[-114.0706901,50.8908675],[-114.0706899,50.8909484],[-114.0706889,50.8914708],[-114.0706888,50.8915158],[-114.0706883,50.8917614],[-114.0706873,50.8920356],[-114.0706832,50.8933178],[-114.0706824,50.8935879],[-114.0706823,50.8936328],[-114.0706816,50.8938748],[-114.0706815,50.8938821],[-114.0706793,50.8944792],[-114.0706765,50.8953169],[-114.0706738,50.8959359],[-114.0709601,50.8959359],[-114.0709622,50.8952819],[-114.070964,50.894695],[-114.0709712,50.8923216],[-114.0938229,50.8923022],[-114.0938199,50.8952496],[-114.093821,50.8959211],[-114.093821,50.895936],[-114.0941068,50.8959359],[-114.0942498,50.8959358],[-114.0948952,50.8959349],[-114.095428,50.8959341],[-114.0954689,50.8959341],[-114.095603,50.8959339],[-114.0956516,50.8958935],[-114.0957062,50.8958507],[-114.0957627,50.8958089],[-114.0958201,50.8957678],[-114.0958793,50.8957277],[-114.0959498,50.8956833],[-114.0960226,50.8956403],[-114.0960974,50.8955988],[-114.0961743,50.8955588],[-114.0962446,50.8955245],[-114.0963165,50.8954914],[-114.0963898,50.8954596],[-114.0964645,50.8954292],[-114.0965365,50.8954016],[-114.0966095,50.8953753],[-114.0966837,50.8953502],[-114.0967589,50.8953264],[-114.0968601,50.8952968],[-114.0969628,50.8952696],[-114.097067,50.8952447],[-114.0971726,50.8952221],[-114.0972152,50.8952138],[-114.0973235,50.8951944],[-114.0974328,50.8951775],[-114.097543,50.8951631],[-114.097654,50.8951512],[-114.0977892,50.89514],[-114.097925,50.8951325],[-114.098018,50.8951286],[-114.0984113,50.8951104],[-114.0984324,50.8951094],[-114.0986127,50.8951055],[-114.0986382,50.895105],[-114.0986553,50.8951046],[-114.0989678,50.8950978],[-114.0991515,50.8950938],[-114.0992676,50.8950913],[-114.0993726,50.895089],[-114.0994775,50.8950867],[-114.099615,50.8950837],[-114.0997525,50.8950806],[-114.09989,50.8950776],[-114.1000274,50.8950746],[-114.1001324,50.8950723],[-114.1002373,50.89507],[-114.1003748,50.895067],[-114.1005123,50.895064],[-114.1006173,50.8950617],[-114.1007222,50.8950594],[-114.1008384,50.8950569],[-114.101036,50.8950525],[-114.101349,50.8950455],[-114.101366,50.8950451],[-114.1019187,50.8950332],[-114.1019613,50.8950322],[-114.1021258,50.8950286],[-114.1022647,50.8950256],[-114.1024035,50.8950225],[-114.1025424,50.8950195],[-114.1026813,50.8950164],[-114.1028202,50.8950134],[-114.1029591,50.8950103],[-114.1030979,50.8950073],[-114.1032368,50.8950043],[-114.1033757,50.8950012],[-114.1035146,50.8949982],[-114.1036534,50.8949951],[-114.1037923,50.8949921],[-114.1039312,50.894989],[-114.1040701,50.894986],[-114.1042089,50.8949829],[-114.1043478,50.8949799],[-114.1044867,50.8949768],[-114.1046256,50.8949738],[-114.1047645,50.8949707],[-114.1048132,50.8949693],[-114.1048843,50.8949677],[-114.1049289,50.8949671],[-114.1049715,50.8949661],[-114.1055438,50.8949535],[-114.1057667,50.8949481],[-114.1061378,50.8949564],[-114.1076442,50.89499],[-114.1081274,50.8950008],[-114.1087172,50.8950139],[-114.1112644,50.8950706],[-114.1112685,50.8950707],[-114.1114778,50.8950751],[-114.1119836,50.8950863],[-114.1121752,50.8950905],[-114.1124805,50.8950972],[-114.1138839,50.8951281],[-114.1143739,50.8951388],[-114.1148647,50.8951496],[-114.1148996,50.8951503],[-114.1150132,50.8951529],[-114.1159186,50.8951728],[-114.1160071,50.8951754],[-114.1160954,50.8951794],[-114.1161836,50.8951848],[-114.1162716,50.8951914],[-114.1163213,50.8951958],[-114.1164242,50.8952062],[-114.1165266,50.8952185],[-114.1166284,50.8952326],[-114.1167295,50.8952485],[-114.1168572,50.8952702],[-114.1169836,50.8952948],[-114.1172715,50.8953676],[-114.1172714,50.8952212],[-114.1172709,50.8941102],[-114.1172708,50.893724],[-114.1172715,50.8922886],[-114.1400774,50.8922696],[-114.1401763,50.8922695],[-114.1401763,50.8920887],[-114.140095,50.8920887],[-114.1287099,50.8920989],[-114.1172701,50.8921077],[-114.1172717,50.8920037],[-114.1173436,50.8920037],[-114.1173439,50.8918778],[-114.1173441,50.8916171],[-114.1173442,50.891529],[-114.1173443,50.8914408],[-114.1173449,50.8905208],[-114.1173451,50.8903859],[-114.1173455,50.8898377],[-114.1173469,50.8879582],[-114.1173466,50.8879312],[-114.1173469,50.8878863],[-114.1173476,50.8870833],[-114.1172741,50.887014],[-114.1169896,50.8866877],[-114.1169883,50.8879303],[-114.1169883,50.8879572],[-114.1169878,50.8884934],[-114.1169869,50.8885157],[-114.1169874,50.88884],[-114.1169874,50.8888947],[-114.1169869,50.8893627],[-114.1169868,50.8895202],[-114.1169867,50.8895652],[-114.1169867,50.889597],[-114.1169866,50.889651],[-114.1169861,50.8901511],[-114.1169859,50.8903848],[-114.1169858,50.8905196],[-114.1169849,50.8913831],[-114.1169851,50.8915389],[-114.1169849,50.8919676],[-114.1169848,50.8921076],[-114.1169489,50.8921077],[-114.0941096,50.8921209],[-114.0941099,50.8920166],[-114.0941098,50.8918548],[-114.0941103,50.8917566],[-114.0941128,50.8902472],[-114.0941136,50.8897176],[-114.0941154,50.8884981],[-114.0938298,50.8884981],[-114.0938228,50.8920169],[-114.0938215,50.8921213],[-114.0823999,50.8921282],[-114.0709782,50.8921339],[-114.0709784,50.8920298],[-114.0709815,50.8907817],[-114.0709824,50.8904328],[-114.0709775,50.8900916],[-114.0709803,50.8886309],[-114.0706946,50.8886301]]]]},"properties":{":id":"row-efej~ff8f~hc28",":version":"rv-zbx4_h72v_qbg4",":created_at":"2026-10-01T19:33:45.132Z",":updated_at":"2026-10-01T19:33:45.132Z","lpid":"592858","planname":"TUC","type_code":"70","type_dscrn":"TUC","stage_code":"1","stage_dscrn":"Registered","created_dt":null,"modified_attribute_dt":"2026-01-06T13:32:59.000Z","modified_geometry_dt":"2026-01-06T13:32:59.000Z"}},
{"type":"Feature","geometry":{"type":"MultiPolygon","coordinates":[[[[-113.9997635,51.1703027],[-113.9987496,51.1721913],[-113.9932941,51.1738877],[-113.9932957,51.1761064],[-113.9932966,51.1761248],[-113.9932994,51.1785418],[-113.996072,51.1797427],[-113.9980349,51.1797418],[-113.9995265,51.1809222],[-113.999628,51.1810027],[-113.9997079,51.1812853],[-113.9997978,51.1815913],[-113.9999115,51.1824697],[-113.9999073,51.1830456],[-113.9999052,51.1833508],[-113.9998755,51.1833556],[-113.9998454,51.1833593],[-114.000279,51.183359],[-114.0007113,51.1833589],[-114.0011843,51.1833588],[-114.0011889,51.1833588],[-114.0014079,51.1833591],[-114.0014801,51.1833591],[-114.0015517,51.1833592],[-114.0018393,51.183359],[-114.0019113,51.1833589],[-114.0019831,51.1833589],[-114.002247,51.1833586],[-114.0022472,51.1812454],[-114.0026615,51.1812451],[-114.0026763,51.1812193],[-114.003156,51.1803818],[-114.0077322,51.1803757],[-114.0077322,51.1801959],[-114.0077608,51.1801958],[-114.0080208,51.1801955],[-114.0132742,51.1801884],[-114.0141166,51.1801875],[-114.0172725,51.1780767],[-114.0174121,51.1781592],[-114.0173956,51.1781775],[-114.0177289,51.1783476],[-114.0178569,51.1784232],[-114.0178924,51.1784442],[-114.0179163,51.1784583],[-114.0179849,51.1784988],[-114.0186794,51.1789081],[-114.0186999,51.1788944],[-114.018812,51.1788195],[-114.018863,51.1787854],[-114.0202588,51.1778522],[-114.0247617,51.1778477],[-114.0247662,51.1778477],[-114.0247686,51.1776862],[-114.0247698,51.1776056],[-114.0247834,51.1766946],[-114.0247899,51.1762563],[-114.0247923,51.176092],[-114.0247932,51.1744667],[-114.0247853,51.1734418],[-114.0237946,51.1741046],[-114.0234893,51.1739205],[-114.0247944,51.1730469],[-114.0247955,51.1725004],[-114.0247946,51.1724661],[-114.024794,51.1722479],[-114.0244674,51.1724665],[-114.0238684,51.1724678],[-114.0209389,51.1744272],[-114.0133156,51.1744328],[-114.0087076,51.174188],[-114.0085846,51.1741805],[-114.0084618,51.1741714],[-114.0083394,51.1741607],[-114.0082173,51.1741482],[-114.0080957,51.1741342],[-114.0079747,51.1741184],[-114.0078542,51.1741011],[-114.0077343,51.1740821],[-114.0076041,51.1740595],[-114.0074747,51.174035],[-114.0073463,51.1740085],[-114.0072189,51.1739802],[-114.0070926,51.17395],[-114.0069675,51.1739179],[-114.0068436,51.173884],[-114.0067211,51.1738482],[-114.0065999,51.1738107],[-114.0064802,51.1737714],[-114.006362,51.1737303],[-114.0062453,51.1736874],[-114.0061303,51.1736429],[-114.0060171,51.1735967],[-114.0059056,51.1735488],[-114.0057959,51.1734992],[-114.0056881,51.1734481],[-114.0055823,51.1733953],[-114.0054785,51.173341],[-114.0053768,51.1732852],[-114.0052772,51.1732279],[-114.0051798,51.1731692],[-114.0050847,51.173109],[-114.0049918,51.1730474],[-114.0049013,51.1729845],[-114.0048132,51.1729202],[-114.0047275,51.1728547],[-114.0046443,51.1727879],[-114.0045637,51.1727199],[-114.0044856,51.1726507],[-114.0044102,51.1725804],[-114.0043374,51.172509],[-114.0042207,51.1725091],[-114.0041351,51.1723966],[-114.0040808,51.1723218],[-114.0040283,51.1722466],[-114.0039775,51.1721709],[-114.0039286,51.1720947],[-114.0038814,51.1720181],[-114.003836,51.171941],[-114.0037924,51.1718636],[-114.0037507,51.1717857],[-114.0037107,51.1717075],[-114.0036726,51.1716289],[-114.0036363,51.17155],[-114.0036019,51.1714708],[-114.0035694,51.1713912],[-114.0035387,51.1713114],[-114.0035099,51.1712313],[-114.0034829,51.1711509],[-114.0031474,51.1701121],[-114.0030506,51.1696803],[-114.0028722,51.1688834],[-114.0022546,51.1688845],[-114.0019823,51.168885],[-114.001911,51.1688853],[-114.0018391,51.1688854],[-114.0015526,51.1688855],[-114.0014807,51.1688855],[-114.0014088,51.1688855],[-114.0005814,51.1688857],[-114.0002935,51.1688858],[-113.9997931,51.1688861],[-113.9997833,51.1693444],[-113.9997635,51.1703027]]]]},"properties":{":id":"row-q75r~gh49~2evg",":version":"rv-ys4z_cyzs~e35h",":created_at":"2026-10-01T19:33:45.132Z",":updated_at":"2026-10-01T19:33:45.132Z","lpid":"740616","planname":"TUC","type_code":"70","type_dscrn":"TUC","stage_code":"1","stage_dscrn":"Registered","created_dt":"2017-04-21T14:16:07.000Z","modified_attribute_dt":"2026-01-07T12:03:14.000Z","modified_geometry_dt":"2026-01-07T12:03:14.000Z"}},
{"type":"Feature","geometry":{"type":"MultiPolygon","coordinates":[[[[-113.97525,50.8985184],[-113.9753225,50.8982447],[-113.9753016,50.8940571],[-113.9752522,50.8940667],[-113.9751121,50.8940909],[-113.9749745,50.8941144],[-113.9747515,50.8941528],[-113.974614,50.8941767],[-113.9734766,50.8943745],[-113.9733758,50.8953313],[-113.9733659,50.8954256],[-113.973349,50.8955861],[-113.9733176,50.8958827],[-113.9733128,50.8959292],[-113.9733115,50.895941],[-113.9733059,50.8959836],[-113.9732979,50.896026],[-113.9732876,50.8960683],[-113.9732751,50.8961103],[-113.9732603,50.896152],[-113.9732432,50.8961934],[-113.973224,50.8962344],[-113.9732025,50.8962749],[-113.9731606,50.89634],[-113.9731342,50.8963779],[-113.973106,50.8964152],[-113.9730757,50.8964519],[-113.9730436,50.896488],[-113.9730096,50.8965234],[-113.9729738,50.896558],[-113.9729361,50.8965919],[-113.9728967,50.896625],[-113.9728455,50.8966655],[-113.9707755,50.8967039],[-113.9691665,50.8978621],[-113.969069,50.8979323],[-113.9689741,50.8980007],[-113.9687351,50.8981729],[-113.968565,50.8982955],[-113.9684674,50.8983658],[-113.9683699,50.898436],[-113.9682723,50.8985063],[-113.9681748,50.8985766],[-113.9680773,50.8986469],[-113.9679664,50.8987268],[-113.9678568,50.8988057],[-113.9677464,50.8988853],[-113.9676346,50.8989658],[-113.9675209,50.8990477],[-113.967489,50.8990707],[-113.967363,50.8991021],[-113.9671954,50.8991439],[-113.9670389,50.8991829],[-113.966884,50.8992215],[-113.9667299,50.89926],[-113.966583,50.8992966],[-113.9664375,50.8993329],[-113.9663,50.8993672],[-113.9661625,50.8994014],[-113.9660226,50.8994363],[-113.9658592,50.8994771],[-113.9656948,50.8995181],[-113.9655281,50.8995596],[-113.9655219,50.8995611],[-113.9654647,50.8995748],[-113.9678533,50.8995696],[-113.9682156,50.8995688],[-113.9752553,50.8995532],[-113.97525,50.8985184]]]]},"properties":{":id":"row-mw2j.3v6u_d76n",":version":"rv-ah42.yncb~kh9k",":created_at":"2026-10-01T19:33:45.132Z",":updated_at":"2026-10-01T19:33:45.132Z","lpid":"592011","planname":"TUC","type_code":"70","type_dscrn":"TUC","stage_code":"1","stage_dscrn":"Registered","created_dt":null,"modified_attribute_dt":"2026-01-08T15:18:17.000Z","modified_geometry_dt":"2026-01-08T15:18:17.000Z"}},
{"type":"Feature","geometry":{"type":"MultiPolygon","coordinates":[[[[-113.9756063,50.8982431],[-113.9756124,50.8995174],[-113.9756128,50.8995424],[-113.9756126,50.8995581],[-113.9756175,50.9005358],[-113.9756222,50.9015298],[-113.9756299,50.9031099],[-113.9756299,50.9031101],[-113.9764926,50.9031085],[-113.9765054,50.9031084],[-113.9767389,50.9031079],[-113.9771643,50.9031067],[-113.9773918,50.9031063],[-113.97783,50.9028355],[-113.9778947,50.9027955],[-113.9779906,50.9027362],[-113.9781349,50.902647],[-113.9783149,50.9025359],[-113.978451,50.9024517],[-113.9785872,50.9023675],[-113.9787235,50.9022834],[-113.9788596,50.9021992],[-113.9789959,50.902115],[-113.9791321,50.9020309],[-113.9792672,50.9019474],[-113.9794034,50.9018632],[-113.9795396,50.901779],[-113.9796758,50.9016949],[-113.9798567,50.9015831],[-113.9801616,50.9013946],[-113.9804462,50.9012187],[-113.9806962,50.9010642],[-113.9808827,50.9009489],[-113.9810362,50.9008541],[-113.981215,50.9007436],[-113.9812415,50.9007272],[-113.9813166,50.9007116],[-113.981444,50.9006852],[-113.9816642,50.9006395],[-113.9818992,50.9005908],[-113.9821875,50.9005307],[-113.9824682,50.9004733],[-113.9825656,50.9004522],[-113.9830513,50.9003515],[-113.9833346,50.900293],[-113.9835642,50.9002454],[-113.9837532,50.9002061],[-113.9839423,50.9001669],[-113.9841313,50.9001277],[-113.9843204,50.9000885],[-113.9845742,50.9000358],[-113.98478,50.8999931],[-113.9849858,50.8999504],[-113.9851916,50.8999077],[-113.9853974,50.899865],[-113.9856032,50.8998223],[-113.985809,50.8997796],[-113.9860147,50.8997369],[-113.9862205,50.8996942],[-113.9864263,50.8996515],[-113.9866321,50.8996088],[-113.986886,50.8995561],[-113.9872879,50.8994727],[-113.9883293,50.8992915],[-113.9884225,50.8992752],[-113.9887925,50.8992108],[-113.9890424,50.8991673],[-113.9892512,50.899131],[-113.9894601,50.8990946],[-113.9896689,50.8990583],[-113.9898777,50.8990219],[-113.9900865,50.8989856],[-113.9902954,50.8989492],[-113.9905042,50.8989129],[-113.990713,50.8988765],[-113.9909218,50.8988402],[-113.9911307,50.8988038],[-113.9913395,50.8987675],[-113.9915462,50.8987311],[-113.9915483,50.8987311],[-113.9917572,50.8986948],[-113.991966,50.8986584],[-113.9921066,50.898634],[-113.9921254,50.8986303],[-113.9922505,50.8986084],[-113.9923244,50.8985955],[-113.9924477,50.898574],[-113.992743,50.8985221],[-113.992868,50.8985002],[-113.9930633,50.8984663],[-113.9933371,50.898419],[-113.9933804,50.8984114],[-113.9934237,50.8984038],[-113.9935008,50.8983905],[-113.993503,50.8983901],[-113.9937723,50.8983433],[-113.9939484,50.8983127],[-113.9941245,50.8982821],[-113.9943088,50.8982501],[-113.9944849,50.8982195],[-113.994661,50.8981889],[-113.9948289,50.8981597],[-113.995005,50.8981291],[-113.9951893,50.8980971],[-113.9953655,50.8980665],[-113.9955415,50.8980358],[-113.9957177,50.8980053],[-113.9958225,50.8979871],[-113.9958938,50.8979746],[-113.9961405,50.8979317],[-113.9964762,50.8978733],[-113.996517,50.8978662],[-113.9965361,50.8978629],[-113.9965553,50.8978596],[-113.996692,50.8978358],[-113.9975367,50.8976791],[-113.9975258,50.8976908],[-113.9984351,50.8975326],[-113.9987205,50.8974826],[-113.9991783,50.8974029],[-113.9992196,50.8973957],[-114.001542,50.8969913],[-114.0018279,50.8969415],[-114.001828,50.8966892],[-114.0039792,50.8961104],[-114.0047524,50.8959024],[-114.006534,50.8955919],[-114.0073063,50.8956536],[-114.0082262,50.8957272],[-114.0082481,50.8957289],[-114.0082687,50.8957253],[-114.0087656,50.8956375],[-114.0092189,50.8955575],[-114.0092514,50.8955515],[-114.010682,50.8952861],[-114.0107538,50.8952727],[-114.0116817,50.8951111],[-114.0117534,50.8950986],[-114.0120412,50.8950484],[-114.0123528,50.8949941],[-114.0126852,50.8949372],[-114.0130183,50.8948821],[-114.0133406,50.8948307],[-114.0136636,50.8947811],[-114.0139873,50.8947332],[-114.0143116,50.894687],[-114.0146365,50.8946426],[-114.0149621,50.8945999],[-114.0152881,50.894559],[-114.0156147,50.8945198],[-114.0159419,50.8944824],[-114.0162695,50.8944467],[-114.0165976,50.8944128],[-114.0169262,50.8943807],[-114.0172551,50.8943504],[-114.0175845,50.8943218],[-114.0179142,50.894295],[-114.0182443,50.89427],[-114.0182384,50.8941877],[-114.0182365,50.8941616],[-114.0182068,50.8937526],[-114.0179863,50.8935004],[-114.0179671,50.8934784],[-114.0179545,50.893464],[-114.0170423,50.8924227],[-114.016912,50.8922779],[-114.0167566,50.8920969],[-114.015238,50.89036],[-114.01302,50.8905941],[-114.0106626,50.8909629],[-114.0106092,50.890971],[-114.0103791,50.8910112],[-114.0103082,50.8910235],[-114.0085975,50.8913218],[-114.0077571,50.8914683],[-114.0076129,50.8914937],[-114.0064458,50.8916966],[-114.0063663,50.8917105],[-114.0050608,50.8919381],[-114.0042101,50.892086],[-114.0031766,50.8922659],[-114.0028885,50.8923162],[-114.0018281,50.8925004],[-114.0015426,50.8925505],[-113.9986769,50.8930504],[-113.9983913,50.8930996],[-113.9979584,50.8931752],[-113.9979192,50.8931823],[-113.9979197,50.8931815],[-113.9977758,50.8932066],[-113.9973826,50.8932757],[-113.9972885,50.8932919],[-113.9969744,50.8933459],[-113.9967736,50.8933808],[-113.9965727,50.8934166],[-113.9965728,50.8934158],[-113.9957696,50.8935555],[-113.9955175,50.8935993],[-113.9952382,50.8936479],[-113.9948199,50.8937205],[-113.9946329,50.893753],[-113.9942317,50.8938227],[-113.9940029,50.8938625],[-113.9938186,50.8938945],[-113.9936344,50.8939266],[-113.9934418,50.8939601],[-113.9932576,50.8939922],[-113.993065,50.8940257],[-113.9928807,50.8940578],[-113.9926965,50.8940899],[-113.9924834,50.8941271],[-113.992098,50.8941943],[-113.9919607,50.8942191],[-113.9919613,50.8942184],[-113.9919603,50.8942191],[-113.9917269,50.8942591],[-113.9917047,50.894263],[-113.9912865,50.8943356],[-113.9910373,50.8943789],[-113.9908698,50.8944081],[-113.9907026,50.8944371],[-113.9905355,50.8944662],[-113.9903532,50.894498],[-113.9903437,50.8944996],[-113.9901265,50.8945374],[-113.9900886,50.894544],[-113.9898351,50.8945881],[-113.9891774,50.8947024],[-113.9891764,50.8947026],[-113.9888614,50.8947574],[-113.9886706,50.8947905],[-113.9886239,50.8947986],[-113.9878017,50.8949416],[-113.9877545,50.8949498],[-113.9877537,50.8949499],[-113.9874904,50.8949957],[-113.9870059,50.8950799],[-113.9868677,50.895104],[-113.9868003,50.8951164],[-113.9857657,50.895296],[-113.9846419,50.8954919],[-113.9844381,50.8955273],[-113.9841,50.8955861],[-113.9838106,50.8956365],[-113.9834806,50.8956938],[-113.983354,50.8957161],[-113.9820327,50.8959463],[-113.9808482,50.8961526],[-113.9805653,50.8962019],[-113.9798911,50.8963193],[-113.979768,50.8963407],[-113.9795525,50.8963783],[-113.9793208,50.896419],[-113.9791553,50.8962878],[-113.9788935,50.8961164],[-113.9786326,50.8959743],[-113.9785211,50.8959106],[-113.9783126,50.8957918],[-113.9781736,50.8957081],[-113.9778911,50.8955628],[-113.9776254,50.8954276],[-113.9771526,50.8951786],[-113.9770862,50.8951435],[-113.9759487,50.8945227],[-113.975613,50.8943394],[-113.9755889,50.8943257],[-113.9755876,50.8944353],[-113.9755878,50.8944845],[-113.9755975,50.8962303],[-113.9756017,50.8971978],[-113.9756098,50.8972894],[-113.9756063,50.8982431]]]]},"properties":{":id":"row-3h5h-j3rj.5m6u",":version":"rv-ui4a_yvat-kief",":created_at":"2026-10-01T19:33:45.132Z",":updated_at":"2026-10-01T19:33:45.132Z","lpid":"591819","planname":"TUC","type_code":"70","type_dscrn":"TUC","stage_code":"1","stage_dscrn":"Registered","created_dt":null,"modified_attribute_dt":"2026-01-08T14:34:51.000Z","modified_geometry_dt":"2026-01-08T14:34:51.000Z"}},
{"type":"Feature","geometry":{"type":"MultiPolygon","coordinates":[[[[-114.0182365,50.8941616],[-114.0182384,50.8941877],[-114.0182443,50.89427],[-114.018529,50.8942498],[-114.0186728,50.8942402],[-114.0191008,50.8942134],[-114.0208099,50.8943025],[-114.0229326,50.8954236],[-114.0234197,50.8958972],[-114.0236008,50.8958974],[-114.0239059,50.8958978],[-114.0240171,50.895898],[-114.0241189,50.895898],[-114.0243401,50.8958984],[-114.0243401,50.8958938],[-114.0243464,50.894766],[-114.0243466,50.8947391],[-114.0243472,50.8946309],[-114.0243473,50.8946041],[-114.0243476,50.8945459],[-114.0243501,50.8941067],[-114.0243507,50.8939976],[-114.0243546,50.8932853],[-114.0246405,50.8932852],[-114.0291098,50.8932846],[-114.0295514,50.8932846],[-114.032103,50.8932841],[-114.0321314,50.8932841],[-114.0321683,50.8932841],[-114.0322394,50.8932841],[-114.0360873,50.8932833],[-114.0384513,50.8932829],[-114.0384939,50.8932829],[-114.0400524,50.8932826],[-114.040056,50.8923235],[-114.0335133,50.8923252],[-114.0321807,50.8923254],[-114.0321096,50.8923254],[-114.0320731,50.8923254],[-114.0320447,50.8923254],[-114.0295542,50.8923258],[-114.0291151,50.8923259],[-114.0269348,50.8923261],[-114.0264111,50.8922864],[-114.0246546,50.8921528],[-114.0243624,50.8921311],[-114.0239886,50.8921025],[-114.0243626,50.8921031],[-114.0246483,50.8921028],[-114.024656,50.8905465],[-114.0246561,50.890519],[-114.0246614,50.8894274],[-114.0246627,50.8891603],[-114.024663,50.8891051],[-114.024521,50.8891253],[-114.0243769,50.8891459],[-114.0242334,50.8891665],[-114.0240898,50.889187],[-114.0239465,50.8892077],[-114.0237945,50.8892294],[-114.0236418,50.8892511],[-114.0234899,50.8892727],[-114.0233458,50.8892927],[-114.0232022,50.8893131],[-114.0230586,50.8893336],[-114.0229065,50.8893553],[-114.0227545,50.8893769],[-114.0226108,50.8893974],[-114.0224672,50.8894178],[-114.0223017,50.8894414],[-114.0221361,50.889465],[-114.0219478,50.8894918],[-114.0217525,50.8895196],[-114.0217474,50.8895204],[-114.0216218,50.8895404],[-114.020911,50.889641],[-114.0196234,50.8898205],[-114.019157,50.8898892],[-114.0187953,50.8899407],[-114.0175798,50.8901137],[-114.0166774,50.8902089],[-114.016241,50.8902547],[-114.0155377,50.8903284],[-114.015238,50.89036],[-114.0167566,50.8920969],[-114.016912,50.8922779],[-114.0170423,50.8924227],[-114.0179545,50.893464],[-114.0179671,50.8934784],[-114.0179863,50.8935004],[-114.0182068,50.8937526],[-114.0182365,50.8941616]]]]},"properties":{":id":"row-ggm4.mq54_3782",":version":"rv-83xc.2dqm_ycvc",":created_at":"2026-10-01T19:33:45.132Z",":updated_at":"2026-10-01T19:33:45.132Z","lpid":"591884","planname":"TUC","type_code":"70","type_dscrn":"TUC","stage_code":"1","stage_dscrn":"Registered","created_dt":null,"modified_attribute_dt":"2026-01-08T14:34:51.000Z","modified_geometry_dt":"2026-01-08T14:34:51.000Z"}},
{"type":"Feature","geometry":{"type":"MultiPolygon","coordinates":[[[[-113.9932579,50.9001943],[-113.9932814,50.9001433],[-113.9933018,50.9000918],[-113.9933191,50.9000398],[-113.9933333,50.8999874],[-113.9933448,50.8999319],[-113.9933526,50.8998761],[-113.9933568,50.8998243],[-113.993358,50.8997725],[-113.9933563,50.8997227],[-113.9933518,50.899673],[-113.9933445,50.8996234],[-113.9933344,50.899574],[-113.993325,50.8995372],[-113.9933175,50.8995113],[-113.9932946,50.8994369],[-113.9932614,50.8993288],[-113.9932265,50.8992155],[-113.9931933,50.8991074],[-113.993163,50.8990088],[-113.9931527,50.8989742],[-113.993145,50.8989472],[-113.9931144,50.8988254],[-113.9930924,50.8987139],[-113.9930758,50.898602],[-113.9930686,50.8985342],[-113.9930633,50.8984663],[-113.992868,50.8985002],[-113.992743,50.8985221],[-113.992777,50.8986014],[-113.9928277,50.8987174],[-113.9928502,50.8987725],[-113.9928697,50.8988281],[-113.9928863,50.8988841],[-113.9928999,50.8989404],[-113.9929035,50.8989582],[-113.9929153,50.8990307],[-113.9929221,50.8991034],[-113.992924,50.8991763],[-113.9929209,50.8992491],[-113.9929128,50.8993218],[-113.9928998,50.8993942],[-113.9928818,50.8994662],[-113.992859,50.8995376],[-113.992838,50.8995924],[-113.9928141,50.8996467],[-113.9927873,50.8997004],[-113.9927578,50.8997536],[-113.992462,50.900258],[-113.992369,50.9004166],[-113.9923313,50.9004808],[-113.9923253,50.9004911],[-113.9924198,50.9005009],[-113.9925147,50.9005091],[-113.9926099,50.9005157],[-113.9927054,50.9005207],[-113.9927409,50.9005221],[-113.9927977,50.9005241],[-113.9928333,50.9005249],[-113.9929642,50.9005261],[-113.9930951,50.9005243],[-113.9931141,50.9004857],[-113.9931357,50.900442],[-113.993244,50.9002225],[-113.9932579,50.9001943]]]]},"properties":{":id":"row-76ft_5tvw_hf9n",":version":"rv-dteg_nu6s_8uhu",":created_at":"2026-10-01T19:33:45.132Z",":updated_at":"2026-10-01T19:33:45.132Z","lpid":"694874","planname":"TUC","type_code":"70","type_dscrn":"TUC","stage_code":"1","stage_dscrn":"Registered","created_dt":null,"modified_attribute_dt":"2026-01-08T14:51:55.000Z","modified_geometry_dt":"2026-01-08T14:51:55.000Z"}},
{"type":"Feature","geometry":{"type":"MultiPolygon","coordinates":[[[[-114.2294449,51.0320792],[-114.2295192,51.0322952],[-114.2312152,51.0347825],[-114.2312062,51.034968],[-114.231206,51.034971],[-114.2312027,51.035025],[-114.2311972,51.0350789],[-114.2311897,51.0351327],[-114.2311801,51.0351864],[-114.2311684,51.03524],[-114.2311546,51.0352933],[-114.2311388,51.0353464],[-114.2311209,51.0353992],[-114.2311108,51.035426],[-114.2310856,51.0354877],[-114.2310575,51.0355489],[-114.2310267,51.0356095],[-114.230993,51.0356696],[-114.2309567,51.0357291],[-114.2309177,51.0357878],[-114.2308759,51.0358459],[-114.2308316,51.0359031],[-114.230773,51.0359729],[-114.2307105,51.0360414],[-114.2306441,51.0361084],[-114.230574,51.0361739],[-114.2305268,51.0362152],[-114.2304781,51.0362558],[-114.2304279,51.0362957],[-114.2303763,51.0363348],[-114.2303233,51.0363732],[-114.2302689,51.0364108],[-114.2302131,51.0364476],[-114.230156,51.0364836],[-114.2283783,51.0375801],[-114.2283925,51.0376131],[-114.2284039,51.0376466],[-114.2284126,51.0376804],[-114.2284183,51.0377144],[-114.2284142,51.0377654],[-114.2281262,51.0377654],[-114.2254101,51.0377658],[-114.2243653,51.037766],[-114.222867,51.0377662],[-114.2228677,51.037947],[-114.222868,51.0380332],[-114.2228709,51.0387797],[-114.2240031,51.0388288],[-114.2259902,51.0392658],[-114.2268683,51.0396691],[-114.2278915,51.0401384],[-114.2281745,51.0405148],[-114.2285725,51.0410536],[-114.2286247,51.0411277],[-114.2286707,51.0412035],[-114.2287102,51.0412807],[-114.2287431,51.0413591],[-114.2287694,51.0414384],[-114.228789,51.0415186],[-114.2288018,51.0415993],[-114.2288078,51.0416803],[-114.2288069,51.0417614],[-114.2287992,51.0418423],[-114.2287847,51.0419229],[-114.2287634,51.0420029],[-114.2287354,51.042082],[-114.2287008,51.0421602],[-114.2286597,51.042237],[-114.2286121,51.0423124],[-114.2285781,51.042362],[-114.2266389,51.0451915],[-114.2311276,51.0451968],[-114.2319822,51.0451966],[-114.2322249,51.0451969],[-114.2325506,51.0448119],[-114.2333275,51.0439035],[-114.2340384,51.0436029],[-114.2343256,51.0434816],[-114.2365028,51.0425609],[-114.2400905,51.0398083],[-114.2400903,51.0394509],[-114.2403866,51.0393518],[-114.2445793,51.0379489],[-114.2445868,51.0379489],[-114.2451233,51.0377688],[-114.2452602,51.0377223],[-114.2458009,51.0375405],[-114.2455506,51.0371137],[-114.2445426,51.0372256],[-114.2400902,51.0377195],[-114.2400902,51.0377184],[-114.2400904,51.0373487],[-114.2375086,51.03414],[-114.2368834,51.0333629],[-114.2367829,51.033238],[-114.2367811,51.0332358],[-114.2367803,51.0332347],[-114.2365454,51.0329431],[-114.2360582,51.0323381],[-114.2350584,51.0305639],[-114.2346067,51.0297625],[-114.2344745,51.0295279],[-114.234322,51.0292572],[-114.2340355,51.0287491],[-114.2340354,51.0285624],[-114.2340349,51.0284958],[-114.2340347,51.0284589],[-114.2340346,51.0284221],[-114.2340337,51.026895],[-114.2340328,51.0259959],[-114.234032,51.0249749],[-114.2338843,51.0249749],[-114.2320213,51.0249754],[-114.2328536,51.0235406],[-114.2325433,51.0235407],[-114.2324627,51.0233296],[-114.2266122,51.0233309],[-114.2251038,51.0233312],[-114.224682,51.0233318],[-114.2245735,51.0233319],[-114.2243729,51.0233318],[-114.2242664,51.023304],[-114.2241607,51.0232749],[-114.2240559,51.0232446],[-114.2239521,51.023213],[-114.2231342,51.0229573],[-114.2229318,51.022894],[-114.2227934,51.0228639],[-114.2226838,51.0228385],[-114.222575,51.022812],[-114.2225752,51.0232826],[-114.2225753,51.023331],[-114.2225757,51.0236119],[-114.2242767,51.0242813],[-114.2244422,51.0243464],[-114.2248677,51.0245138],[-114.2248802,51.0245187],[-114.2249165,51.024533],[-114.2255032,51.0247637],[-114.2255159,51.0247688],[-114.2255163,51.0247697],[-114.225563,51.0249099],[-114.2255758,51.0249482],[-114.2256115,51.0250557],[-114.2257593,51.0255007],[-114.2258771,51.0258511],[-114.2260209,51.0262845],[-114.2260958,51.0265039],[-114.2261572,51.0266875],[-114.2262531,51.0269793],[-114.2263347,51.0272233],[-114.2263436,51.0272498],[-114.2263523,51.0272756],[-114.2264441,51.0275463],[-114.2265554,51.0278791],[-114.2267043,51.0283246],[-114.2268377,51.0287198],[-114.2276341,51.0285723],[-114.2282037,51.0284667],[-114.2282263,51.0285327],[-114.2283927,51.0290179],[-114.2285788,51.0295596],[-114.2287088,51.0299379],[-114.2288344,51.0303032],[-114.2288916,51.0304697],[-114.2289244,51.030564],[-114.2289278,51.030574],[-114.2289811,51.03073],[-114.229325,51.0317306],[-114.2294449,51.0320792]]]]},"properties":{":id":"row-sxvy.qzbu~zbnq",":version":"rv-k9q7~9ec9_ne43",":created_at":"2026-10-01T19:33:45.132Z",":updated_at":"2026-10-01T19:33:45.132Z","lpid":"591905","planname":"TUC","type_code":"70","type_dscrn":"TUC","stage_code":"1","stage_dscrn":"Registered","created_dt":null,"modified_attribute_dt":"2026-01-13T08:37:13.000Z","modified_geometry_dt":"2026-01-13T08:37:13.000Z"}},
{"type":"Feature","geometry":{"type":"MultiPolygon","coordinates":[[[[-113.9124803,50.9723429],[-113.9123666,50.972343],[-113.91231,50.9723433],[-113.9122659,50.9723435],[-113.9122232,50.9723436],[-113.9122239,50.9727289],[-113.912224,50.9728098],[-113.912224,50.9728413],[-113.9137476,50.9728409],[-113.9142829,50.9731312],[-113.91511,50.9735792],[-113.9155305,50.9738091],[-113.9164466,50.974306],[-113.9139131,50.9777543],[-113.9138395,50.9784429],[-113.9136629,50.9784697],[-113.9123433,50.9786598],[-113.9122221,50.9786773],[-113.9120784,50.978698],[-113.9120782,50.9791914],[-113.9120782,50.979226],[-113.9120782,50.979478],[-113.9120781,50.9795729],[-113.9122212,50.9795728],[-113.9234868,50.9795672],[-113.9236301,50.9795671],[-113.9237732,50.979567],[-113.929351,50.9795628],[-113.9293508,50.9794724],[-113.9293505,50.9793108],[-113.9293452,50.9789485],[-113.929345,50.9787971],[-113.9293448,50.9787053],[-113.9293469,50.9783925],[-113.9293477,50.9782817],[-113.9294068,50.978292],[-113.9295114,50.9783101],[-113.9297149,50.9783602],[-113.9299415,50.9783566],[-113.9302178,50.9783043],[-113.9304214,50.9782375],[-113.9305874,50.9781489],[-113.9306899,50.9780215],[-113.9307453,50.9778264],[-113.9307472,50.9778226],[-113.9308031,50.977709],[-113.9308177,50.9776862],[-113.9308959,50.9775712],[-113.9309951,50.9775153],[-113.9309932,50.9767897],[-113.9295435,50.9767913],[-113.9295415,50.9760582],[-113.9294301,50.9759886],[-113.9293345,50.975913],[-113.9292949,50.9758817],[-113.9292178,50.9758033],[-113.9291805,50.9757654],[-113.9290652,50.9756483],[-113.9289081,50.9755515],[-113.9288368,50.975492],[-113.9287767,50.9754418],[-113.9286092,50.9753497],[-113.928637,50.9751976],[-113.9286946,50.9750615],[-113.9287609,50.9749285],[-113.9289026,50.9748209],[-113.9290188,50.9747054],[-113.9290086,50.9745445],[-113.9290004,50.9744085],[-113.928999,50.9743849],[-113.9290529,50.9742475],[-113.9292444,50.9741574],[-113.9293377,50.9741645],[-113.9294727,50.9741748],[-113.9295146,50.9741614],[-113.9295365,50.9741544],[-113.9295361,50.9740037],[-113.9295348,50.9735103],[-113.9295135,50.9734906],[-113.9293775,50.9733835],[-113.9293355,50.9733585],[-113.9293096,50.973343],[-113.9292194,50.9732892],[-113.9291299,50.9733175],[-113.9289346,50.9733793],[-113.9288522,50.9734054],[-113.9287541,50.973369],[-113.9286573,50.9732398],[-113.9285866,50.9731848],[-113.9285236,50.9731355],[-113.9284687,50.9730951],[-113.926427,50.9739232],[-113.9263591,50.9739504],[-113.9262899,50.9739764],[-113.9262195,50.974001],[-113.9261479,50.9740242],[-113.9260753,50.9740461],[-113.9260016,50.9740665],[-113.925927,50.9740856],[-113.9258515,50.9741031],[-113.9257825,50.9741178],[-113.9257129,50.9741312],[-113.9256427,50.9741434],[-113.925572,50.9741544],[-113.9255009,50.9741641],[-113.9254293,50.9741726],[-113.9253575,50.9741799],[-113.9252853,50.9741859],[-113.9252129,50.9741907],[-113.9251403,50.9741941],[-113.9250676,50.9741964],[-113.9249948,50.9741973],[-113.924922,50.974197],[-113.9248492,50.9741954],[-113.9247766,50.9741926],[-113.9247041,50.9741885],[-113.9246323,50.9741832],[-113.9245608,50.9741766],[-113.9244662,50.974166],[-113.9243723,50.9741532],[-113.923058,50.9739531],[-113.9229067,50.9739301],[-113.922883,50.9732719],[-113.9228539,50.9726804],[-113.9228369,50.9723347],[-113.9192892,50.9723346],[-113.9178322,50.9723362],[-113.9175726,50.9723364],[-113.9175757,50.972465],[-113.9175809,50.9727619],[-113.9173448,50.9730834],[-113.9137477,50.9725359],[-113.9129693,50.9724174],[-113.9124803,50.9723429]]]]},"properties":{":id":"row-sn2f-h25r.ed9j",":version":"rv-trpb_kweb_ttwp",":created_at":"2026-10-01T19:33:45.132Z",":updated_at":"2026-10-01T19:33:45.132Z","lpid":"591688","planname":"TUC","type_code":"70","type_dscrn":"TUC","stage_code":"1","stage_dscrn":"Registered","created_dt":null,"modified_attribute_dt":"2026-02-10T10:55:39.000Z","modified_geometry_dt":"2026-02-10T10:55:39.000Z"}},
{"type":"Feature","geometry":{"type":"MultiPolygon","coordinates":[[[[-113.9227725,50.9578695],[-113.9226223,50.9578691],[-113.9192336,50.9578737],[-113.9186117,50.9578744],[-113.9177175,50.9578755],[-113.9176255,50.9611278],[-113.9176191,50.9613509],[-113.9176147,50.9616579],[-113.9176113,50.9618999],[-113.9175801,50.9629784],[-113.9175199,50.9650583],[-113.9175184,50.9651075],[-113.9174742,50.9665012],[-113.9175726,50.9723364],[-113.9178322,50.9723362],[-113.9192892,50.9723346],[-113.9228369,50.9723347],[-113.9228306,50.9722473],[-113.9228245,50.9721644],[-113.9228166,50.9720568],[-113.922806,50.9719115],[-113.9227282,50.9708468],[-113.922726,50.9708172],[-113.922708,50.9705706],[-113.922697,50.9704198],[-113.9228082,50.9687022],[-113.9227999,50.9663188],[-113.9227958,50.965156],[-113.9227956,50.9651032],[-113.9227954,50.9650541],[-113.9227883,50.9629877],[-113.9227847,50.9619093],[-113.9227841,50.9617],[-113.922784,50.9616568],[-113.9227828,50.9612838],[-113.9227725,50.9578695]]]]},"properties":{":id":"row-3xg4.8vix~9sa5",":version":"rv-nij6_zfq8_swm3",":created_at":"2026-10-01T19:33:45.132Z",":updated_at":"2026-10-01T19:33:45.132Z","lpid":"612325","planname":"TUC","type_code":"70","type_dscrn":"TUC","stage_code":"1","stage_dscrn":"Registered","created_dt":null,"modified_attribute_dt":"2026-02-10T10:55:39.000Z","modified_geometry_dt":"2026-02-10T10:55:39.000Z"}},
{"type":"Feature","geometry":{"type":"MultiPolygon","coordinates":[[[[-114.234088,51.0851456],[-114.2340877,51.0852268],[-114.2340875,51.0852894],[-114.2340874,51.0853058],[-114.2340875,51.085322],[-114.2340878,51.0854992],[-114.2340886,51.085678],[-114.234089,51.0860218],[-114.2340902,51.0865631],[-114.2340904,51.086898],[-114.234091,51.0877742],[-114.2340913,51.0882571],[-114.234092,51.0886521],[-114.2340918,51.0887413],[-114.2340917,51.0888053],[-114.2340917,51.0888317],[-114.234092,51.0890122],[-114.2340934,51.0898258],[-114.2340936,51.0899162],[-114.2340966,51.0915801],[-114.2340969,51.0917609],[-114.2340984,51.0926515],[-114.2340985,51.0927064],[-114.2340993,51.0930311],[-114.2340994,51.093112],[-114.2341002,51.0935964],[-114.2341004,51.0937216],[-114.2341003,51.0937772],[-114.2341013,51.0938994],[-114.2341013,51.0939264],[-114.2341019,51.0946674],[-114.234102,51.0947222],[-114.234102,51.0947662],[-114.2341035,51.0956101],[-114.2341031,51.0957925],[-114.2319198,51.0957929],[-114.232286,51.0959346],[-114.2328441,51.0961501],[-114.2327867,51.0963119],[-114.2327271,51.0964818],[-114.232662,51.0966509],[-114.2325914,51.0968192],[-114.2325155,51.0969865],[-114.2325066,51.097006],[-114.2324908,51.0970403],[-114.232485,51.0970523],[-114.2324689,51.0970873],[-114.232458,51.0970848],[-114.2324447,51.0970814],[-114.2324164,51.097075],[-114.2324127,51.0970746],[-114.2324055,51.0970745],[-114.2323886,51.0971101],[-114.2323193,51.0972524],[-114.2322466,51.0973939],[-114.2321707,51.0975348],[-114.2320915,51.0976749],[-114.2320514,51.0977445],[-114.2321358,51.0977221],[-114.231409,51.0987915],[-114.2310444,51.0989366],[-114.2307141,51.0991082],[-114.2303876,51.0993522],[-114.2300613,51.0995269],[-114.2299645,51.0995535],[-114.2294846,51.0996853],[-114.2290081,51.0996814],[-114.2288843,51.0996701],[-114.2284532,51.0996305],[-114.2279476,51.0996063],[-114.2279245,51.0996043],[-114.2275734,51.0995734],[-114.227443,51.0995759],[-114.2272125,51.099653],[-114.2268078,51.0996392],[-114.2267658,51.0996278],[-114.2265318,51.0995648],[-114.2260949,51.0995342],[-114.2260959,51.0995508],[-114.2261036,51.0996203],[-114.2261025,51.0996568],[-114.2261079,51.099788],[-114.2261151,51.1000743],[-114.2261571,51.1018039],[-114.2261616,51.1019845],[-114.2262575,51.1019896],[-114.226695,51.1020127],[-114.2268004,51.1020182],[-114.2269043,51.1020237],[-114.2269196,51.1020245],[-114.2271951,51.102039],[-114.2273248,51.1020458],[-114.2273535,51.1020473],[-114.2274398,51.1020519],[-114.2267233,51.1025636],[-114.2264873,51.1027323],[-114.2264071,51.1027281],[-114.226407,51.1027281],[-114.2255966,51.1026854],[-114.2234881,51.1025744],[-114.2189167,51.1023337],[-114.2186337,51.1023188],[-114.2182608,51.102299],[-114.2168564,51.1022249],[-114.2168554,51.1024448],[-114.2168557,51.1032142],[-114.2168556,51.1032503],[-114.2168556,51.1033676],[-114.2168552,51.1038508],[-114.2168544,51.1039335],[-114.2168551,51.1039745],[-114.2168551,51.1040005],[-114.2168548,51.1044988],[-114.2168547,51.1045809],[-114.216854,51.104609],[-114.2168546,51.1047476],[-114.2178072,51.1048962],[-114.2195941,51.1051768],[-114.2198019,51.1052093],[-114.2226047,51.1056476],[-114.2249514,51.1060151],[-114.2250099,51.1060242],[-114.2256249,51.1061204],[-114.2271407,51.1063568],[-114.2272239,51.1063698],[-114.2276114,51.1064302],[-114.2274427,51.1048709],[-114.2274336,51.1047871],[-114.227414,51.1046057],[-114.2273795,51.1042862],[-114.2288673,51.1028628],[-114.2293307,51.102888],[-114.2326594,51.103057],[-114.233615,51.103261],[-114.2339096,51.103324],[-114.2340881,51.1033619],[-114.2340891,51.1031715],[-114.2343756,51.1032421],[-114.2343746,51.1034033],[-114.2343742,51.1034233],[-114.2345158,51.1034307],[-114.2356278,51.1034894],[-114.2356672,51.1034915],[-114.2356671,51.1033101],[-114.2356664,51.1022103],[-114.2356664,51.1020735],[-114.2343821,51.1001125],[-114.2351835,51.099378],[-114.2363366,51.0989653],[-114.2364432,51.0977734],[-114.2365078,51.0970525],[-114.2366515,51.0970456],[-114.2366556,51.0970208],[-114.2368019,51.0961525],[-114.236833,51.0959719],[-114.2368166,51.0956673],[-114.2368086,51.0955135],[-114.2367958,51.0952762],[-114.2367889,51.095146],[-114.2367825,51.0950252],[-114.2367764,51.0949096],[-114.2367703,51.0947944],[-114.2367643,51.094682],[-114.2367582,51.0945666],[-114.2367522,51.0944563],[-114.2367465,51.0943466],[-114.2367404,51.0942311],[-114.2367389,51.0942042],[-114.236736,51.0941494],[-114.2367342,51.0941157],[-114.2367284,51.0940053],[-114.2367223,51.0938899],[-114.2367146,51.0937507],[-114.2367134,51.0937223],[-114.2367118,51.0936968],[-114.2367011,51.0934917],[-114.2367005,51.0934802],[-114.2366999,51.0934687],[-114.2366841,51.09317],[-114.236684,51.0931674],[-114.2366823,51.093136],[-114.2366791,51.093082],[-114.2367424,51.0930334],[-114.2369101,51.0929045],[-114.2369739,51.0928558],[-114.2370304,51.0928124],[-114.2374087,51.0925217],[-114.2376691,51.0923221],[-114.2378815,51.092159],[-114.2378926,51.0921505],[-114.2379037,51.092142],[-114.2380442,51.0920343],[-114.2381027,51.0919894],[-114.2381023,51.0918734],[-114.2381019,51.0917692],[-114.2381015,51.0916649],[-114.2381011,51.0915607],[-114.2381007,51.0914618],[-114.2381003,51.0913575],[-114.2380999,51.0912532],[-114.2380995,51.091149],[-114.2380992,51.0910501],[-114.2380988,51.0909459],[-114.2380984,51.0908416],[-114.238098,51.0907427],[-114.2380975,51.0906217],[-114.238097,51.0904919],[-114.2380965,51.090365],[-114.238096,51.0902316],[-114.2380959,51.0901915],[-114.2381992,51.0901121],[-114.2383239,51.0900162],[-114.2384201,51.0899423],[-114.2384709,51.0899033],[-114.238571,51.0898264],[-114.2386639,51.0898253],[-114.2387177,51.0897832],[-114.2388001,51.0897284],[-114.2388182,51.0897176],[-114.2389026,51.0897176],[-114.2391315,51.0897175],[-114.2392996,51.0897174],[-114.2394676,51.0897173],[-114.239627,51.0897172],[-114.239795,51.0897171],[-114.239963,51.0897171],[-114.2401224,51.089717],[-114.2402591,51.0897169],[-114.2402895,51.0897139],[-114.2404525,51.089696],[-114.2406071,51.0896788],[-114.2407701,51.0896607],[-114.2409332,51.0896426],[-114.2410878,51.0896255],[-114.2412508,51.0896074],[-114.2414138,51.0895893],[-114.2415684,51.0895721],[-114.2417315,51.089554],[-114.2418945,51.0895359],[-114.2421439,51.0895082],[-114.2424278,51.0894767],[-114.2428042,51.0894349],[-114.2428203,51.0894331],[-114.2431388,51.0893975],[-114.2434657,51.0893613],[-114.2436907,51.0893364],[-114.2438538,51.0893183],[-114.244017,51.0893003],[-114.2441717,51.0892831],[-114.2443348,51.0892651],[-114.2444979,51.089247],[-114.2445936,51.0892364],[-114.2446619,51.0892366],[-114.2447052,51.0892366],[-114.2448301,51.0892369],[-114.2450367,51.0892373],[-114.2452022,51.0892376],[-114.2460892,51.0892393],[-114.2462024,51.0892655],[-114.246652,51.0893698],[-114.2483435,51.0904787],[-114.2485464,51.0908558],[-114.2486247,51.0910013],[-114.2487948,51.0913069],[-114.2489547,51.0915939],[-114.2489978,51.0917592],[-114.2490002,51.0917798],[-114.2489965,51.0918002],[-114.2489866,51.0918199],[-114.248971,51.091838],[-114.2490771,51.091825],[-114.2495873,51.0917523],[-114.2502407,51.0916631],[-114.2502216,51.091665],[-114.2502023,51.0916655],[-114.250183,51.0916647],[-114.250164,51.0916624],[-114.2501455,51.0916589],[-114.2501277,51.0916541],[-114.250111,51.091648],[-114.2500954,51.0916408],[-114.2500812,51.0916326],[-114.2500686,51.0916233],[-114.2500577,51.0916133],[-114.2500487,51.0916026],[-114.2500417,51.0915912],[-114.2500368,51.0915795],[-114.250034,51.0915675],[-114.2500333,51.0915554],[-114.2500367,51.0914496],[-114.2500399,51.0913566],[-114.2500431,51.0912635],[-114.2500467,51.0911564],[-114.2500495,51.0910745],[-114.2500518,51.0910059],[-114.2500541,51.0909375],[-114.2500569,51.0908555],[-114.2500598,51.0907713],[-114.2500621,51.0907028],[-114.2500644,51.0906343],[-114.2500672,51.0905524],[-114.25007,51.0904704],[-114.2500723,51.0904019],[-114.2500746,51.0903334],[-114.2500774,51.0902515],[-114.2500802,51.0901697],[-114.2500825,51.0901012],[-114.2500848,51.0900327],[-114.2500872,51.0899643],[-114.2500915,51.0898379],[-114.2501658,51.0898012],[-114.2503616,51.0897046],[-114.2504472,51.0896623],[-114.2505328,51.08962],[-114.2506184,51.0895778],[-114.250704,51.0895355],[-114.2508354,51.0894707],[-114.2508648,51.0894562],[-114.2510833,51.0894487],[-114.2511332,51.089447],[-114.251318,51.0894407],[-114.2514463,51.0894363],[-114.2514639,51.0894357],[-114.2525151,51.0894],[-114.2525322,51.0893994],[-114.2525494,51.0893989],[-114.2529076,51.0893866],[-114.253223,51.0893759],[-114.2534442,51.0893684],[-114.2536097,51.0893627],[-114.2537751,51.0893571],[-114.253932,51.0893517],[-114.2540888,51.0893464],[-114.2542543,51.0893407],[-114.2544112,51.0893354],[-114.254568,51.08933],[-114.2547335,51.0893244],[-114.2548904,51.089319],[-114.2550472,51.0893137],[-114.2552127,51.089308],[-114.2553696,51.0893027],[-114.2555264,51.0892973],[-114.2556919,51.0892917],[-114.2558488,51.0892864],[-114.2560057,51.089281],[-114.2561625,51.0892756],[-114.2562421,51.0892729],[-114.2563194,51.0892703],[-114.2565442,51.0892626],[-114.2566351,51.0892595],[-114.2567722,51.0892548],[-114.2571431,51.0892422],[-114.257334,51.0892356],[-114.2573512,51.089235],[-114.2576378,51.0892098],[-114.2582912,51.0891526],[-114.2582912,51.0891238],[-114.2582912,51.0890614],[-114.2582912,51.0889706],[-114.2582837,51.0888467],[-114.2582908,51.0883025],[-114.2582909,51.0881592],[-114.2579598,51.0881587],[-114.257875,51.0881586],[-114.2576385,51.0881583],[-114.2576371,51.0880225],[-114.2573515,51.0880222],[-114.2564826,51.0880206],[-114.2564398,51.0880205],[-114.2557731,51.0880194],[-114.2554434,51.0880187],[-114.2532744,51.0880148],[-114.2528435,51.088014],[-114.2506917,51.0872166],[-114.2506714,51.0872091],[-114.2506151,51.0871552],[-114.2505442,51.0871395],[-114.2504725,51.0871252],[-114.2504001,51.0871125],[-114.250327,51.0871013],[-114.2502505,51.0870818],[-114.2501731,51.0870635],[-114.250095,51.0870466],[-114.2500162,51.087031],[-114.2499368,51.0870168],[-114.2498568,51.0870039],[-114.2497762,51.0869924],[-114.2496952,51.0869822],[-114.249559,51.0869682],[-114.249422,51.0869581],[-114.2492843,51.0869519],[-114.2491464,51.0869496],[-114.2490286,51.0869507],[-114.2489111,51.0869547],[-114.2487718,51.0869632],[-114.2486333,51.0869757],[-114.2479194,51.0870503],[-114.2469307,51.0861072],[-114.2468694,51.0860365],[-114.2468112,51.0859647],[-114.2467562,51.085892],[-114.2467045,51.0858184],[-114.2466561,51.0857438],[-114.2466109,51.0856685],[-114.2465691,51.0855924],[-114.2465307,51.0855156],[-114.246486,51.0854153],[-114.2464472,51.085314],[-114.2464141,51.0852119],[-114.2463869,51.0851091],[-114.2463655,51.0850058],[-114.2463501,51.084902],[-114.2463407,51.084798],[-114.2463371,51.0846939],[-114.2463358,51.0844444],[-114.2461878,51.0844447],[-114.2460162,51.0844451],[-114.245875,51.0844453],[-114.2458746,51.0852723],[-114.2458746,51.085427],[-114.2458746,51.0854468],[-114.2458745,51.0855725],[-114.2458744,51.0856486],[-114.2458252,51.0855404],[-114.2457812,51.0854312],[-114.2457423,51.0853213],[-114.2457088,51.0852107],[-114.2456876,51.0851298],[-114.2456693,51.0850486],[-114.2456538,51.0849672],[-114.2456411,51.0848856],[-114.2456313,51.0848038],[-114.2456243,51.0847219],[-114.2456201,51.08464],[-114.2456188,51.084558],[-114.2456183,51.0844463],[-114.2452799,51.084447],[-114.24528,51.0846987],[-114.2452802,51.0850523],[-114.2452802,51.0867325],[-114.2452803,51.0869202],[-114.2452801,51.0869642],[-114.24528,51.0870021],[-114.2455878,51.0870027],[-114.2455876,51.0874222],[-114.2447177,51.0877794],[-114.2438482,51.0877777],[-114.2434972,51.0877775],[-114.2434847,51.0877773],[-114.2429787,51.0877767],[-114.242148,51.0877754],[-114.2412402,51.0877618],[-114.2412414,51.087761],[-114.2407106,51.0877458],[-114.2407089,51.0877458],[-114.2401724,51.0877557],[-114.2385998,51.0877151],[-114.2385887,51.0873624],[-114.2385811,51.0873078],[-114.2383827,51.087234],[-114.2379905,51.0870913],[-114.2366933,51.0866194],[-114.2366182,51.0865927],[-114.2365316,51.086562],[-114.2351293,51.0860498],[-114.2344396,51.0853322],[-114.2344356,51.0853281],[-114.2343821,51.0852724],[-114.234381,51.0852712],[-114.2343742,51.0852642],[-114.2340876,51.0849648],[-114.234088,51.0851456]]]]},"properties":{":id":"row-i7xs_nxgv_mb4n",":version":"rv-xdex.nvkq.f53e",":created_at":"2026-10-01T19:33:45.132Z",":updated_at":"2026-10-01T19:33:45.132Z","lpid":"695202","planname":"TUC","type_code":"70","type_dscrn":"TUC","stage_code":"1","stage_dscrn":"Registered","created_dt":"2020-01-29T14:26:27.000Z","modified_attribute_dt":"2026-03-06T10:57:11.000Z","modified_geometry_dt":"2026-03-06T10:57:11.000Z"}},
{"type":"Feature","geometry":{"type":"MultiPolygon","coordinates":[[[[-114.2316134,51.0823957],[-114.2313407,51.0817065],[-114.2312951,51.0816033],[-114.2312667,51.0815156],[-114.2274162,51.0815195],[-114.225635,51.0815219],[-114.2256832,51.081613],[-114.2262189,51.0825146],[-114.2262228,51.0825213],[-114.2266902,51.0833078],[-114.2269083,51.0835251],[-114.226917,51.0835338],[-114.227793,51.0844108],[-114.2278368,51.0844567],[-114.2278764,51.0845041],[-114.227912,51.0845528],[-114.2279433,51.0846026],[-114.2279703,51.0846534],[-114.2279928,51.0847051],[-114.2280109,51.0847574],[-114.2280244,51.0848103],[-114.2280329,51.0848624],[-114.2280369,51.0849148],[-114.2280366,51.0849673],[-114.2280318,51.0850197],[-114.2280195,51.0850853],[-114.2280003,51.0851503],[-114.2279742,51.0852143],[-114.2279414,51.0852771],[-114.227908,51.0853298],[-114.2278699,51.0853811],[-114.2278271,51.085431],[-114.2277799,51.0854792],[-114.2277283,51.0855257],[-114.2276726,51.0855703],[-114.2276129,51.0856127],[-114.2275494,51.085653],[-114.2274823,51.0856909],[-114.2274119,51.0857263],[-114.2273384,51.0857591],[-114.227262,51.0857892],[-114.227183,51.0858165],[-114.2271016,51.0858409],[-114.2270181,51.0858623],[-114.2269328,51.0858807],[-114.2269748,51.0859666],[-114.2262263,51.0861131],[-114.2254644,51.0862639],[-114.2253807,51.0862801],[-114.2245421,51.086318],[-114.2241403,51.0862071],[-114.2238415,51.0861255],[-114.2231604,51.0859393],[-114.2231569,51.0859383],[-114.223047,51.0859083],[-114.2227725,51.0858333],[-114.2227044,51.0858147],[-114.2226477,51.0857992],[-114.2226031,51.085787],[-114.2225385,51.0857873],[-114.2224739,51.0857859],[-114.2224094,51.085783],[-114.2223452,51.0857784],[-114.2222813,51.0857723],[-114.2222179,51.0857646],[-114.222155,51.0857553],[-114.2220927,51.0857445],[-114.2220127,51.0857302],[-114.221932,51.0857174],[-114.2218508,51.085706],[-114.2217691,51.0856962],[-114.2205534,51.0855613],[-114.2204008,51.0855422],[-114.2202497,51.085519],[-114.2201003,51.0854916],[-114.2199529,51.0854602],[-114.2189239,51.0852227],[-114.218668,51.085163],[-114.2184139,51.0851002],[-114.2181618,51.0850344],[-114.2179117,51.0849656],[-114.2175529,51.084873],[-114.2171926,51.0847826],[-114.216831,51.0846944],[-114.2164679,51.0846085],[-114.2163706,51.0847599],[-114.2159214,51.0854578],[-114.2176752,51.0858836],[-114.2186338,51.0861161],[-114.2200489,51.0864595],[-114.2214708,51.0869017],[-114.2241392,51.08773],[-114.2255035,51.0881526],[-114.225534,51.0881621],[-114.2255689,51.0881832],[-114.2258213,51.0883362],[-114.225825,51.0883384],[-114.2259508,51.0884147],[-114.2262019,51.0886566],[-114.2263892,51.0888371],[-114.2265937,51.0890341],[-114.2268065,51.0892391],[-114.2278077,51.0899612],[-114.228351,51.0901201],[-114.2288421,51.0902638],[-114.2296948,51.0905129],[-114.2297312,51.0905236],[-114.229748,51.0905361],[-114.2298232,51.0905938],[-114.2298962,51.0906525],[-114.229967,51.0907124],[-114.2300355,51.0907732],[-114.2301017,51.0908351],[-114.2301656,51.090898],[-114.230227,51.0909617],[-114.2302861,51.0910264],[-114.2304731,51.091127],[-114.2305868,51.0911911],[-114.2306961,51.091258],[-114.230801,51.0913278],[-114.2309013,51.0914002],[-114.2309575,51.0914435],[-114.2310121,51.0914876],[-114.231065,51.0915325],[-114.2311162,51.0915782],[-114.2311633,51.0916225],[-114.2312089,51.0916674],[-114.2312528,51.0917129],[-114.231295,51.0917591],[-114.2313398,51.0918108],[-114.2313824,51.0918632],[-114.231423,51.0919163],[-114.2314614,51.09197],[-114.2314976,51.0920242],[-114.2315317,51.0920791],[-114.2315635,51.0921344],[-114.2315932,51.0921903],[-114.2316206,51.0922465],[-114.2316457,51.0923032],[-114.2316686,51.0923603],[-114.2316891,51.0924177],[-114.2317074,51.0924755],[-114.2317234,51.0925335],[-114.231737,51.0925917],[-114.2317483,51.0926501],[-114.2317567,51.0927049],[-114.2317641,51.09277],[-114.2317686,51.0928351],[-114.2318036,51.0935956],[-114.2317784,51.0937162],[-114.2317648,51.0937759],[-114.2317332,51.0939275],[-114.23172,51.0939906],[-114.2317163,51.0940085],[-114.2317126,51.0940263],[-114.2317001,51.094086],[-114.2316852,51.0941573],[-114.2316703,51.0942286],[-114.2316592,51.094282],[-114.2316555,51.0942998],[-114.2316517,51.0943177],[-114.2316406,51.0943711],[-114.2316294,51.0944246],[-114.2316257,51.0944424],[-114.231622,51.0944602],[-114.2316108,51.0945137],[-114.2315997,51.0945671],[-114.2315959,51.0945849],[-114.2315922,51.0946028],[-114.2315811,51.0946562],[-114.2315795,51.0946665],[-114.231568,51.0947213],[-114.2314202,51.0954275],[-114.2313828,51.0956068],[-114.2313431,51.095793],[-114.2319198,51.0957929],[-114.2341031,51.0957925],[-114.2341035,51.0956101],[-114.234102,51.0947662],[-114.234102,51.0947222],[-114.2341019,51.0946674],[-114.2341013,51.0939264],[-114.2341013,51.0938994],[-114.2341003,51.0937772],[-114.2341004,51.0937216],[-114.2341002,51.0935964],[-114.2340994,51.093112],[-114.2340993,51.0930311],[-114.2340985,51.0927064],[-114.2340984,51.0926515],[-114.2340969,51.0917609],[-114.2340966,51.0915801],[-114.2340936,51.0899162],[-114.2340934,51.0898258],[-114.234092,51.0890122],[-114.2340917,51.0888317],[-114.2340917,51.0888053],[-114.2340918,51.0887413],[-114.234092,51.0886521],[-114.2340913,51.0882571],[-114.234091,51.0877742],[-114.2340904,51.086898],[-114.2340902,51.0865631],[-114.234089,51.0860218],[-114.2340886,51.085678],[-114.2340878,51.0854992],[-114.2340875,51.085322],[-114.2340874,51.0853058],[-114.2340875,51.0852894],[-114.2340877,51.0852268],[-114.234088,51.0851456],[-114.2340876,51.0849648],[-114.2340531,51.084929],[-114.2340272,51.0849021],[-114.2337861,51.0846518],[-114.2316134,51.0823957]]]]},"properties":{":id":"row-3pkf~cbep~mh9y",":version":"rv-eg9y-72pz.8jix",":created_at":"2026-10-01T19:33:45.132Z",":updated_at":"2026-10-01T19:33:45.132Z","lpid":"744143","planname":"TUC","type_code":"70","type_dscrn":"TUC","stage_code":"1","stage_dscrn":"Registered","created_dt":null,"modified_attribute_dt":"2026-03-11T12:00:14.000Z","modified_geometry_dt":"2026-03-11T12:00:14.000Z"}},
{"type":"Feature","geometry":{"type":"MultiPolygon","coordinates":[[[[-114.2288421,51.0902638],[-114.2295086,51.0906971],[-114.2295145,51.090701],[-114.2296773,51.0908069],[-114.2297591,51.09086],[-114.2298548,51.0909222],[-114.2299521,51.0909855],[-114.2300476,51.0910476],[-114.2301427,51.0911094],[-114.2302358,51.0911699],[-114.2303146,51.0912211],[-114.2303936,51.0912725],[-114.2304003,51.0912768],[-114.2304854,51.091334],[-114.2305564,51.0913844],[-114.2305574,51.0913851],[-114.2305678,51.0913928],[-114.2306475,51.091453],[-114.2307244,51.0915147],[-114.2307984,51.0915778],[-114.2308699,51.0916425],[-114.2309381,51.0917084],[-114.2309881,51.0917589],[-114.2309958,51.0917678],[-114.2310033,51.0917755],[-114.2310532,51.09183],[-114.2310605,51.0918379],[-114.2311215,51.0919098],[-114.2311738,51.0919757],[-114.2312266,51.0920472],[-114.2312762,51.0921197],[-114.2313223,51.0921931],[-114.231365,51.0922673],[-114.2314042,51.0923422],[-114.23144,51.0924179],[-114.2314722,51.0924942],[-114.2315008,51.092571],[-114.2315259,51.0926484],[-114.2315427,51.0927048],[-114.2315473,51.0927261],[-114.2315648,51.0928027],[-114.2315651,51.0928038],[-114.2315797,51.0928747],[-114.2315942,51.0929456],[-114.2316092,51.0930176],[-114.2316201,51.093071],[-114.2316238,51.0930889],[-114.2316275,51.0931067],[-114.2316384,51.0931602],[-114.2316494,51.0932136],[-114.2316531,51.0932315],[-114.2316567,51.0932493],[-114.2316677,51.0933028],[-114.2316787,51.0933562],[-114.2316823,51.0933741],[-114.231686,51.0933919],[-114.231697,51.0934454],[-114.2317087,51.0935024],[-114.2317123,51.0935202],[-114.231716,51.0935381],[-114.2317277,51.093595],[-114.2317456,51.0936824],[-114.2317493,51.0937003],[-114.2317624,51.0937642],[-114.2317648,51.0937759],[-114.2317784,51.0937162],[-114.2318036,51.0935956],[-114.2317686,51.0928351],[-114.2317641,51.09277],[-114.2317567,51.0927049],[-114.2317483,51.0926501],[-114.231737,51.0925917],[-114.2317234,51.0925335],[-114.2317074,51.0924755],[-114.2316891,51.0924177],[-114.2316686,51.0923603],[-114.2316457,51.0923032],[-114.2316206,51.0922465],[-114.2315932,51.0921903],[-114.2315635,51.0921344],[-114.2315317,51.0920791],[-114.2314976,51.0920242],[-114.2314614,51.09197],[-114.231423,51.0919163],[-114.2313824,51.0918632],[-114.2313398,51.0918108],[-114.231295,51.0917591],[-114.2312528,51.0917129],[-114.2312089,51.0916674],[-114.2311633,51.0916225],[-114.2311162,51.0915782],[-114.2310463,51.0915163],[-114.2309733,51.0914558],[-114.2308971,51.0913968],[-114.230818,51.0913394],[-114.230736,51.0912837],[-114.2306511,51.0912297],[-114.2305634,51.0911774],[-114.2304731,51.091127],[-114.2302861,51.0910264],[-114.230227,51.0909617],[-114.2301656,51.090898],[-114.2301017,51.0908351],[-114.2300355,51.0907732],[-114.229967,51.0907124],[-114.2298962,51.0906525],[-114.2298232,51.0905938],[-114.229748,51.0905361],[-114.2297312,51.0905236],[-114.2288421,51.0902638]]]]},"properties":{":id":"row-6x2h-urez_qnuc",":version":"rv-6uiv_6wjg_gfxy",":created_at":"2026-10-01T19:33:45.132Z",":updated_at":"2026-10-01T19:33:45.132Z","lpid":"694876","planname":"TUC","type_code":"70","type_dscrn":"TUC","stage_code":"1","stage_dscrn":"Registered","created_dt":null,"modified_attribute_dt":"2026-03-11T12:00:14.000Z","modified_geometry_dt":"2026-03-11T12:00:14.000Z"}},
{"type":"Feature","geometry":{"type":"MultiPolygon","coordinates":[[[[-114.2168364,51.1271959],[-114.2202081,51.1291385],[-114.2204559,51.1299391],[-114.2217074,51.1306601],[-114.222062,51.1306164],[-114.2221321,51.1306078],[-114.2225786,51.130553],[-114.2226239,51.1306054],[-114.2226673,51.1306585],[-114.2227089,51.1307122],[-114.2227485,51.1307664],[-114.2227862,51.1308212],[-114.222822,51.1308764],[-114.2228559,51.1309322],[-114.2228877,51.1309884],[-114.2229176,51.1310451],[-114.2229455,51.1311021],[-114.2229714,51.1311595],[-114.2229952,51.1312173],[-114.223017,51.1312753],[-114.2230368,51.1313337],[-114.2230545,51.1313923],[-114.2230702,51.1314512],[-114.2230837,51.1315102],[-114.2230952,51.1315694],[-114.2231046,51.1316288],[-114.2231119,51.1316883],[-114.2231171,51.1317479],[-114.2231203,51.1318075],[-114.2231213,51.1318672],[-114.2231202,51.1319268],[-114.223117,51.1319865],[-114.2231117,51.132046],[-114.2231044,51.1321055],[-114.2230949,51.1321649],[-114.2230834,51.1322241],[-114.2230698,51.1322831],[-114.2230541,51.132342],[-114.2230363,51.1324006],[-114.2230384,51.1324006],[-114.2230922,51.1324007],[-114.2233678,51.132401],[-114.2239011,51.1324014],[-114.2242086,51.1324018],[-114.2292476,51.1324083],[-114.2303698,51.1329115],[-114.2323931,51.1342084],[-114.2325746,51.1343252],[-114.232643,51.1343689],[-114.2326472,51.1343716],[-114.2327785,51.1344559],[-114.2329398,51.134301],[-114.2331777,51.1343524],[-114.2337784,51.1344821],[-114.2340589,51.1345426],[-114.2340587,51.1343327],[-114.2340579,51.1342161],[-114.2340565,51.1337909],[-114.2343438,51.133791],[-114.2347953,51.1339815],[-114.2350235,51.1337648],[-114.2352476,51.1335463],[-114.2354965,51.1332964],[-114.23574,51.1330444],[-114.2359778,51.1327904],[-114.2362101,51.1325343],[-114.2362897,51.1324443],[-114.2363173,51.1324128],[-114.2353167,51.13201],[-114.2346119,51.1308933],[-114.2345089,51.1307304],[-114.2343752,51.1305185],[-114.2343467,51.1304705],[-114.2343357,51.1304559],[-114.2342832,51.1302837],[-114.2342241,51.1300899],[-114.2342196,51.1300752],[-114.2341341,51.1297947],[-114.2340854,51.1296348],[-114.2340542,51.1295325],[-114.234047,51.1295087],[-114.2340247,51.1294357],[-114.2339935,51.1293335],[-114.2339624,51.1292313],[-114.2339328,51.1291344],[-114.2338966,51.1290155],[-114.233824,51.1287775],[-114.2337829,51.1286425],[-114.2337068,51.1283928],[-114.2336446,51.1281887],[-114.2336092,51.1280727],[-114.233598,51.1280363],[-114.233615,51.127974],[-114.2336458,51.1278603],[-114.2336761,51.1277484],[-114.2337062,51.1276374],[-114.2337345,51.1275327],[-114.2337608,51.1274355],[-114.2337959,51.1273062],[-114.2338472,51.1271167],[-114.2338775,51.1270044],[-114.2339449,51.1267557],[-114.2340075,51.1265246],[-114.2340367,51.1264167],[-114.2340472,51.1263781],[-114.2340399,51.1251933],[-114.2294311,51.1251946],[-114.2292779,51.1255893],[-114.2291435,51.1259356],[-114.2290551,51.1261634],[-114.2289557,51.1264195],[-114.2288554,51.1266779],[-114.2287554,51.1269354],[-114.2287259,51.127006],[-114.2287001,51.1270601],[-114.2286719,51.1271138],[-114.2286662,51.1271241],[-114.2286145,51.1272098],[-114.2285566,51.127294],[-114.2285053,51.1273608],[-114.22845,51.1274262],[-114.2283909,51.1274904],[-114.228328,51.127553],[-114.228252,51.1276225],[-114.2281713,51.1276899],[-114.2281106,51.1277368],[-114.2280476,51.1277827],[-114.2279821,51.1278275],[-114.2279143,51.127871],[-114.2278057,51.1279356],[-114.2276923,51.1279969],[-114.2276134,51.1280362],[-114.2275325,51.1280739],[-114.2274497,51.12811],[-114.2273651,51.1281443],[-114.2272696,51.1281804],[-114.2271721,51.1282142],[-114.2270727,51.1282459],[-114.2269716,51.1282753],[-114.2269322,51.1282861],[-114.2268272,51.1283128],[-114.2267207,51.1283371],[-114.2265815,51.1283648],[-114.2264403,51.1283885],[-114.2262976,51.128408],[-114.2261536,51.1284233],[-114.2260542,51.1284314],[-114.2259544,51.1284374],[-114.2258543,51.1284415],[-114.2257541,51.1284435],[-114.2256637,51.1284437],[-114.2255733,51.1284421],[-114.225483,51.128439],[-114.2253929,51.1284342],[-114.2252567,51.1284238],[-114.2251214,51.1284097],[-114.224856,51.1283783],[-114.2242856,51.1283108],[-114.2225723,51.1281078],[-114.2221411,51.1279474],[-114.2217083,51.1277864],[-114.2195752,51.1269927],[-114.2168359,51.1259735],[-114.216836,51.1262262],[-114.2168361,51.126556],[-114.2168363,51.1269904],[-114.2168363,51.1271024],[-114.2168363,51.1271214],[-114.2168363,51.1271592],[-114.2168364,51.1271959]]]]},"properties":{":id":"row-46vf.fi7y_fsnq",":version":"rv-xn8j~3awn-p2da",":created_at":"2026-10-01T19:33:45.132Z",":updated_at":"2026-10-01T19:33:45.132Z","lpid":"591833","planname":"TUC","type_code":"70","type_dscrn":"TUC","stage_code":"1","stage_dscrn":"Registered","created_dt":null,"modified_attribute_dt":"2026-03-17T13:58:19.000Z","modified_geometry_dt":"2026-03-17T13:58:19.000Z"}},
{"type":"Feature","geometry":{"type":"MultiPolygon","coordinates":[[[[-113.9250598,51.0397218],[-113.9260022,51.0391078],[-113.9260758,51.039062],[-113.9261525,51.0390183],[-113.9262324,51.0389769],[-113.9263151,51.0389378],[-113.9264006,51.0389011],[-113.9264887,51.0388669],[-113.9265791,51.0388352],[-113.9266717,51.0388062],[-113.9267664,51.0387798],[-113.9268628,51.0387562],[-113.9269609,51.0387353],[-113.9270603,51.0387173],[-113.927161,51.0387021],[-113.9272626,51.0386898],[-113.9273651,51.0386804],[-113.9274681,51.038674],[-113.9275188,51.0386472],[-113.9275717,51.0386223],[-113.9276267,51.0385992],[-113.9276837,51.038578],[-113.9277308,51.0385635],[-113.9277788,51.0385502],[-113.927779,51.0380557],[-113.9279219,51.0380555],[-113.9279219,51.0379651],[-113.9279218,51.0377808],[-113.9282657,51.0377807],[-113.9283085,51.0377807],[-113.9291353,51.0377803],[-113.9292781,51.0377802],[-113.9292782,51.0376131],[-113.9276665,51.0376138],[-113.9275239,51.0376139],[-113.9235437,51.0376155],[-113.9172016,51.0376179],[-113.9124253,51.0376194],[-113.9123383,51.0376195],[-113.9122165,51.0376195],[-113.9121952,51.0376195],[-113.9121648,51.0377891],[-113.9121344,51.0379591],[-113.912122,51.0380287],[-113.9121168,51.0380577],[-113.912091,51.0385039],[-113.9120874,51.0385657],[-113.9120858,51.0385938],[-113.9120784,51.0387226],[-113.9123375,51.0387261],[-113.9129445,51.0387344],[-113.9146278,51.0387573],[-113.9146865,51.0393759],[-113.9169722,51.0408246],[-113.9176004,51.0412228],[-113.9183934,51.0417254],[-113.9185425,51.0418199],[-113.9185406,51.0422495],[-113.9185326,51.044114],[-113.9185323,51.0441848],[-113.9185322,51.0442754],[-113.9185321,51.0443384],[-113.9185321,51.0443653],[-113.9185287,51.0451958],[-113.9229481,51.045196],[-113.9229478,51.0450755],[-113.9229475,51.0449946],[-113.9229466,51.044689],[-113.9229463,51.0445927],[-113.9229456,51.0443645],[-113.9229451,51.0441837],[-113.922945,51.0441567],[-113.9229424,51.0432631],[-113.9229417,51.0429399],[-113.9229416,51.042877],[-113.9229415,51.042859],[-113.9229413,51.0427953],[-113.9229412,51.0427611],[-113.9229405,51.0425193],[-113.9229402,51.0423944],[-113.9229398,51.0422903],[-113.9229395,51.0421916],[-113.9229392,51.0420875],[-113.922939,51.0419888],[-113.9229386,51.0418847],[-113.9229385,51.0418345],[-113.9229397,51.0417794],[-113.9229438,51.0417207],[-113.9229503,51.0416675],[-113.9229598,51.0416118],[-113.922972,51.0415562],[-113.922987,51.0415009],[-113.9230047,51.041446],[-113.9230251,51.0413914],[-113.9230482,51.0413373],[-113.923074,51.0412836],[-113.9231024,51.0412305],[-113.9231334,51.0411779],[-113.923167,51.041126],[-113.9232031,51.0410748],[-113.9232418,51.0410243],[-113.9232829,51.0409746],[-113.9233265,51.0409257],[-113.9233961,51.0408544],[-113.9234209,51.0408306],[-113.9234715,51.0407845],[-113.9235244,51.0407394],[-113.9235795,51.0406954],[-113.9236368,51.0406525],[-113.9236832,51.0406196],[-113.9237411,51.0405807],[-113.9237555,51.0405714],[-113.9238703,51.0404966],[-113.923985,51.0404218],[-113.9240945,51.0403505],[-113.9242092,51.0402757],[-113.9243237,51.0402013],[-113.9244325,51.0401304],[-113.9245473,51.0400556],[-113.9246443,51.0399924],[-113.9246562,51.0399847],[-113.9246681,51.0399769],[-113.924771,51.0399099],[-113.9249322,51.0398049],[-113.9249963,51.0397631],[-113.9250129,51.0397523],[-113.9250308,51.0397406],[-113.9250598,51.0397218]]]]},"properties":{":id":"row-56b7~nfdb.dvrb",":version":"rv-8bk6-gtxe-gkk6",":created_at":"2026-10-01T19:33:45.132Z",":updated_at":"2026-10-01T19:33:45.132Z","lpid":"591998","planname":"TUC","type_code":"70","type_dscrn":"TUC","stage_code":"1","stage_dscrn":"Registered","created_dt":null,"modified_attribute_dt":"2026-04-07T09:59:12.000Z","modified_geometry_dt":"2026-04-07T09:59:12.000Z"}},
{"type":"Feature","geometry":{"type":"MultiPolygon","coordinates":[[[[-113.9233034,51.0233258],[-113.9225741,51.0233258],[-113.9185174,51.0233262],[-113.9185174,51.0233265],[-113.9184433,51.0289407],[-113.9184345,51.0296015],[-113.9184547,51.0305551],[-113.9228197,51.0305547],[-113.9228103,51.0304036],[-113.9227964,51.0299918],[-113.9227805,51.0269082],[-113.9235429,51.0269066],[-113.9235429,51.0266521],[-113.9235428,51.0257463],[-113.9235427,51.0241817],[-113.9235426,51.0233257],[-113.9233034,51.0233258]]]]},"properties":{":id":"row-2udh.fxfe_98dh",":version":"rv-4wgw.84ux.y5gz",":created_at":"2026-10-01T19:33:45.132Z",":updated_at":"2026-10-01T19:33:45.132Z","lpid":"591867","planname":"TUC","type_code":"70","type_dscrn":"TUC","stage_code":"1","stage_dscrn":"Registered","created_dt":null,"modified_attribute_dt":"2026-04-07T09:59:12.000Z","modified_geometry_dt":"2026-04-07T09:59:12.000Z"}},
{"type":"Feature","geometry":{"type":"MultiPolygon","coordinates":[[[[-113.9235435,51.0354176],[-113.9234739,51.0353368],[-113.9234093,51.0352543],[-113.9233496,51.0351704],[-113.9232951,51.0350851],[-113.9232457,51.0349986],[-113.9232015,51.034911],[-113.9231627,51.0348223],[-113.9231292,51.0347329],[-113.9231009,51.0346327],[-113.9230793,51.0345318],[-113.9230644,51.0344304],[-113.9230563,51.0343288],[-113.9230428,51.0341127],[-113.9228974,51.0317955],[-113.9228255,51.0306472],[-113.9228204,51.0305663],[-113.9228197,51.0305547],[-113.9184547,51.0305551],[-113.918455,51.0305687],[-113.9184567,51.0306495],[-113.9184638,51.0309838],[-113.9184754,51.0315244],[-113.918481,51.0317867],[-113.9184815,51.0318131],[-113.9184825,51.0318675],[-113.9184846,51.0319664],[-113.9185038,51.032872],[-113.9170775,51.0343831],[-113.9170774,51.0343833],[-113.9169694,51.0361245],[-113.9161037,51.0366939],[-113.9160693,51.0367165],[-113.9146121,51.0367521],[-113.9124261,51.0368051],[-113.9123392,51.0368072],[-113.9122393,51.0368096],[-113.9121957,51.0368107],[-113.9121962,51.0368373],[-113.9121958,51.0371867],[-113.9121957,51.0372415],[-113.9121953,51.0375059],[-113.9121952,51.0376195],[-113.9122165,51.0376195],[-113.9123383,51.0376195],[-113.9124253,51.0376194],[-113.9172016,51.0376179],[-113.9235437,51.0376155],[-113.9275239,51.0376139],[-113.9276665,51.0376138],[-113.9292782,51.0376131],[-113.9292782,51.0373577],[-113.9292783,51.036794],[-113.9282399,51.0367391],[-113.9265801,51.0366512],[-113.9264554,51.0366433],[-113.9263312,51.0366329],[-113.9262076,51.03662],[-113.9260848,51.0366045],[-113.9259334,51.036582],[-113.9257835,51.0365557],[-113.9256355,51.0365256],[-113.9254895,51.0364917],[-113.9253541,51.036456],[-113.925221,51.0364171],[-113.9250903,51.036375],[-113.9249622,51.0363298],[-113.924837,51.0362816],[-113.9247148,51.0362304],[-113.9245958,51.0361763],[-113.9244801,51.0361194],[-113.924368,51.0360598],[-113.9242596,51.0359975],[-113.924155,51.0359327],[-113.9240545,51.0358654],[-113.9239581,51.0357958],[-113.923866,51.0357239],[-113.9237783,51.0356498],[-113.9236951,51.0355737],[-113.923617,51.0354966],[-113.9235435,51.0354176]]]]},"properties":{":id":"row-czw2.ptmv~ufzn",":version":"rv-kxa9-zh43_in97",":created_at":"2026-10-01T19:33:45.132Z",":updated_at":"2026-10-01T19:33:45.132Z","lpid":"592000","planname":"TUC","type_code":"70","type_dscrn":"TUC","stage_code":"1","stage_dscrn":"Registered","created_dt":null,"modified_attribute_dt":"2026-04-07T09:59:12.000Z","modified_geometry_dt":"2026-04-07T09:59:12.000Z"}},
{"type":"Feature","geometry":{"type":"MultiPolygon","coordinates":[[[[-113.9122039,51.0162808],[-113.9123464,51.0163028],[-113.9124997,51.0163265],[-113.9130664,51.0164139],[-113.9145993,51.0166505],[-113.9152055,51.0168859],[-113.915206,51.0174262],[-113.9152766,51.0174942],[-113.9183144,51.0204166],[-113.9184652,51.0215382],[-113.9185273,51.0225765],[-113.918521,51.0230534],[-113.9185174,51.0233262],[-113.9225741,51.0233258],[-113.9233034,51.0233258],[-113.9233404,51.0225577],[-113.9235433,51.0205941],[-113.9235435,51.0197081],[-113.9236347,51.0197081],[-113.9237212,51.0188707],[-113.9237354,51.0187663],[-113.9237564,51.0186625],[-113.9237842,51.0185592],[-113.9238187,51.0184568],[-113.92386,51.0183553],[-113.9239078,51.018255],[-113.9239621,51.018156],[-113.9240229,51.0180585],[-113.9240616,51.018002],[-113.9241024,51.0179462],[-113.9241454,51.0178909],[-113.9241905,51.0178364],[-113.9242376,51.0177825],[-113.9242869,51.0177294],[-113.9243382,51.017677],[-113.9243914,51.0176255],[-113.9244467,51.0175748],[-113.9245039,51.0175249],[-113.924563,51.0174759],[-113.924624,51.0174279],[-113.9246868,51.0173808],[-113.9247514,51.0173346],[-113.9248178,51.0172895],[-113.9248859,51.0172454],[-113.9249557,51.0172023],[-113.9250271,51.0171603],[-113.9251001,51.0171194],[-113.9251747,51.0170797],[-113.9252508,51.0170411],[-113.9253284,51.0170037],[-113.9254074,51.0169674],[-113.9254877,51.0169324],[-113.9255694,51.0168986],[-113.9256524,51.0168661],[-113.9257366,51.0168349],[-113.925822,51.0168049],[-113.9259085,51.0167763],[-113.9259961,51.016749],[-113.9260847,51.0167231],[-113.9261743,51.0166985],[-113.926259,51.0166767],[-113.9263444,51.0166562],[-113.9264306,51.0166369],[-113.9265175,51.0166189],[-113.926605,51.0166021],[-113.926693,51.0165866],[-113.9267817,51.0165723],[-113.9268708,51.0165593],[-113.9269603,51.0165476],[-113.9270503,51.0165372],[-113.9271406,51.0165281],[-113.9272312,51.0165202],[-113.9273221,51.0165137],[-113.9274132,51.0165085],[-113.9275045,51.0165046],[-113.9275959,51.016502],[-113.9316772,51.0164149],[-113.9316772,51.0160905],[-113.9316772,51.0153245],[-113.9316771,51.0143973],[-113.9316771,51.0142624],[-113.9316771,51.0141089],[-113.9291777,51.0139833],[-113.9290482,51.013976],[-113.9289189,51.0139669],[-113.9287899,51.0139562],[-113.9286614,51.0139437],[-113.9285332,51.0139296],[-113.9284056,51.0139138],[-113.9282785,51.0138964],[-113.928152,51.0138773],[-113.9280263,51.0138565],[-113.9279013,51.0138341],[-113.927777,51.0138101],[-113.9276536,51.0137844],[-113.9275311,51.0137572],[-113.9274094,51.0137283],[-113.9272888,51.0136979],[-113.9271692,51.0136659],[-113.9270506,51.0136324],[-113.9269332,51.0135973],[-113.926817,51.0135607],[-113.926702,51.0135226],[-113.9265882,51.013483],[-113.9264759,51.0134419],[-113.9263648,51.0133994],[-113.9262553,51.0133554],[-113.9261471,51.01331],[-113.9260406,51.0132632],[-113.9259355,51.013215],[-113.9258321,51.0131655],[-113.9257303,51.0131146],[-113.9256303,51.0130624],[-113.9255319,51.013009],[-113.9254354,51.0129542],[-113.9253407,51.0128982],[-113.9252478,51.012841],[-113.9251569,51.0127826],[-113.9250679,51.012723],[-113.9249809,51.0126622],[-113.9248959,51.0126003],[-113.9248129,51.0125374],[-113.9247321,51.0124733],[-113.9246254,51.0123845],[-113.9245227,51.0122938],[-113.9244241,51.0122013],[-113.9243297,51.0121071],[-113.9242395,51.0120113],[-113.9241536,51.0119139],[-113.9240722,51.011815],[-113.9239952,51.0117147],[-113.9239226,51.0116131],[-113.9238547,51.0115103],[-113.9237914,51.0114063],[-113.9237328,51.0113012],[-113.9236788,51.0111951],[-113.9236297,51.0110882],[-113.9235853,51.0109803],[-113.9235458,51.0108718],[-113.9235228,51.0108011],[-113.9235018,51.0107303],[-113.9234829,51.0106591],[-113.9234661,51.0105878],[-113.9234513,51.0105163],[-113.9234386,51.0104446],[-113.9234279,51.0103728],[-113.9234194,51.0103009],[-113.9232798,51.0089664],[-113.9232718,51.00889],[-113.9232682,51.0088558],[-113.9225809,51.0088557],[-113.9205401,51.0088554],[-113.917448,51.0088549],[-113.9173772,51.0088549],[-113.917376,51.0088908],[-113.9173757,51.0089211],[-113.9173591,51.0096636],[-113.9181684,51.0101886],[-113.9181017,51.0114592],[-113.9180961,51.011531],[-113.9180867,51.0116025],[-113.9151711,51.013393],[-113.9152056,51.0141704],[-113.9150994,51.0141779],[-113.9149928,51.0141838],[-113.9148861,51.0141882],[-113.9147793,51.0141908],[-113.9122046,51.0142361],[-113.9120617,51.0142386],[-113.9120616,51.0143993],[-113.9120606,51.0160897],[-113.912204,51.0160897],[-113.912204,51.016121],[-113.912204,51.0162346],[-113.9122039,51.0162808]]]]},"properties":{":id":"row-a3ye.98eg.m9uf",":version":"rv-xgf7~qdv8_n8e9",":created_at":"2026-10-01T19:33:45.132Z",":updated_at":"2026-10-01T19:33:45.132Z","lpid":"740478","planname":"TUC","type_code":"70","type_dscrn":"TUC","stage_code":"1","stage_dscrn":"Registered","created_dt":null,"modified_attribute_dt":"2026-04-07T09:59:12.000Z","modified_geometry_dt":"2026-04-07T09:59:12.000Z"}},
{"type":"Feature","geometry":{"type":"MultiPolygon","coordinates":[[[[-113.9122072,51.0074999],[-113.9120638,51.0074994],[-113.9120639,51.0079873],[-113.9120638,51.0081217],[-113.9120634,51.0083983],[-113.9122067,51.0083984],[-113.912207,51.0083984],[-113.9122061,51.0086724],[-113.9125029,51.0086726],[-113.9125456,51.0086726],[-113.9173807,51.0086739],[-113.917379,51.0087638],[-113.9173777,51.0088279],[-113.9173772,51.0088549],[-113.917448,51.0088549],[-113.9205401,51.0088554],[-113.9225809,51.0088557],[-113.9232682,51.0088558],[-113.9232652,51.0088273],[-113.9232587,51.0087652],[-113.9232493,51.0086753],[-113.9232207,51.0084013],[-113.9232204,51.008387],[-113.9232181,51.0082641],[-113.9232128,51.0079904],[-113.923104,51.0023548],[-113.9230969,51.0019782],[-113.9230977,51.0019111],[-113.9231024,51.0018441],[-113.923111,51.0017772],[-113.9231237,51.0017106],[-113.9231402,51.0016443],[-113.9231607,51.0015784],[-113.923185,51.0015131],[-113.9232132,51.0014484],[-113.9175383,51.0014516],[-113.9174972,51.0033384],[-113.9174066,51.0075012],[-113.9122072,51.0074999]]]]},"properties":{":id":"row-d2dn.wk5g~ci68",":version":"rv-t28q_xgp9.m5db",":created_at":"2026-10-01T19:33:45.132Z",":updated_at":"2026-10-01T19:33:45.132Z","lpid":"592119","planname":"TUC","type_code":"70","type_dscrn":"TUC","stage_code":"1","stage_dscrn":"Registered","created_dt":null,"modified_attribute_dt":"2026-04-07T09:59:12.000Z","modified_geometry_dt":"2026-04-07T09:59:12.000Z"}},
{"type":"Feature","geometry":{"type":"MultiPolygon","coordinates":[[[[-114.1340305,51.0056278],[-114.1363179,51.0076767],[-114.1367863,51.0074691],[-114.1367703,51.0074547],[-114.1349567,51.0058297],[-114.1349271,51.0058031],[-114.1344992,51.0054197],[-114.1340305,51.0056278]]]]},"properties":{":id":"row-q93f-8qfw-zgmj",":version":"rv-2rpg-2c85_xcaw",":created_at":"2026-10-01T19:33:45.132Z",":updated_at":"2026-10-01T19:33:45.132Z","lpid":"760789","planname":"TUC","type_code":"70","type_dscrn":"TUC","stage_code":"1","stage_dscrn":"Registered","created_dt":"2017-04-18T14:45:05.000Z","modified_attribute_dt":"2026-04-23T10:56:14.000Z","modified_geometry_dt":"2026-04-23T10:56:14.000Z"}},
{"type":"Feature","geometry":{"type":"MultiPolygon","coordinates":[[[[-114.1377721,51.0086065],[-114.1410217,51.0086086],[-114.141024,51.0073702],[-114.1408493,51.0073711],[-114.1408484,51.0079986],[-114.1408368,51.0082029],[-114.140832,51.0082385],[-114.1408218,51.0082735],[-114.1408062,51.0083078],[-114.1407854,51.008341],[-114.1407652,51.0083665],[-114.1407419,51.008391],[-114.1407156,51.0084142],[-114.1406865,51.0084361],[-114.1406547,51.0084565],[-114.1406206,51.0084752],[-114.1405842,51.0084923],[-114.1405458,51.0085075],[-114.1405056,51.0085207],[-114.140464,51.008532],[-114.140421,51.0085412],[-114.1403771,51.0085482],[-114.1403324,51.0085531],[-114.1402872,51.0085557],[-114.1402419,51.0085561],[-114.1401966,51.0085543],[-114.1392627,51.0084935],[-114.1391647,51.0084861],[-114.1390673,51.0084766],[-114.1389703,51.0084652],[-114.138874,51.0084517],[-114.1387785,51.0084363],[-114.1386838,51.008419],[-114.13859,51.0083997],[-114.1384973,51.0083785],[-114.1384058,51.0083554],[-114.1383155,51.0083304],[-114.1382265,51.0083036],[-114.138139,51.008275],[-114.138053,51.0082446],[-114.1379687,51.0082124],[-114.137886,51.0081786],[-114.1378052,51.008143],[-114.1377395,51.0081123],[-114.1376752,51.0080804],[-114.1376123,51.0080475],[-114.1375508,51.0080135],[-114.1374739,51.007969],[-114.1373984,51.0079236],[-114.1373244,51.0078773],[-114.137252,51.00783],[-114.137222,51.0078098],[-114.1371063,51.0077281],[-114.136995,51.0076441],[-114.1368883,51.0075577],[-114.1367863,51.0074691],[-114.1363179,51.0076767],[-114.1363921,51.0077441],[-114.1364687,51.0078104],[-114.1365478,51.0078756],[-114.1366291,51.0079397],[-114.1367128,51.0080025],[-114.1367987,51.0080641],[-114.1368869,51.0081245],[-114.1369772,51.0081836],[-114.1370696,51.0082414],[-114.1371642,51.0082978],[-114.1372607,51.0083529],[-114.1373592,51.0084065],[-114.1374597,51.0084587],[-114.137562,51.0085095],[-114.1376661,51.0085587],[-114.1377721,51.0086065]]]]},"properties":{":id":"row-mifd~5a8j.yh23",":version":"rv-yt66~4qwk.6946",":created_at":"2026-10-01T19:33:45.132Z",":updated_at":"2026-10-01T19:33:45.132Z","lpid":"760786","planname":"TUC","type_code":"70","type_dscrn":"TUC","stage_code":"1","stage_dscrn":"Registered","created_dt":"2017-04-18T14:43:53.000Z","modified_attribute_dt":"2026-04-23T12:23:44.000Z","modified_geometry_dt":"2026-04-23T12:23:44.000Z"}},
{"type":"Feature","geometry":{"type":"MultiPolygon","coordinates":[[[[-114.1374006,51.0077702],[-114.1373292,51.0077354],[-114.1367863,51.0074691],[-114.1368883,51.0075577],[-114.136995,51.0076441],[-114.1371063,51.0077281],[-114.137222,51.0078098],[-114.137252,51.00783],[-114.1373244,51.0078773],[-114.1373984,51.0079236],[-114.1374739,51.007969],[-114.1375508,51.0080135],[-114.1376123,51.0080475],[-114.1376752,51.0080804],[-114.1377395,51.0081123],[-114.1378052,51.008143],[-114.137807,51.0076892],[-114.1378072,51.0076208],[-114.1377087,51.0076568],[-114.1374006,51.0077702]]]]},"properties":{":id":"row-nbrg~av3h_nxhv",":version":"rv-pyb7_zj8r~p87b",":created_at":"2026-10-01T19:33:45.132Z",":updated_at":"2026-10-01T19:33:45.132Z","lpid":"760830","planname":"TUC","type_code":"70","type_dscrn":"TUC","stage_code":"1","stage_dscrn":"Registered","created_dt":"2017-04-19T12:46:31.000Z","modified_attribute_dt":"2026-04-23T12:25:21.000Z","modified_geometry_dt":"2026-04-23T12:25:21.000Z"}},
{"type":"Feature","geometry":{"type":"MultiPolygon","coordinates":[[[[-114.1407846,51.0068025],[-114.14085,51.0068435],[-114.1408493,51.0073711],[-114.141024,51.0073702],[-114.1410176,51.0068],[-114.1407846,51.0068025]]]]},"properties":{":id":"row-sipj_cynp_c7r4",":version":"rv-vcxa.e2q9.bf8e",":created_at":"2026-10-01T19:33:45.132Z",":updated_at":"2026-10-01T19:33:45.132Z","lpid":"760788","planname":"TUC","type_code":"70","type_dscrn":"TUC","stage_code":"1","stage_dscrn":"Registered","created_dt":"2017-04-18T14:44:47.000Z","modified_attribute_dt":"2026-04-23T12:23:44.000Z","modified_geometry_dt":"2026-04-23T12:23:44.000Z"}},
{"type":"Feature","geometry":{"type":"MultiPolygon","coordinates":[[[[-114.1410176,51.0068],[-114.141024,51.0073702],[-114.1410217,51.0086086],[-114.1413096,51.0086131],[-114.1412996,51.0067986],[-114.1410176,51.0068]]]]},"properties":{":id":"row-y7by~rviv~9ef3",":version":"rv-uzjd.8in8_xjhz",":created_at":"2026-10-01T19:33:45.132Z",":updated_at":"2026-10-01T19:33:45.132Z","lpid":"760785","planname":"TUC","type_code":"70","type_dscrn":"TUC","stage_code":"1","stage_dscrn":"Registered","created_dt":"2017-04-18T14:43:34.000Z","modified_attribute_dt":"2026-04-23T12:23:44.000Z","modified_geometry_dt":"2026-04-23T12:23:44.000Z"}},
{"type":"Feature","geometry":{"type":"MultiPolygon","coordinates":[[[[-114.1370805,51.1557177],[-114.1371094,51.1557312],[-114.1383179,51.1556997],[-114.1383986,51.1557694],[-114.1384767,51.1558403],[-114.1385521,51.1559124],[-114.1386248,51.1559856],[-114.1386946,51.1560598],[-114.1387616,51.156135],[-114.1388257,51.1562113],[-114.1388869,51.1562884],[-114.1389451,51.1563665],[-114.1390004,51.1564454],[-114.1390526,51.1565251],[-114.1391019,51.1566056],[-114.139148,51.1566868],[-114.139191,51.1567686],[-114.1392309,51.1568511],[-114.1392677,51.1569342],[-114.139307,51.1570327],[-114.1393419,51.1571319],[-114.1393723,51.1572316],[-114.1393983,51.1573319],[-114.1394198,51.1574326],[-114.1394368,51.1575336],[-114.1394492,51.1576349],[-114.1394571,51.1577363],[-114.1394614,51.1578422],[-114.1398403,51.1578418],[-114.1400436,51.1578418],[-114.1403807,51.157842],[-114.1404075,51.157842],[-114.1404908,51.1578414],[-114.1406723,51.157841],[-114.1410469,51.1578411],[-114.1413338,51.1578405],[-114.1416225,51.1578401],[-114.1427405,51.1578392],[-114.1427436,51.1577111],[-114.1427524,51.1575831],[-114.142767,51.1574553],[-114.1427874,51.1573278],[-114.1428136,51.1572007],[-114.1428455,51.1570741],[-114.1428831,51.1569482],[-114.1429264,51.1568229],[-114.1429754,51.1566985],[-114.14303,51.156575],[-114.1430901,51.1564526],[-114.1431558,51.1563312],[-114.143227,51.1562111],[-114.1433035,51.1560923],[-114.1433854,51.1559749],[-114.1434726,51.155859],[-114.1437052,51.1555607],[-114.1466301,51.1554846],[-114.1470127,51.1554746],[-114.1470673,51.1554733],[-114.1472548,51.1554093],[-114.1491369,51.1547679],[-114.1491746,51.1547551],[-114.1492626,51.1547251],[-114.1492968,51.1547135],[-114.1494309,51.1546677],[-114.1506246,51.1542609],[-114.1506611,51.1542485],[-114.1508151,51.154196],[-114.1510159,51.1541276],[-114.1511254,51.1540902],[-114.1517731,51.1540734],[-114.1519154,51.1540698],[-114.151976,51.1540698],[-114.1522264,51.1540702],[-114.1523919,51.1540705],[-114.1524056,51.1540707],[-114.152651,51.154071],[-114.1528178,51.1540713],[-114.1539701,51.1540733],[-114.1577138,51.1540795],[-114.1577667,51.1540796],[-114.1598291,51.154083],[-114.1599349,51.1540832],[-114.1628557,51.1540881],[-114.1629414,51.1540882],[-114.16307,51.1540884],[-114.1636658,51.1540894],[-114.1643024,51.1540904],[-114.1643011,51.1536616],[-114.1643009,51.1535717],[-114.1642927,51.1507145],[-114.1627708,51.1509719],[-114.1571352,51.1512392],[-114.1521364,51.1512752],[-114.151322,51.1512683],[-114.1512363,51.1512675],[-114.148736,51.1512461],[-114.1468375,51.1512297],[-114.1423827,51.1495971],[-114.1421503,51.1495112],[-114.1413337,51.1492122],[-114.1384498,51.1481197],[-114.1380066,51.1478164],[-114.1373496,51.1473665],[-114.1365714,51.1468336],[-114.1360632,51.1468342],[-114.1359488,51.1470056],[-114.1357169,51.1473531],[-114.1345934,51.1468359],[-114.134528,51.146836],[-114.1344474,51.1468361],[-114.1337664,51.1468368],[-114.1336237,51.146837],[-114.1333582,51.1468373],[-114.1331965,51.1468375],[-114.1325037,51.1468389],[-114.1327011,51.1469157],[-114.1331166,51.1470768],[-114.1336298,51.1472757],[-114.1340637,51.1474432],[-114.1346333,51.147663],[-114.1346575,51.1476758],[-114.1346798,51.1476899],[-114.1346999,51.1477052],[-114.1347176,51.1477217],[-114.1347329,51.1477391],[-114.1347456,51.1477573],[-114.1347555,51.1477761],[-114.1347627,51.1477955],[-114.134767,51.1478151],[-114.1347685,51.147835],[-114.134767,51.1478548],[-114.1347626,51.1478745],[-114.1347554,51.1478938],[-114.1347454,51.1479127],[-114.1347326,51.1479309],[-114.1347173,51.1479482],[-114.1342486,51.1483379],[-114.1343266,51.148382],[-114.1343847,51.1484163],[-114.1344408,51.1484518],[-114.1344948,51.1484886],[-114.1345468,51.1485265],[-114.134592,51.1485603],[-114.1346355,51.148595],[-114.1346773,51.1486305],[-114.1347173,51.1486668],[-114.1347554,51.1487039],[-114.1347916,51.1487418],[-114.1348259,51.1487803],[-114.1348583,51.1488195],[-114.1348902,51.1488594],[-114.1349239,51.1489036],[-114.1349551,51.1489485],[-114.1349838,51.1489941],[-114.13501,51.1490403],[-114.1350336,51.149087],[-114.1350546,51.1491342],[-114.135073,51.1491818],[-114.1350887,51.1492298],[-114.1351018,51.1492781],[-114.1351122,51.1493267],[-114.1351199,51.1493755],[-114.1351249,51.1494244],[-114.1351272,51.1494733],[-114.1351268,51.1495224],[-114.1351236,51.1495713],[-114.1351178,51.1496202],[-114.1351983,51.1496291],[-114.1352794,51.1496355],[-114.1353488,51.1496384],[-114.1354183,51.1496394],[-114.1354878,51.1496385],[-114.1355572,51.1496357],[-114.1356263,51.1496309],[-114.1356951,51.1496242],[-114.1357632,51.1496157],[-114.1358307,51.1496052],[-114.1358974,51.1495928],[-114.1359632,51.1495787],[-114.1360279,51.1495627],[-114.1360914,51.1495449],[-114.1361536,51.1495253],[-114.1362143,51.1495041],[-114.1362735,51.1494812],[-114.136331,51.1494567],[-114.1363523,51.149446],[-114.1363771,51.1494824],[-114.1363955,51.1495203],[-114.136407,51.1495593],[-114.1364117,51.1495988],[-114.1364094,51.1496384],[-114.1364001,51.1496776],[-114.1363841,51.149716],[-114.1363614,51.149753],[-114.1363403,51.1497803],[-114.1363155,51.1498064],[-114.1357102,51.150374],[-114.1356568,51.1504219],[-114.1355997,51.1504681],[-114.1355389,51.1505124],[-114.1354748,51.1505547],[-114.1353948,51.1506036],[-114.1353102,51.1506493],[-114.1352215,51.1506918],[-114.1351289,51.1507308],[-114.1350943,51.1507444],[-114.1350258,51.1507438],[-114.1347828,51.1507417],[-114.1345296,51.1507406],[-114.1343869,51.150739],[-114.1342572,51.1507375],[-114.1341516,51.1507364],[-114.1341329,51.1507477],[-114.1340846,51.15077],[-114.1340351,51.1507913],[-114.1339751,51.1508158],[-114.1339135,51.1508387],[-114.1338468,51.1508622],[-114.1337785,51.1508838],[-114.1337121,51.1509042],[-114.1336444,51.1509227],[-114.1335758,51.1509406],[-114.1335061,51.1509565],[-114.1334282,51.1509733],[-114.1333491,51.1509878],[-114.1332705,51.151001],[-114.1331909,51.151012],[-114.1331208,51.1510207],[-114.1330502,51.1510277],[-114.1330123,51.1510289],[-114.1328847,51.1510419],[-114.1327463,51.1510534],[-114.1326078,51.1510649],[-114.130813,51.1512137],[-114.1306323,51.1512287],[-114.1305406,51.1512363],[-114.1304645,51.1511996],[-114.1303199,51.1511298],[-114.1296813,51.1508213],[-114.1295707,51.1507677],[-114.1293869,51.1507872],[-114.1289635,51.1508322],[-114.1277469,51.1509618],[-114.127673,51.1509696],[-114.127464,51.1511545],[-114.1269709,51.1515912],[-114.1268744,51.1516014],[-114.1266061,51.1516301],[-114.1264515,51.1516466],[-114.126297,51.1516628],[-114.1261168,51.151682],[-114.1260745,51.1516865],[-114.1258944,51.1517057],[-114.1246747,51.1518353],[-114.1245288,51.1518508],[-114.1243742,51.1518672],[-114.1242195,51.1518837],[-114.1239227,51.1519152],[-114.1239189,51.1519156],[-114.1237644,51.1519325],[-114.1236187,51.1519493],[-114.1234733,51.151967],[-114.1233195,51.1519865],[-114.1231745,51.1520058],[-114.1230212,51.1520271],[-114.1228681,51.1520493],[-114.1227153,51.1520724],[-114.1225556,51.1520976],[-114.1223738,51.1521275],[-114.1221925,51.1521587],[-114.1219895,51.1521953],[-114.1219868,51.1521958],[-114.121973,51.1521983],[-114.1219593,51.1522008],[-114.1219566,51.1522013],[-114.1217438,51.1522418],[-114.1214716,51.1522965],[-114.1212549,51.1523423],[-114.1211063,51.1523749],[-114.1209583,51.1524083],[-114.1208109,51.1524426],[-114.1206641,51.1524777],[-114.1205179,51.1525137],[-114.1203723,51.1525505],[-114.1202272,51.1525881],[-114.1200828,51.1526266],[-114.1199389,51.152666],[-114.1197955,51.1527061],[-114.1196528,51.1527472],[-114.1195107,51.152789],[-114.1193691,51.1528317],[-114.1192281,51.1528753],[-114.1190877,51.1529197],[-114.1188593,51.1529941],[-114.1186042,51.1530806],[-114.1183478,51.1531711],[-114.1180941,51.1532644],[-114.118094,51.1540646],[-114.1278059,51.1540593],[-114.1328746,51.1540563],[-114.1336461,51.1542366],[-114.1340853,51.1543394],[-114.1341822,51.1543621],[-114.1342405,51.1543893],[-114.1370805,51.1557177]]]]},"properties":{":id":"row-3wki~vgmw.n2zd",":version":"rv-rvi2.r24c_jjwx",":created_at":"2026-10-01T19:33:45.132Z",":updated_at":"2026-10-01T19:33:45.132Z","lpid":"742694","planname":"TUC","type_code":"70","type_dscrn":"TUC","stage_code":"1","stage_dscrn":"Registered","created_dt":null,"modified_attribute_dt":"2026-05-12T15:14:56.000Z","modified_geometry_dt":"2026-05-12T15:14:56.000Z"}},
{"type":"Feature","geometry":{"type":"MultiPolygon","coordinates":[[[[-114.0317086,51.1740246],[-114.0295427,51.1740599],[-114.0287649,51.1745261],[-114.0250772,51.1744719],[-114.0247932,51.1744667],[-114.0247923,51.176092],[-114.0247899,51.1762563],[-114.0247834,51.1766946],[-114.0247698,51.1776056],[-114.0247686,51.1776862],[-114.0247662,51.1778477],[-114.0248046,51.1778476],[-114.0249817,51.1778475],[-114.0250532,51.1778474],[-114.0250535,51.1778474],[-114.0252837,51.1778472],[-114.0293186,51.1778431],[-114.0328579,51.1796185],[-114.032925,51.1796521],[-114.0330299,51.1797047],[-114.0330431,51.1797114],[-114.0358538,51.1797091],[-114.0360514,51.1797089],[-114.0361035,51.1797089],[-114.0362248,51.1797088],[-114.0364073,51.1797086],[-114.0364208,51.1797086],[-114.0364672,51.1797086],[-114.0368854,51.1797082],[-114.0368918,51.1797083],[-114.0369177,51.1797082],[-114.0372164,51.179708],[-114.0375925,51.1797077],[-114.0392704,51.1797062],[-114.0393807,51.1795799],[-114.0394777,51.1794689],[-114.0395946,51.1793352],[-114.0396907,51.1792251],[-114.0397585,51.1791475],[-114.0398263,51.1790699],[-114.0398858,51.1790019],[-114.0399473,51.1789314],[-114.0400088,51.178861],[-114.0401419,51.1787088],[-114.0401565,51.178692],[-114.0401719,51.1786892],[-114.0404097,51.1786457],[-114.0405283,51.178624],[-114.0406511,51.1786015],[-114.0407738,51.1785791],[-114.0408965,51.1785566],[-114.041036,51.1785311],[-114.0410772,51.1785236],[-114.0411958,51.1785019],[-114.0413185,51.1784794],[-114.0414412,51.178457],[-114.0415639,51.1784345],[-114.0415845,51.1784308],[-114.0419564,51.1783627],[-114.0433888,51.1781008],[-114.0434917,51.178082],[-114.0435123,51.1780782],[-114.0479231,51.1772711],[-114.047923,51.177243],[-114.0479221,51.1770733],[-114.0479173,51.1761671],[-114.0479169,51.1760809],[-114.0479151,51.1757108],[-114.0479071,51.1740535],[-114.0476358,51.1741031],[-114.0474169,51.1741433],[-114.0473743,51.1741511],[-114.0472148,51.174179],[-114.0470215,51.1742093],[-114.0468424,51.1742342],[-114.0466784,51.1742542],[-114.0465225,51.1742708],[-114.0463749,51.1742844],[-114.0462185,51.1742965],[-114.0460705,51.1743059],[-114.0459138,51.1743137],[-114.0458861,51.1743149],[-114.0457654,51.1743196],[-114.0456084,51.1743258],[-114.04546,51.1743317],[-114.0453031,51.1743379],[-114.0451547,51.1743438],[-114.0449978,51.17435],[-114.0448494,51.1743559],[-114.0446661,51.1743632],[-114.0444484,51.1743718],[-114.0441888,51.1743821],[-114.0438203,51.1743967],[-114.0436363,51.1744043],[-114.0435222,51.1744079],[-114.0434081,51.1744096],[-114.0432673,51.174409],[-114.0432433,51.1744085],[-114.0431114,51.1744049],[-114.0429797,51.1743987],[-114.0428708,51.1743916],[-114.0427622,51.1743828],[-114.0426558,51.1743724],[-114.0425498,51.1743604],[-114.0424475,51.1743471],[-114.0423458,51.1743323],[-114.0421782,51.1743042],[-114.0420126,51.1742719],[-114.0418491,51.1742355],[-114.0416882,51.1741949],[-114.04153,51.1741502],[-114.0413748,51.1741016],[-114.0412229,51.1740491],[-114.0410744,51.1739927],[-114.0409297,51.1739326],[-114.040789,51.1738689],[-114.0406525,51.1738017],[-114.0405204,51.1737311],[-114.040393,51.1736571],[-114.0402704,51.17358],[-114.0401529,51.1734999],[-114.0400407,51.1734168],[-114.0399566,51.1733498],[-114.0399338,51.173331],[-114.0398045,51.1732246],[-114.0396492,51.1730968],[-114.0394645,51.1729448],[-114.0391344,51.1726731],[-114.0391263,51.1726664],[-114.0388757,51.1724601],[-114.0387184,51.1724602],[-114.0385526,51.1724602],[-114.0383869,51.1724603],[-114.038221,51.1724604],[-114.0380552,51.1724604],[-114.0378893,51.1724605],[-114.0377235,51.1724606],[-114.037523,51.1724607],[-114.0372919,51.1724608],[-114.0367725,51.172461],[-114.0367348,51.1724611],[-114.0365228,51.1724613],[-114.0364761,51.1724614],[-114.035021,51.172462],[-114.0349767,51.172544],[-114.0349273,51.1726249],[-114.034873,51.1727046],[-114.0348138,51.1727829],[-114.0347498,51.1728596],[-114.0346812,51.1729348],[-114.034608,51.1730083],[-114.0345302,51.1730799],[-114.0344482,51.1731496],[-114.0343619,51.1732173],[-114.0342715,51.1732828],[-114.0341771,51.173346],[-114.0340789,51.173407],[-114.0339771,51.1734655],[-114.0338716,51.1735215],[-114.0337629,51.1735749],[-114.0336509,51.1736257],[-114.0335358,51.1736737],[-114.0334179,51.1737188],[-114.0332973,51.1737611],[-114.0331742,51.1738004],[-114.0330488,51.1738367],[-114.0329212,51.17387],[-114.0327916,51.1739001],[-114.0326603,51.1739271],[-114.0325275,51.1739508],[-114.0323932,51.1739714],[-114.0322578,51.1739886],[-114.0321215,51.1740026],[-114.0319843,51.1740132],[-114.0318467,51.1740206],[-114.0317086,51.1740246]]]]},"properties":{":id":"row-iaht.ivgf-mgnc",":version":"rv-v3rw_3cgy.fqzs",":created_at":"2026-10-01T19:33:45.132Z",":updated_at":"2026-10-01T19:33:45.132Z","lpid":"591795","planname":"TUC","type_code":"70","type_dscrn":"TUC","stage_code":"1","stage_dscrn":"Registered","created_dt":null,"modified_attribute_dt":"2026-05-15T15:01:00.000Z","modified_geometry_dt":"2026-05-15T15:01:00.000Z"}},
{"type":"Feature","geometry":{"type":"MultiPolygon","coordinates":[[[[-113.9133196,51.0950646],[-113.9127289,51.0951263],[-113.9127289,51.0951227],[-113.912032,51.0951962],[-113.912032,51.0951991],[-113.9120319,51.0952446],[-113.9120319,51.0953184],[-113.9120379,51.0959942],[-113.9160167,51.0959927],[-113.919722,51.0959933],[-113.921853,51.0959932],[-113.9235212,51.0959933],[-113.9238905,51.0959932],[-113.9346704,51.0959896],[-113.9348889,51.0959898],[-113.934998,51.0959896],[-113.9349976,51.0959428],[-113.9349976,51.0958196],[-113.9349976,51.0957829],[-113.9349988,51.0952709],[-113.9349988,51.0951085],[-113.9348894,51.0951089],[-113.9348844,51.0951088],[-113.9346716,51.0951086],[-113.9345032,51.095109],[-113.9340912,51.0951091],[-113.9338768,51.0951092],[-113.933729,51.0951092],[-113.9335811,51.0951093],[-113.9334331,51.0951093],[-113.9332852,51.0951093],[-113.9331374,51.0951094],[-113.9328673,51.0951094],[-113.9328166,51.0950992],[-113.9324397,51.0950226],[-113.9317411,51.0948809],[-113.9301714,51.0945619],[-113.9295059,51.0944268],[-113.9292286,51.0943703],[-113.9290363,51.0942948],[-113.9277104,51.0937741],[-113.9273225,51.0936218],[-113.9272865,51.0936076],[-113.9269616,51.0933959],[-113.9269116,51.0933639],[-113.9266111,51.0931675],[-113.9255129,51.0924519],[-113.9253978,51.092377],[-113.9250683,51.0921623],[-113.9250591,51.0921563],[-113.9246688,51.091902],[-113.9246247,51.0916579],[-113.9245978,51.0915121],[-113.9245457,51.0912263],[-113.9245325,51.0911548],[-113.9244805,51.0908691],[-113.9244561,51.0907351],[-113.924339,51.0900922],[-113.9243146,51.0899583],[-113.9242496,51.0896012],[-113.9241764,51.0891994],[-113.9240967,51.0887614],[-113.9240967,51.0886895],[-113.9240964,51.0884029],[-113.9240963,51.0882397],[-113.9240962,51.0881296],[-113.9240961,51.0880249],[-113.924096,51.0879148],[-113.924096,51.0878047],[-113.9240959,51.0877],[-113.9240958,51.0875953],[-113.9240957,51.0874852],[-113.9240956,51.0873751],[-113.9240955,51.0872704],[-113.9240953,51.0871658],[-113.9240953,51.0870557],[-113.9240953,51.0870339],[-113.9240953,51.0869455],[-113.9240952,51.0867975],[-113.9240949,51.0864988],[-113.9240949,51.086492],[-113.924095,51.086429],[-113.9240948,51.0863482],[-113.9240947,51.0861277],[-113.9240946,51.0859034],[-113.9240945,51.0857987],[-113.9240945,51.085694],[-113.9240944,51.0855894],[-113.9240943,51.0854847],[-113.9240942,51.08538],[-113.9240941,51.0853377],[-113.9240941,51.0852704],[-113.924094,51.0851433],[-113.924094,51.0851131],[-113.9241382,51.0850223],[-113.9241955,51.0849043],[-113.9242482,51.0847961],[-113.9242969,51.0846961],[-113.9243455,51.0845959],[-113.9243942,51.0844959],[-113.9244549,51.084371],[-113.9245559,51.0841634],[-113.9245872,51.0841636],[-113.9249148,51.0841655],[-113.9249425,51.0841656],[-113.9251279,51.0841667],[-113.9253027,51.0841675],[-113.9253036,51.0836165],[-113.925307,51.0815322],[-113.9235228,51.0815321],[-113.9235228,51.0813704],[-113.9235227,51.0809232],[-113.9229929,51.0809232],[-113.9229929,51.0805998],[-113.9229917,51.0774733],[-113.9229915,51.0772621],[-113.9229913,51.0770239],[-113.9229911,51.076861],[-113.922991,51.076746],[-113.9229909,51.0766255],[-113.9229908,51.0765051],[-113.9229907,51.0763901],[-113.9229906,51.0762242],[-113.9229904,51.0759894],[-113.9229902,51.0757479],[-113.9229901,51.0756593],[-113.9229899,51.0754299],[-113.9229898,51.0752695],[-113.9229897,51.0751653],[-113.9229896,51.0750612],[-113.9229895,51.0749516],[-113.9229895,51.074842],[-113.9229894,51.074727],[-113.9229893,51.0746175],[-113.9229892,51.0745079],[-113.9229891,51.0744037],[-113.9229891,51.0742995],[-113.9229889,51.074195],[-113.9229888,51.0740851],[-113.9229887,51.0739751],[-113.9229886,51.0739212],[-113.9229885,51.0737946],[-113.9229883,51.0735822],[-113.9229882,51.0733824],[-113.922988,51.0732097],[-113.922988,51.0731914],[-113.9229895,51.0730972],[-113.922994,51.073003],[-113.9230066,51.0728617],[-113.9230211,51.0727528],[-113.9230397,51.0726442],[-113.9230623,51.0725358],[-113.9230891,51.0724278],[-113.9231217,51.0723147],[-113.9231587,51.0722022],[-113.9232002,51.0720903],[-113.9232438,51.0719845],[-113.9232914,51.0718794],[-113.9233429,51.071775],[-113.9233984,51.0716715],[-113.9234609,51.0715635],[-113.923467,51.0715534],[-113.9235205,51.0714676],[-113.9235326,51.0714491],[-113.9235896,51.0713641],[-113.9236492,51.0712799],[-113.9237342,51.071167],[-113.9238241,51.0710557],[-113.9238838,51.0709856],[-113.923908,51.070958],[-113.9239937,51.0708638],[-113.924086,51.0707676],[-113.9241821,51.070673],[-113.924261,51.0705988],[-113.9243422,51.0705256],[-113.9244504,51.0704326],[-113.9245566,51.0703458],[-113.9246719,51.0702563],[-113.9247908,51.0701686],[-113.924907,51.070087],[-113.9250262,51.0700072],[-113.9251485,51.0699292],[-113.9252737,51.069853],[-113.9254084,51.069775],[-113.9255462,51.0696991],[-113.92568,51.069629],[-113.9258164,51.069561],[-113.9258604,51.0695397],[-113.9259548,51.0694945],[-113.9261001,51.0694249],[-113.9263135,51.0693226],[-113.9267019,51.0691366],[-113.9267337,51.0691213],[-113.926887,51.0690479],[-113.9271938,51.0689009],[-113.9273529,51.0688246],[-113.9274908,51.0687586],[-113.9276358,51.0686891],[-113.9277384,51.0686399],[-113.9277847,51.0686233],[-113.9279431,51.0685662],[-113.9281012,51.0685093],[-113.928259,51.0684524],[-113.9284048,51.0683998],[-113.9284606,51.0683793],[-113.928557,51.0683456],[-113.9287098,51.0682938],[-113.9288644,51.0682443],[-113.9290241,51.0681962],[-113.9291099,51.0681713],[-113.9291149,51.0681699],[-113.9292768,51.0681259],[-113.9294462,51.0680827],[-113.9296173,51.0680421],[-113.9297899,51.0680041],[-113.9299726,51.0679672],[-113.9301567,51.0679333],[-113.9303421,51.0679024],[-113.93052,51.0678758],[-113.9306988,51.0678519],[-113.9308785,51.0678308],[-113.931059,51.0678125],[-113.9312402,51.067797],[-113.9314219,51.0677844],[-113.931604,51.0677745],[-113.9317545,51.0677685],[-113.9319052,51.0677645],[-113.9319557,51.0677604],[-113.9320923,51.0677606],[-113.9322288,51.0677625],[-113.932331,51.0677632],[-113.9324552,51.067764],[-113.9325123,51.0677644],[-113.9325408,51.0677646],[-113.9326122,51.0677651],[-113.9328688,51.0677669],[-113.934645,51.0677791],[-113.9349932,51.0677815],[-113.9349928,51.067496],[-113.9349926,51.0673592],[-113.9349927,51.0670652],[-113.9349927,51.0668835],[-113.933823,51.0668839],[-113.9235201,51.0668877],[-113.9120467,51.0668911],[-113.912047,51.0670722],[-113.9120474,51.0673672],[-113.9120473,51.0675037],[-113.9120473,51.0675329],[-113.9120473,51.06761],[-113.9120471,51.0677891],[-113.9120471,51.0679242],[-113.915071,51.0680405],[-113.9150723,51.0688716],[-113.9164138,51.0699565],[-113.9169266,51.0703712],[-113.9177419,51.0710306],[-113.9184451,51.0715988],[-113.9185204,51.072288],[-113.9185214,51.072297],[-113.9187405,51.074301],[-113.918744,51.0743334],[-113.9187057,51.0777924],[-113.9170511,51.0789108],[-113.915795,51.0797598],[-113.9158331,51.0805233],[-113.9158796,51.0813215],[-113.9159225,51.0820651],[-113.9159436,51.0824275],[-113.9159547,51.0826187],[-113.916032,51.0827937],[-113.9172791,51.0856229],[-113.917114,51.0887626],[-113.9168989,51.0928561],[-113.9160289,51.0931698],[-113.9148002,51.0936129],[-113.9147997,51.0942556],[-113.9147995,51.0944141],[-113.9137562,51.0949417],[-113.913708,51.0949646],[-113.9136575,51.0949854],[-113.9136049,51.0950042],[-113.9135506,51.0950209],[-113.9134946,51.0950353],[-113.9134373,51.0950474],[-113.9133789,51.0950572],[-113.9133196,51.0950646]]]]},"properties":{":id":"row-yxw5.cvbu-zf95",":version":"rv-vgam.kyue.uf4f",":created_at":"2026-10-01T19:33:45.132Z",":updated_at":"2026-10-01T19:33:45.132Z","lpid":"744575","planname":"TUC","type_code":"70","type_dscrn":"TUC","stage_code":"1","stage_dscrn":"Registered","created_dt":"2018-06-26T09:36:28.000Z","modified_attribute_dt":"2026-05-15T09:12:28.000Z","modified_geometry_dt":"2026-05-15T09:12:28.000Z"}},
{"type":"Feature","geometry":{"type":"MultiPolygon","coordinates":[[[[-114.0972383,51.1759833],[-114.0954761,51.1759866],[-114.0947468,51.1759881],[-114.0947467,51.1760291],[-114.0947444,51.1767105],[-114.0947453,51.1775455],[-114.0947453,51.1775848],[-114.0948546,51.1775145],[-114.095004,51.1774186],[-114.0951401,51.1773312],[-114.0952755,51.1772442],[-114.0953801,51.177177],[-114.0954847,51.1771098],[-114.0955893,51.1770426],[-114.0956939,51.1769754],[-114.0957985,51.1769083],[-114.0959027,51.1768411],[-114.0960064,51.1767745],[-114.0961104,51.176708],[-114.0962139,51.1766413],[-114.0963176,51.1765747],[-114.0964213,51.1765081],[-114.096525,51.1764415],[-114.0966227,51.1763788],[-114.0966407,51.1763672],[-114.0967444,51.1763006],[-114.0968481,51.176234],[-114.0969518,51.1761674],[-114.0970555,51.1761008],[-114.0971592,51.1760342],[-114.0972383,51.1759833]]]]},"properties":{":id":"row-p36d-in8m~v6z3",":version":"rv-2b4g~93sv~i8sg",":created_at":"2026-10-01T19:33:45.132Z",":updated_at":"2026-10-01T19:33:45.132Z","lpid":"736498","planname":"TUC","type_code":"70","type_dscrn":"TUC","stage_code":"1","stage_dscrn":"Registered","created_dt":null,"modified_attribute_dt":"2026-05-15T15:01:00.000Z","modified_geometry_dt":"2026-05-15T15:01:00.000Z"}},
{"type":"Feature","geometry":{"type":"MultiPolygon","coordinates":[[[[-114.0714867,51.1711603],[-114.0713431,51.171003],[-114.0712002,51.1708465],[-114.0711997,51.1711403],[-114.071199,51.171514],[-114.0711989,51.1715678],[-114.0711975,51.1724186],[-114.0711946,51.1741439],[-114.0711944,51.1742298],[-114.0711939,51.174581],[-114.0711936,51.1746212],[-114.0711911,51.1760422],[-114.0711905,51.1760425],[-114.0711859,51.1782787],[-114.0711842,51.1790944],[-114.0711842,51.1791207],[-114.0714003,51.1791467],[-114.0714719,51.1791555],[-114.0714708,51.1796637],[-114.0727709,51.1796609],[-114.0727924,51.1791198],[-114.0728742,51.1769135],[-114.0728998,51.1767136],[-114.0758822,51.1767358],[-114.0760217,51.1767368],[-114.0761612,51.1767379],[-114.0763006,51.1767389],[-114.07644,51.17674],[-114.0765824,51.176741],[-114.0769024,51.1767434],[-114.0771441,51.1767452],[-114.0771776,51.1767455],[-114.0772079,51.1767457],[-114.0772686,51.1767462],[-114.0772989,51.1767464],[-114.0773284,51.1767467],[-114.0776749,51.1767492],[-114.0776974,51.1767494],[-114.0779162,51.176751],[-114.0779376,51.1767511],[-114.0780436,51.1767519],[-114.0780651,51.1767521],[-114.0781711,51.1767529],[-114.0781925,51.176753],[-114.0782986,51.1767538],[-114.07832,51.176754],[-114.0784262,51.1767548],[-114.0784475,51.1767549],[-114.0785541,51.1767558],[-114.0785755,51.176756],[-114.0786816,51.1767568],[-114.078703,51.1767569],[-114.078809,51.1767577],[-114.0788305,51.1767579],[-114.0789365,51.1767587],[-114.0789579,51.1767588],[-114.0790639,51.1767596],[-114.0790854,51.1767598],[-114.0791914,51.1767606],[-114.0792128,51.1767607],[-114.0793188,51.1767615],[-114.0793403,51.1767617],[-114.0794463,51.1767625],[-114.0794677,51.1767627],[-114.0795737,51.1767635],[-114.0795952,51.1767636],[-114.0797006,51.1767644],[-114.0797226,51.1767646],[-114.0798285,51.1767654],[-114.07985,51.1767655],[-114.079956,51.1767663],[-114.0799774,51.1767665],[-114.0800834,51.1767672],[-114.0801049,51.1767674],[-114.0802109,51.1767682],[-114.0802323,51.1767683],[-114.0803383,51.1767691],[-114.0803598,51.1767693],[-114.0804658,51.1767701],[-114.0804872,51.1767702],[-114.0805932,51.176771],[-114.0806147,51.1767712],[-114.0807207,51.176772],[-114.0807421,51.1767721],[-114.0808481,51.1767729],[-114.0808696,51.1767731],[-114.0809756,51.1767738],[-114.080997,51.176774],[-114.081103,51.1767748],[-114.0811245,51.176775],[-114.0812305,51.1767757],[-114.0812519,51.1767759],[-114.0813579,51.1767767],[-114.0813794,51.1767768],[-114.0814854,51.1767776],[-114.0815068,51.1767778],[-114.0816128,51.1767786],[-114.0816342,51.1767787],[-114.0817402,51.1767795],[-114.0817617,51.1767797],[-114.0818677,51.1767805],[-114.0818891,51.1767806],[-114.0819951,51.1767814],[-114.0820166,51.1767816],[-114.0821226,51.1767823],[-114.082144,51.1767825],[-114.08225,51.1767833],[-114.0822715,51.1767834],[-114.0823775,51.1767842],[-114.0823989,51.1767844],[-114.0825049,51.1767852],[-114.0825264,51.1767853],[-114.0826324,51.1767861],[-114.0826538,51.1767863],[-114.0827598,51.176787],[-114.0827813,51.1767872],[-114.0828873,51.176788],[-114.0829087,51.1767881],[-114.0829662,51.1767886],[-114.0830147,51.1767889],[-114.0830361,51.1767891],[-114.0831422,51.1767899],[-114.0831636,51.17679],[-114.0832696,51.1767908],[-114.0832911,51.176791],[-114.0833971,51.1767918],[-114.0834185,51.1767919],[-114.0835245,51.1767927],[-114.083546,51.1767929],[-114.083652,51.1767937],[-114.0836735,51.1767938],[-114.0837794,51.1767946],[-114.0838009,51.1767948],[-114.0839069,51.1767956],[-114.0839284,51.1767957],[-114.0841331,51.1767972],[-114.0841557,51.1767974],[-114.0844154,51.1767993],[-114.0844421,51.1767995],[-114.0849317,51.1768032],[-114.0849691,51.1768035],[-114.0852126,51.1768053],[-114.0853608,51.1768064],[-114.0855673,51.1768076],[-114.0864303,51.176814],[-114.0865156,51.1768146],[-114.0869743,51.176818],[-114.087009,51.1768183],[-114.0880453,51.176826],[-114.0884531,51.1768292],[-114.0884873,51.1768294],[-114.0889451,51.176833],[-114.0892878,51.1768355],[-114.0893113,51.1768357],[-114.0895682,51.1768376],[-114.0895897,51.1768377],[-114.0897139,51.1768386],[-114.0897353,51.1768388],[-114.0898423,51.1768396],[-114.0898637,51.1768398],[-114.0899707,51.1768405],[-114.0899922,51.1768407],[-114.0900991,51.1768415],[-114.0901206,51.1768417],[-114.0902342,51.1768425],[-114.0902557,51.1768427],[-114.0903626,51.1768434],[-114.0903841,51.1768436],[-114.0904911,51.1768444],[-114.0905125,51.1768446],[-114.0906195,51.1768453],[-114.0906409,51.1768455],[-114.0907479,51.1768463],[-114.0907694,51.1768464],[-114.090883,51.1768473],[-114.0909045,51.1768474],[-114.0910114,51.1768482],[-114.0910329,51.1768484],[-114.0911399,51.1768492],[-114.0911613,51.1768493],[-114.0912683,51.1768501],[-114.0912897,51.1768503],[-114.0913967,51.1768511],[-114.0914182,51.1768512],[-114.0915873,51.1768525],[-114.0916091,51.1768526],[-114.0918812,51.1768547],[-114.0919063,51.1768548],[-114.0919911,51.1768555],[-114.093271,51.1795836],[-114.0933181,51.1795767],[-114.0935805,51.179537],[-114.0939953,51.1794716],[-114.0940633,51.1794599],[-114.0940655,51.1794597],[-114.0940886,51.1794557],[-114.094133,51.1794481],[-114.0941399,51.1794468],[-114.094145,51.1794463],[-114.0942389,51.1794304],[-114.0942558,51.1794276],[-114.0944558,51.1793919],[-114.0945277,51.1793922],[-114.0947446,51.1793925],[-114.0947453,51.1775848],[-114.0947453,51.1775455],[-114.0947444,51.1767105],[-114.0947467,51.1760291],[-114.0947468,51.1759881],[-114.0947468,51.1757263],[-114.0947468,51.1755882],[-114.0947467,51.1752047],[-114.0947474,51.1716717],[-114.0946757,51.171677],[-114.0946037,51.1716803],[-114.0945416,51.1716823],[-114.0944794,51.1716828],[-114.0944602,51.1716814],[-114.0943762,51.1716785],[-114.0942925,51.1716729],[-114.0942093,51.1716648],[-114.0941269,51.1716542],[-114.0940454,51.171641],[-114.0939651,51.1716254],[-114.093886,51.1716073],[-114.0938085,51.1715867],[-114.0937327,51.1715638],[-114.0936587,51.1715386],[-114.0935868,51.1715112],[-114.0935172,51.1714816],[-114.09345,51.1714498],[-114.0933853,51.1714161],[-114.0933234,51.1713804],[-114.0932643,51.1713428],[-114.0932146,51.1713088],[-114.0931673,51.1712736],[-114.0931242,51.1712382],[-114.0930835,51.1712017],[-114.093063,51.1711823],[-114.0930136,51.1711673],[-114.0929651,51.1711511],[-114.0929027,51.171128],[-114.0928424,51.171103],[-114.0927829,51.1710755],[-114.0927257,51.1710461],[-114.092657,51.1710063],[-114.0925927,51.1709638],[-114.0925328,51.1709187],[-114.0924778,51.1708713],[-114.0924279,51.1708218],[-114.0923831,51.1707703],[-114.0923439,51.1707171],[-114.0923102,51.1706624],[-114.0922849,51.1706128],[-114.0922593,51.1705566],[-114.0922144,51.1704581],[-114.0921699,51.1703605],[-114.0921314,51.1702763],[-114.092093,51.170192],[-114.0920765,51.1701559],[-114.0920545,51.1701077],[-114.0920161,51.1700235],[-114.0920089,51.1700077],[-114.0919775,51.1699394],[-114.0919375,51.1698554],[-114.0918963,51.1697716],[-114.0918538,51.1696881],[-114.0918101,51.1696048],[-114.0917622,51.1695165],[-114.0917159,51.1694337],[-114.0916684,51.1693511],[-114.091571,51.1691889],[-114.0915092,51.1690905],[-114.0914457,51.1689925],[-114.0913803,51.1688947],[-114.0906407,51.1690679],[-114.0905044,51.1687521],[-114.0899544,51.1687535],[-114.0899366,51.1687409],[-114.0899165,51.1687298],[-114.0898943,51.1687205],[-114.0898704,51.1687129],[-114.0898452,51.1687072],[-114.089819,51.1687036],[-114.0897924,51.168702],[-114.0897656,51.1687026],[-114.0894611,51.1687203],[-114.0890991,51.1687556],[-114.0892043,51.1689345],[-114.0892952,51.1690988],[-114.0893579,51.1692189],[-114.0894103,51.169324],[-114.0894514,51.16941],[-114.0894912,51.1694962],[-114.0895318,51.169588],[-114.0895686,51.1696748],[-114.0896039,51.1697618],[-114.0896379,51.169849],[-114.0896704,51.1699365],[-114.0897014,51.1700241],[-114.0897311,51.170112],[-114.0897408,51.1701406],[-114.0897591,51.1701986],[-114.0897868,51.1702844],[-114.0898146,51.1703703],[-114.0898423,51.1704563],[-114.089867,51.1705328],[-114.08987,51.1705422],[-114.0898978,51.1706281],[-114.0899255,51.1707141],[-114.0899394,51.1707569],[-114.0899542,51.1708073],[-114.0899667,51.170861],[-114.089976,51.170915],[-114.0899831,51.1709828],[-114.0899847,51.1710171],[-114.0899848,51.1710683],[-114.0899819,51.1711195],[-114.0899761,51.1711705],[-114.0899675,51.1712214],[-114.0899559,51.1712721],[-114.0899416,51.1713225],[-114.0899243,51.1713725],[-114.0899043,51.1714221],[-114.0898814,51.1714712],[-114.0898558,51.1715198],[-114.0898275,51.1715678],[-114.0897965,51.1716151],[-114.0897628,51.1716617],[-114.0897265,51.1717076],[-114.0896876,51.1717525],[-114.0896462,51.1717966],[-114.0896023,51.1718397],[-114.089556,51.1718818],[-114.0895074,51.1719229],[-114.0894565,51.1719628],[-114.0894033,51.1720016],[-114.089348,51.1720392],[-114.0892906,51.1720755],[-114.0892312,51.1721105],[-114.0891566,51.172151],[-114.0891143,51.1721731],[-114.0890069,51.172229],[-114.0888995,51.172285],[-114.0887922,51.1723409],[-114.0886848,51.1723969],[-114.0886494,51.1724153],[-114.0885766,51.1724522],[-114.0885108,51.1724836],[-114.0884438,51.1725141],[-114.08838,51.1725416],[-114.0883151,51.1725682],[-114.0882177,51.1726057],[-114.0881183,51.1726409],[-114.0879938,51.1726813],[-114.0878666,51.1727182],[-114.0877334,51.1727526],[-114.087598,51.1727833],[-114.0874978,51.1728033],[-114.0873967,51.1728213],[-114.0872947,51.1728372],[-114.0871919,51.1728511],[-114.0870794,51.1728639],[-114.0869909,51.1728723],[-114.0869021,51.172879],[-114.086813,51.1728843],[-114.0867237,51.1728881],[-114.0866412,51.17289],[-114.0864979,51.1728904],[-114.0863547,51.172887],[-114.0862449,51.1728817],[-114.0861225,51.1728745],[-114.0859836,51.1728663],[-114.0858447,51.1728581],[-114.0857059,51.1728499],[-114.085567,51.1728417],[-114.0854281,51.1728336],[-114.0852892,51.1728254],[-114.0851504,51.1728172],[-114.0850116,51.172809],[-114.0848728,51.1728008],[-114.084734,51.1727926],[-114.084578,51.1727834],[-114.0845698,51.172783],[-114.0841711,51.1727594],[-114.0841522,51.1727584],[-114.0840243,51.1727508],[-114.0836579,51.1727291],[-114.0835908,51.1727449],[-114.0834674,51.1727734],[-114.0834454,51.1727783],[-114.0833649,51.1728306],[-114.0832619,51.1728972],[-114.0832404,51.1729107],[-114.0831518,51.1729683],[-114.0830416,51.1730395],[-114.0829708,51.1730849],[-114.0829711,51.17311],[-114.082971,51.1731917],[-114.0829708,51.1732711],[-114.0829705,51.1733407],[-114.0827853,51.173331],[-114.0826006,51.1733182],[-114.0824165,51.1733022],[-114.0822332,51.173283],[-114.0821352,51.1732718],[-114.0820508,51.1732622],[-114.081389,51.173187],[-114.0808553,51.1731263],[-114.0796565,51.17299],[-114.0796019,51.1729838],[-114.0794741,51.1729693],[-114.0794579,51.1729674],[-114.0793201,51.1729517],[-114.0792985,51.1729493],[-114.0787741,51.1728897],[-114.0784504,51.1728528],[-114.0777629,51.1727743],[-114.0776181,51.1727582],[-114.0771247,51.1727015],[-114.0770512,51.1726931],[-114.0769244,51.1726793],[-114.076837,51.1726693],[-114.0763935,51.1726189],[-114.0757181,51.1725416],[-114.0745222,51.1724056],[-114.0742831,51.1723785],[-114.0738001,51.1721845],[-114.0737785,51.1721759],[-114.0737564,51.172167],[-114.0737496,51.1721642],[-114.0737279,51.1721555],[-114.071623,51.1713102],[-114.0715871,51.1712707],[-114.0714867,51.1711603]]]]},"properties":{":id":"row-r79v_fg4g.64qj",":version":"rv-2ejk.ufnz_cez6",":created_at":"2026-10-01T19:33:45.132Z",":updated_at":"2026-10-01T19:33:45.132Z","lpid":"616160","planname":"TUC","type_code":"70","type_dscrn":"TUC","stage_code":"1","stage_dscrn":"Registered","created_dt":null,"modified_attribute_dt":"2026-05-15T15:01:00.000Z","modified_geometry_dt":"2026-05-15T15:01:00.000Z"}},
{"type":"Feature","geometry":{"type":"MultiPolygon","coordinates":[[[[-114.0506183,51.1736503],[-114.0504845,51.1736748],[-114.0503507,51.1736992],[-114.0502168,51.1737237],[-114.050083,51.1737482],[-114.0499492,51.1737727],[-114.0498153,51.1737972],[-114.0496815,51.1738216],[-114.0495476,51.1738461],[-114.0494138,51.1738706],[-114.04928,51.1738951],[-114.0491461,51.1739195],[-114.0481948,51.1740937],[-114.0481945,51.1740009],[-114.0479071,51.1740535],[-114.0479151,51.1757108],[-114.0479169,51.1760809],[-114.0479173,51.1761671],[-114.0479221,51.1770733],[-114.047923,51.177243],[-114.0479231,51.1772711],[-114.0480668,51.1772447],[-114.0482106,51.1772184],[-114.0544785,51.1760708],[-114.0578015,51.1754623],[-114.0596841,51.1752882],[-114.0616066,51.1751103],[-114.0654378,51.1760519],[-114.065438,51.1760519],[-114.0657177,51.1761136],[-114.0682897,51.1766772],[-114.0684411,51.1766783],[-114.0693532,51.1774101],[-114.0696474,51.1789326],[-114.0698909,51.1789624],[-114.0711842,51.1791207],[-114.0711842,51.1790944],[-114.0711859,51.1782787],[-114.0711905,51.1760425],[-114.0711911,51.1760422],[-114.0711936,51.1746212],[-114.0711939,51.174581],[-114.0711944,51.1742298],[-114.0711946,51.1741439],[-114.0711975,51.1724186],[-114.0711989,51.1715678],[-114.071199,51.171514],[-114.0711997,51.1711403],[-114.0712002,51.1708465],[-114.0707068,51.1706632],[-114.0706608,51.1706458],[-114.0703566,51.1706463],[-114.0703569,51.1704824],[-114.070322,51.1704565],[-114.0702887,51.1704299],[-114.0702571,51.1704025],[-114.0702271,51.1703744],[-114.0701987,51.1703456],[-114.0701722,51.1703161],[-114.0701474,51.170286],[-114.0701244,51.1702554],[-114.0700269,51.1701219],[-114.0699071,51.169966],[-114.0697821,51.1698117],[-114.0696909,51.1697038],[-114.0695971,51.1695967],[-114.0695008,51.1694905],[-114.069402,51.1693852],[-114.069312,51.1692924],[-114.06922,51.1692004],[-114.0691262,51.1691091],[-114.0690304,51.1690185],[-114.0689532,51.1689474],[-114.0688742,51.1688763],[-114.0687874,51.1687998],[-114.0687806,51.1687998],[-114.0687709,51.1687998],[-114.0686734,51.1688],[-114.0686204,51.1688001],[-114.0685498,51.1688002],[-114.0684792,51.1688003],[-114.0684262,51.1688004],[-114.0683194,51.1688006],[-114.06827,51.1688007],[-114.0682396,51.1688007],[-114.068196,51.1688008],[-114.068096,51.168801],[-114.0680098,51.1688011],[-114.0675079,51.168802],[-114.0671573,51.1688026],[-114.0671577,51.1688301],[-114.0671612,51.1689372],[-114.0671671,51.169025],[-114.0671759,51.1691177],[-114.0671879,51.1692106],[-114.067202,51.1692979],[-114.0672187,51.1693852],[-114.0672381,51.1694724],[-114.0672616,51.1695651],[-114.0672883,51.1696573],[-114.0673161,51.1697442],[-114.0673466,51.1698306],[-114.0673753,51.169906],[-114.067406,51.169981],[-114.0674246,51.1700244],[-114.0675028,51.1702074],[-114.0675058,51.1702144],[-114.0675855,51.1704016],[-114.0676542,51.170563],[-114.0676755,51.1706131],[-114.0676863,51.1706407],[-114.0676952,51.1706685],[-114.0677069,51.1707214],[-114.0677119,51.1707747],[-114.0677102,51.1708282],[-114.0677018,51.1708814],[-114.0676946,51.1709094],[-114.0676854,51.1709371],[-114.0676744,51.1709646],[-114.0676617,51.1709917],[-114.0676452,51.1710215],[-114.0676444,51.1710598],[-114.0676414,51.1710981],[-114.0676344,51.1711467],[-114.067624,51.1711951],[-114.0676115,51.1712386],[-114.0675962,51.1712818],[-114.067577,51.1713267],[-114.0675548,51.1713711],[-114.0675205,51.1714294],[-114.0674808,51.1714864],[-114.0674494,51.171526],[-114.0674154,51.1715648],[-114.0673789,51.1716027],[-114.06734,51.1716397],[-114.0673147,51.171662],[-114.0672718,51.1716973],[-114.0672266,51.1717316],[-114.0671791,51.1717646],[-114.0671296,51.1717964],[-114.0670779,51.1718268],[-114.0670244,51.1718559],[-114.066969,51.1718836],[-114.0669117,51.1719099],[-114.0668529,51.1719346],[-114.0667924,51.1719577],[-114.0667305,51.1719793],[-114.0666672,51.1719993],[-114.0665987,51.1720187],[-114.0665288,51.1720362],[-114.0664599,51.1720513],[-114.0663901,51.1720645],[-114.066321,51.1720756],[-114.0662512,51.172085],[-114.0661818,51.1720924],[-114.066112,51.172098],[-114.06603,51.1721022],[-114.0659477,51.172104],[-114.065919,51.1721042],[-114.0656201,51.1721062],[-114.0653479,51.1721081],[-114.0650524,51.1721101],[-114.0648723,51.1721111],[-114.0648555,51.1721114],[-114.0648383,51.1721115],[-114.0646553,51.1721127],[-114.0643622,51.1721147],[-114.0640899,51.1721165],[-114.0637954,51.1721185],[-114.0636003,51.1721198],[-114.0635832,51.1721199],[-114.063566,51.17212],[-114.0634076,51.1721212],[-114.0631217,51.1721231],[-114.0628481,51.1721249],[-114.0625473,51.1721269],[-114.0622061,51.1721291],[-114.0621889,51.1721292],[-114.0621717,51.1721293],[-114.0618456,51.1721315],[-114.061576,51.1721333],[-114.0613045,51.1721351],[-114.0610429,51.1721368],[-114.0608307,51.1721382],[-114.0608135,51.1721383],[-114.0607964,51.1721385],[-114.0606324,51.1721396],[-114.0603323,51.1721415],[-114.0600394,51.1721437],[-114.0597464,51.1721458],[-114.0596864,51.1721462],[-114.0596834,51.1721462],[-114.0595919,51.1721468],[-114.0595747,51.1721469],[-114.0595574,51.172147],[-114.0595423,51.1721471],[-114.0591732,51.1721495],[-114.0591487,51.1721496],[-114.0591429,51.1721497],[-114.0591043,51.1721501],[-114.0590185,51.1721524],[-114.0589329,51.1721565],[-114.0588476,51.1721624],[-114.0587626,51.1721701],[-114.0586836,51.1721789],[-114.0586051,51.1721892],[-114.0585272,51.1722011],[-114.0584498,51.1722144],[-114.0584352,51.1722172],[-114.0584184,51.1722202],[-114.058176,51.1722648],[-114.0578931,51.1723166],[-114.0576395,51.1723632],[-114.0573215,51.1724215],[-114.0572259,51.172439],[-114.0572096,51.172442],[-114.057193,51.1724451],[-114.0568956,51.1724996],[-114.0566177,51.1725505],[-114.0563437,51.1726008],[-114.0559819,51.1726671],[-114.0559657,51.1726701],[-114.055949,51.1726732],[-114.0559357,51.1726756],[-114.0555409,51.172748],[-114.0552509,51.1728012],[-114.0549302,51.17286],[-114.054743,51.1728943],[-114.0547267,51.1728973],[-114.0547101,51.1729004],[-114.0545341,51.1729326],[-114.0541974,51.1729944],[-114.0538937,51.17305],[-114.0535126,51.1731199],[-114.0534964,51.1731229],[-114.0534797,51.173126],[-114.0531069,51.1731943],[-114.0528013,51.1732503],[-114.052466,51.1733118],[-114.0521979,51.173361],[-114.0520638,51.1733855],[-114.0519297,51.1734101],[-114.0517956,51.1734347],[-114.0516615,51.1734593],[-114.0515273,51.1734839],[-114.0513932,51.1735085],[-114.0512586,51.1735332],[-114.051234,51.1735377],[-114.0510876,51.1735645],[-114.0507938,51.1736182],[-114.0506183,51.1736503]]]]},"properties":{":id":"row-syqs.69aj.ygiq",":version":"rv-crsw.7v2x_3grt",":created_at":"2026-10-01T19:33:45.132Z",":updated_at":"2026-10-01T19:33:45.132Z","lpid":"623564","planname":"TUC","type_code":"70","type_dscrn":"TUC","stage_code":"1","stage_dscrn":"Registered","created_dt":null,"modified_attribute_dt":"2026-05-15T15:01:00.000Z","modified_geometry_dt":"2026-05-15T15:01:00.000Z"}},
{"type":"Feature","geometry":{"type":"MultiPolygon","coordinates":[[[[-114.1051229,51.1709178],[-114.1052269,51.170851],[-114.1053308,51.1707842],[-114.1054348,51.1707174],[-114.1055387,51.1706506],[-114.1056427,51.1705838],[-114.1057407,51.1705208],[-114.1058386,51.1704579],[-114.1059366,51.1703949],[-114.1060346,51.170332],[-114.1061326,51.170269],[-114.1062366,51.1702022],[-114.1062717,51.1701796],[-114.1062733,51.1690482],[-114.1062738,51.1687266],[-114.105797,51.1687272],[-114.101247,51.1687332],[-114.1012313,51.1687492],[-114.1011295,51.1688519],[-114.1010466,51.1689356],[-114.1009636,51.1690193],[-114.1008807,51.169103],[-114.1007977,51.1691867],[-114.100724,51.1692611],[-114.1006503,51.1693355],[-114.1005765,51.1694099],[-114.1005028,51.1694843],[-114.1004291,51.1695587],[-114.1004041,51.1695837],[-114.1003514,51.1696361],[-114.1002687,51.1697137],[-114.1001826,51.1697899],[-114.1000931,51.1698646],[-114.1000003,51.1699376],[-114.0999043,51.170009],[-114.0998051,51.1700786],[-114.099707,51.1701438],[-114.0996237,51.1701965],[-114.0995775,51.1702248],[-114.0995029,51.170269],[-114.0994268,51.1703123],[-114.0993072,51.1703771],[-114.0991845,51.1704397],[-114.0990589,51.1704999],[-114.0989305,51.1705578],[-114.0988072,51.17061],[-114.0986816,51.17066],[-114.0985538,51.1707078],[-114.0984239,51.1707533],[-114.0982921,51.1707965],[-114.0981583,51.1708374],[-114.0980228,51.1708759],[-114.0978929,51.17091],[-114.0978861,51.1709118],[-114.0977568,51.1709446],[-114.0976275,51.1709774],[-114.0974982,51.1710102],[-114.0973688,51.171043],[-114.0972395,51.1710758],[-114.0971102,51.1711085],[-114.0969809,51.1711413],[-114.0968514,51.1711742],[-114.0967221,51.171207],[-114.0965927,51.1712398],[-114.0964634,51.1712726],[-114.0963341,51.1713053],[-114.0962048,51.1713381],[-114.0960755,51.1713709],[-114.0959461,51.1714036],[-114.0958168,51.1714364],[-114.0956819,51.1714706],[-114.0955384,51.1715069],[-114.095394,51.1715435],[-114.0952482,51.1715805],[-114.0951548,51.171604],[-114.0951001,51.1716172],[-114.0950244,51.1716331],[-114.0949476,51.1716468],[-114.0948699,51.1716583],[-114.0947914,51.1716674],[-114.0947474,51.1716717],[-114.0947467,51.1752047],[-114.0947468,51.1755882],[-114.0947468,51.1757263],[-114.0947468,51.1759881],[-114.0954761,51.1759866],[-114.0972383,51.1759833],[-114.0972629,51.1759676],[-114.0973666,51.175901],[-114.0974703,51.1758344],[-114.097574,51.1757678],[-114.0976776,51.1757011],[-114.0977813,51.1756345],[-114.097885,51.1755679],[-114.0979887,51.1755013],[-114.0980924,51.1754347],[-114.0982891,51.1753083],[-114.0985668,51.1751299],[-114.098583,51.1751195],[-114.0985889,51.1751157],[-114.0986069,51.1751042],[-114.0988443,51.1749517],[-114.0990688,51.1748075],[-114.0992153,51.1747134],[-114.0993192,51.1746466],[-114.0994231,51.1745799],[-114.099527,51.1745131],[-114.0996309,51.1744464],[-114.0997348,51.1743796],[-114.0998387,51.1743129],[-114.0999426,51.1742461],[-114.1000465,51.1741794],[-114.1001443,51.1741165],[-114.1002482,51.1740498],[-114.100352,51.1739831],[-114.1004559,51.1739163],[-114.1005597,51.1738496],[-114.1006636,51.1737829],[-114.1007675,51.1737161],[-114.1008715,51.1736493],[-114.1030931,51.172222],[-114.1031833,51.1721641],[-114.1032873,51.1720972],[-114.1033913,51.1720304],[-114.1034953,51.1719636],[-114.1035993,51.1718968],[-114.1037033,51.17183],[-114.1038073,51.1717631],[-114.1039052,51.1717002],[-114.1040032,51.1716372],[-114.1041072,51.1715704],[-114.1042112,51.1715036],[-114.1043152,51.1714368],[-114.1044191,51.17137],[-114.1045231,51.1713032],[-114.1046271,51.1712364],[-114.1047251,51.1711734],[-114.104823,51.1711105],[-114.104921,51.1710475],[-114.105019,51.1709846],[-114.1051229,51.1709178]]]]},"properties":{":id":"row-792b_p95c_qj6q",":version":"rv-izn7_n54u_r44f",":created_at":"2026-10-01T19:33:45.132Z",":updated_at":"2026-10-01T19:33:45.132Z","lpid":"736497","planname":"TUC","type_code":"70","type_dscrn":"TUC","stage_code":"1","stage_dscrn":"Registered","created_dt":null,"modified_attribute_dt":"2026-05-15T15:01:00.000Z","modified_geometry_dt":"2026-05-15T15:01:00.000Z"}},
{"type":"Feature","geometry":{"type":"MultiPolygon","coordinates":[[[[-114.1035628,51.1663965],[-114.1034866,51.1664734],[-114.1033907,51.1665701],[-114.1032999,51.1666618],[-114.1032047,51.1667578],[-114.1030241,51.16694],[-114.1028068,51.1671593],[-114.1028006,51.1671657],[-114.1027885,51.1671778],[-114.1027657,51.1672008],[-114.1013852,51.1685939],[-114.1013792,51.1685993],[-114.101247,51.1687332],[-114.105797,51.1687272],[-114.1062738,51.1687266],[-114.1062778,51.1624719],[-114.1057447,51.1632426],[-114.1056787,51.163338],[-114.1056126,51.1634335],[-114.1055466,51.1635289],[-114.1054771,51.1636294],[-114.1054076,51.1637299],[-114.1053416,51.1638253],[-114.1052755,51.1639208],[-114.105206,51.1640212],[-114.1051365,51.1641218],[-114.1050705,51.1642172],[-114.1050044,51.1643127],[-114.1049349,51.1644131],[-114.1048654,51.1645136],[-114.1047994,51.1646091],[-114.1047334,51.1647045],[-114.1046639,51.164805],[-114.1045944,51.1649055],[-114.1045283,51.1650009],[-114.1044623,51.1650964],[-114.1043928,51.1651969],[-114.1043233,51.1652973],[-114.1042573,51.1653928],[-114.1041913,51.1654882],[-114.1041218,51.1655887],[-114.1040522,51.1656892],[-114.1039862,51.1657846],[-114.1039202,51.1658801],[-114.1038507,51.1659806],[-114.1037845,51.1660761],[-114.1037149,51.1661766],[-114.1036454,51.1662771],[-114.1035776,51.166375],[-114.1035628,51.1663965]]]]},"properties":{":id":"row-cgqf.yp9i.6utj",":version":"rv-abgt_s92h.eu97",":created_at":"2026-10-01T19:33:45.132Z",":updated_at":"2026-10-01T19:33:45.132Z","lpid":"736493","planname":"TUC","type_code":"70","type_dscrn":"TUC","stage_code":"1","stage_dscrn":"Registered","created_dt":null,"modified_attribute_dt":"2026-05-15T15:01:00.000Z","modified_geometry_dt":"2026-05-15T15:01:00.000Z"}},
{"type":"Feature","geometry":{"type":"MultiPolygon","coordinates":[[[[-114.2312667,51.0815156],[-114.2311931,51.0813315],[-114.2308749,51.0805292],[-114.2304941,51.0795684],[-114.2285147,51.0745628],[-114.2285606,51.0743189],[-114.2296422,51.0685464],[-114.2296437,51.0685382],[-114.2294766,51.0674274],[-114.2294255,51.0670873],[-114.2340649,51.0670835],[-114.2340653,51.0669022],[-114.2338633,51.0668999],[-114.2338595,51.0668998],[-114.2321054,51.0669043],[-114.2320335,51.0669041],[-114.2293798,51.0669067],[-114.2292482,51.0669068],[-114.2292437,51.0669067],[-114.2291639,51.0669068],[-114.2291569,51.0669068],[-114.2284292,51.0669074],[-114.2281415,51.0669078],[-114.2277909,51.0669081],[-114.2277196,51.0669081],[-114.2276527,51.0669083],[-114.2275814,51.0669083],[-114.2275726,51.0669083],[-114.2273543,51.0669084],[-114.2228067,51.0669124],[-114.2225918,51.0669126],[-114.2225914,51.0668409],[-114.2223066,51.0668412],[-114.2222663,51.0668412],[-114.2221616,51.0668413],[-114.2219743,51.0668414],[-114.2216882,51.0668417],[-114.2215128,51.0668418],[-114.2213302,51.066842],[-114.2211395,51.0668421],[-114.2209636,51.0668423],[-114.2207802,51.0668424],[-114.2205974,51.0668426],[-114.2204138,51.0668427],[-114.2202307,51.0668429],[-114.2200472,51.066843],[-114.2198639,51.0668431],[-114.2196802,51.0668433],[-114.2194972,51.0668434],[-114.2193139,51.0668436],[-114.2191305,51.0668437],[-114.2189474,51.0668439],[-114.2187641,51.066844],[-114.2186374,51.0668441],[-114.2186382,51.0671945],[-114.2186535,51.0671945],[-114.2188018,51.0671944],[-114.2189501,51.0671942],[-114.2191346,51.0671941],[-114.2193455,51.067194],[-114.2196124,51.0671938],[-114.2199661,51.0671935],[-114.2200204,51.0671934],[-114.2200374,51.0671934],[-114.2200375,51.067279],[-114.2200547,51.0672802],[-114.2204611,51.0673086],[-114.2207961,51.067332],[-114.220839,51.067335],[-114.2208819,51.067338],[-114.2212819,51.0673659],[-114.2213322,51.0673694],[-114.2213748,51.0673724],[-114.2214249,51.0673759],[-114.2215433,51.0673841],[-114.2216216,51.0673909],[-114.2217184,51.0674026],[-114.2218138,51.0674182],[-114.2219076,51.0674375],[-114.2219991,51.0674604],[-114.2220813,51.0674848],[-114.2221611,51.0675122],[-114.2222382,51.0675424],[-114.2223124,51.0675754],[-114.2223775,51.067608],[-114.2224398,51.0676427],[-114.2224991,51.0676794],[-114.2225552,51.0677181],[-114.222591,51.067745],[-114.222591,51.0679323],[-114.2225911,51.068108],[-114.2225912,51.0682068],[-114.2225912,51.0683003],[-114.2225913,51.0683937],[-114.2225913,51.0684872],[-114.2225914,51.068642],[-114.2225915,51.0688137],[-114.2225914,51.0689016],[-114.2225916,51.069024],[-114.2225916,51.0690352],[-114.2225917,51.0692106],[-114.2225919,51.0693874],[-114.2225919,51.0695362],[-114.222592,51.0696653],[-114.2225921,51.0697588],[-114.2225921,51.0698523],[-114.2225922,51.0699457],[-114.2225922,51.0700392],[-114.2225923,51.070184],[-114.2225924,51.0703447],[-114.2225925,51.0705544],[-114.2225925,51.070572],[-114.2225924,51.0706967],[-114.2225926,51.0707103],[-114.2225925,51.0708833],[-114.2225926,51.0710374],[-114.2225927,51.0711639],[-114.2225927,51.0712574],[-114.2225928,51.0713508],[-114.2225928,51.0714443],[-114.2225928,51.0715378],[-114.2225929,51.0716312],[-114.2225929,51.0717247],[-114.222593,51.071818],[-114.222593,51.0719113],[-114.2225931,51.0720323],[-114.2225932,51.0721846],[-114.2225933,51.0723662],[-114.2225933,51.0725194],[-114.2225934,51.0726987],[-114.2225935,51.0729249],[-114.2225936,51.07306],[-114.2225936,51.0731751],[-114.2225937,51.0732901],[-114.2225937,51.0734051],[-114.2225937,51.0735202],[-114.2225938,51.0736352],[-114.2225938,51.0737502],[-114.2225939,51.0738652],[-114.222594,51.0740734],[-114.2225944,51.0743269],[-114.2225945,51.0744617],[-114.2225946,51.0745439],[-114.2225948,51.0747703],[-114.222595,51.0749461],[-114.2225951,51.0750504],[-114.2225952,51.0751492],[-114.2225953,51.0752535],[-114.2225954,51.0753524],[-114.2225955,51.0754566],[-114.2225956,51.0755555],[-114.2225957,51.0756598],[-114.2225959,51.0758421],[-114.2225962,51.0761144],[-114.2225959,51.0764126],[-114.2227716,51.0767043],[-114.223487,51.0779092],[-114.225635,51.0815219],[-114.2274162,51.0815195],[-114.2312667,51.0815156]]]]},"properties":{":id":"row-e3bn_c25w-w5wy",":version":"rv-czmq_nhtv-cxxb",":created_at":"2026-10-01T19:33:45.132Z",":updated_at":"2026-10-01T19:33:45.132Z","lpid":"592036","planname":"TUC","type_code":"70","type_dscrn":"TUC","stage_code":"1","stage_dscrn":"Registered","created_dt":null,"modified_attribute_dt":"2026-05-20T12:39:08.000Z","modified_geometry_dt":"2026-05-20T12:39:08.000Z"}},
{"type":"Feature","geometry":{"type":"MultiPolygon","coordinates":[[[[-114.1400715,50.9426714],[-114.1400689,50.9429085],[-114.1400608,50.9431456],[-114.1400473,50.9433826],[-114.1400282,50.9436194],[-114.1400144,50.943759],[-114.1399986,50.9438985],[-114.1399808,50.9440397],[-114.1399609,50.9441808],[-114.13994,50.9443163],[-114.1399173,50.9444517],[-114.1398881,50.944612],[-114.1398563,50.9447721],[-114.1398273,50.9449001],[-114.1397933,50.9450275],[-114.1397542,50.9451544],[-114.1397101,50.9452806],[-114.1396702,50.9453834],[-114.1396304,50.945478],[-114.1395878,50.9455721],[-114.1395424,50.9456656],[-114.1394942,50.9457586],[-114.1394432,50.9458511],[-114.1393894,50.9459429],[-114.1393329,50.946034],[-114.1392737,50.9461244],[-114.1391866,50.9462592],[-114.1391056,50.9463954],[-114.1390306,50.946533],[-114.1389618,50.9466719],[-114.1389147,50.9467721],[-114.141006,50.9467718],[-114.1409944,50.9431543],[-114.1409997,50.9362388],[-114.1376402,50.9362403],[-114.1378349,50.9362668],[-114.138074,50.9362993],[-114.1383771,50.9363406],[-114.138404,50.9363753],[-114.1385395,50.9365505],[-114.1386234,50.9366589],[-114.1387072,50.9367672],[-114.138791,50.9368756],[-114.1388748,50.9369839],[-114.1390036,50.9371504],[-114.1391995,50.9374037],[-114.139246,50.9374637],[-114.1393596,50.9379426],[-114.1393671,50.9380391],[-114.1393793,50.9381765],[-114.1393933,50.9383139],[-114.1394088,50.938448],[-114.1394431,50.9387026],[-114.1394837,50.9389568],[-114.1395191,50.939151],[-114.1395581,50.939345],[-114.1396009,50.9395386],[-114.1396474,50.9397319],[-114.1397023,50.9399423],[-114.1397236,50.9400221],[-114.1397364,50.9400709],[-114.1397911,50.9402919],[-114.1398409,50.9405134],[-114.1398915,50.9407646],[-114.1399236,50.9409435],[-114.1399526,50.9411226],[-114.1399779,50.9412975],[-114.1400001,50.9414726],[-114.1400198,50.9416518],[-114.1400363,50.9418312],[-114.1400496,50.9420106],[-114.1400597,50.9421902],[-114.1400684,50.9424308],[-114.1400715,50.9426714]]]]},"properties":{":id":"row-areu~dkge~rbrd",":version":"rv-aik6-i9rt_gw32",":created_at":"2026-10-01T19:33:45.132Z",":updated_at":"2026-10-01T19:33:45.132Z","lpid":"760743","planname":"TUC","type_code":"70","type_dscrn":"TUC","stage_code":"1","stage_dscrn":"Registered","created_dt":"2017-04-18T14:19:00.000Z","modified_attribute_dt":"2026-05-21T12:31:28.000Z","modified_geometry_dt":"2026-05-21T12:31:28.000Z"}},
{"type":"Feature","geometry":{"type":"MultiPolygon","coordinates":[[[[-114.1287146,50.8995095],[-114.1287188,50.90675],[-114.1313912,50.9067469],[-114.1337506,50.9067443],[-114.1337328,50.9064527],[-114.1337299,50.9064189],[-114.1337288,50.9063999],[-114.1337246,50.9063289],[-114.1337236,50.9063015],[-114.1337207,50.9062645],[-114.1336984,50.9058878],[-114.1329709,50.9054714],[-114.1329261,50.9054446],[-114.1328832,50.9054167],[-114.1328423,50.9053875],[-114.1328034,50.9053573],[-114.1327666,50.9053261],[-114.132732,50.9052939],[-114.1326996,50.9052608],[-114.1326696,50.9052268],[-114.1321775,50.9046414],[-114.1321581,50.9046166],[-114.1321408,50.9045913],[-114.1321258,50.9045654],[-114.1321129,50.904539],[-114.1320802,50.9044609],[-114.1320503,50.9043824],[-114.1320234,50.9043035],[-114.1319993,50.9042242],[-114.1319781,50.9041446],[-114.1319598,50.9040647],[-114.1319444,50.9039846],[-114.131932,50.9039042],[-114.1318681,50.9035576],[-114.1318094,50.9032107],[-114.1317576,50.9028752],[-114.1317106,50.9025394],[-114.131665,50.9021725],[-114.1316251,50.9018054],[-114.131591,50.901438],[-114.1315627,50.9010704],[-114.1315402,50.9007027],[-114.1315236,50.9003349],[-114.1315127,50.8999669],[-114.1315077,50.8995989],[-114.131507,50.8995078],[-114.1288326,50.8995094],[-114.1287146,50.8995095]]]]},"properties":{":id":"row-t4tp~wckg~yvby",":version":"rv-hzzi-m2mh~a727",":created_at":"2026-10-01T19:33:45.132Z",":updated_at":"2026-10-01T19:33:45.132Z","lpid":"760672","planname":"TUC","type_code":"70","type_dscrn":"TUC","stage_code":"1","stage_dscrn":"Registered","created_dt":"2017-04-17T08:48:55.000Z","modified_attribute_dt":"2026-05-21T14:12:24.000Z","modified_geometry_dt":"2026-05-21T14:12:24.000Z"}},
{"type":"Feature","geometry":{"type":"MultiPolygon","coordinates":[[[[-114.1353285,50.9197134],[-114.1353295,50.9212452],[-114.1359796,50.9212441],[-114.1359789,50.9203128],[-114.1361095,50.9203127],[-114.136002,50.9202296],[-114.1359245,50.9201702],[-114.1353285,50.9197134]]]]},"properties":{":id":"row-5xbt~yp35.kse9",":version":"rv-nc56~7cf2~tg87",":created_at":"2026-10-01T19:33:45.132Z",":updated_at":"2026-10-01T19:33:45.132Z","lpid":"760695","planname":"TUC","type_code":"70","type_dscrn":"TUC","stage_code":"1","stage_dscrn":"Registered","created_dt":"2017-04-17T14:53:49.000Z","modified_attribute_dt":"2026-05-21T12:31:28.000Z","modified_geometry_dt":"2026-05-21T12:31:28.000Z"}},
{"type":"Feature","geometry":{"type":"MultiPolygon","coordinates":[[[[-114.1344109,50.9505701],[-114.1295655,50.9505696],[-114.129565,50.950891],[-114.1297357,50.950891],[-114.1299092,50.950891],[-114.1315918,50.950891],[-114.1328927,50.950891],[-114.1344106,50.9509578],[-114.1344109,50.9505701]]]]},"properties":{":id":"row-f8sw_nxpg~5cgx",":version":"rv-2ydm~pqfj_a83s",":created_at":"2026-10-01T19:33:45.132Z",":updated_at":"2026-10-01T19:33:45.132Z","lpid":"760739","planname":"TUC","type_code":"70","type_dscrn":"TUC","stage_code":"1","stage_dscrn":"Registered","created_dt":"2017-04-18T14:15:31.000Z","modified_attribute_dt":"2026-05-21T12:31:28.000Z","modified_geometry_dt":"2026-05-21T12:31:28.000Z"}},
{"type":"Feature","geometry":{"type":"MultiPolygon","coordinates":[[[[-114.1642064,50.9847764],[-114.1624666,50.9847156],[-114.162443,50.9847148],[-114.1635604,50.9864543],[-114.1637104,50.9866819],[-114.1642116,50.9874418],[-114.1642113,50.9873356],[-114.1642103,50.9869352],[-114.1642098,50.9867628],[-114.1642094,50.9865639],[-114.1642064,50.9847764]]]]},"properties":{":id":"row-qmuz-4ef3~8x6j",":version":"rv-u5pp~q5yz_mj66",":created_at":"2026-10-01T19:33:45.132Z",":updated_at":"2026-10-01T19:33:45.132Z","lpid":"760696","planname":"TUC","type_code":"70","type_dscrn":"TUC","stage_code":"1","stage_dscrn":"Registered","created_dt":"2017-04-17T15:16:47.000Z","modified_attribute_dt":"2026-05-21T12:31:28.000Z","modified_geometry_dt":"2026-05-21T12:31:28.000Z"}},
{"type":"Feature","geometry":{"type":"MultiPolygon","coordinates":[[[[-114.1401763,50.8922695],[-114.1400774,50.8922696],[-114.1172715,50.8922886],[-114.1172708,50.893724],[-114.1172709,50.8941102],[-114.1172714,50.8952212],[-114.1172715,50.8953676],[-114.1173964,50.895404],[-114.117519,50.8954432],[-114.1176393,50.8954853],[-114.117757,50.8955302],[-114.1186979,50.8959042],[-114.1187296,50.8959168],[-114.1188548,50.8959666],[-114.1188909,50.895981],[-114.118927,50.8959954],[-114.1190523,50.8960452],[-114.1191922,50.8961009],[-114.1193351,50.8961578],[-114.119475,50.8962134],[-114.1196149,50.8962691],[-114.1197549,50.8963248],[-114.1198948,50.8963805],[-114.1200553,50.8964443],[-114.1202158,50.8965082],[-114.1203122,50.8965465],[-114.1203671,50.8965855],[-114.1204905,50.896673],[-114.120613,50.8967599],[-114.1207264,50.8968402],[-114.1208364,50.8969183],[-114.1209465,50.8969963],[-114.1210565,50.8970743],[-114.1211763,50.8971592],[-114.1212992,50.8972463],[-114.1214298,50.8973389],[-114.1214895,50.8973812],[-114.1215304,50.8974448],[-114.1216004,50.8975539],[-114.1216699,50.897662],[-114.1217373,50.8977669],[-114.1217995,50.8978638],[-114.1218648,50.8979654],[-114.12193,50.8980669],[-114.1219953,50.8981685],[-114.1220541,50.8982601],[-114.1221194,50.8983617],[-114.1221847,50.8984633],[-114.1222467,50.8985599],[-114.1223088,50.8986565],[-114.1223741,50.898758],[-114.1224393,50.8988596],[-114.1225324,50.8990045],[-114.1227086,50.8992788],[-114.1228239,50.8994582],[-114.122859,50.8995127],[-114.122991,50.8995126],[-114.122991,50.8995235],[-114.1229905,50.899809],[-114.1229902,50.8999513],[-114.1229899,50.9000785],[-114.1229896,50.9001826],[-114.1229894,50.9002813],[-114.1229892,50.9003855],[-114.122989,50.9004842],[-114.1229888,50.9005883],[-114.1229885,50.900687],[-114.1229883,50.9007912],[-114.1229881,50.9008899],[-114.1229879,50.900994],[-114.1229877,50.9010927],[-114.1229874,50.9011969],[-114.1229872,50.9012956],[-114.1229872,50.9013206],[-114.1229869,50.9014023],[-114.1229869,50.9014158],[-114.1229865,50.9016045],[-114.1229865,50.9016261],[-114.1229862,50.9017198],[-114.122986,50.9018239],[-114.1229858,50.9019225],[-114.1229856,50.9020212],[-114.1229853,50.9021252],[-114.1229851,50.9022348],[-114.1229851,50.9022497],[-114.1229848,50.9023444],[-114.1229846,50.9024485],[-114.1229844,50.9025471],[-114.1229842,50.9026457],[-114.1229839,50.9027498],[-114.1229837,50.9028594],[-114.1229835,50.902969],[-114.1229832,50.9030731],[-114.122983,50.9031717],[-114.1229828,50.9032703],[-114.1229826,50.9033744],[-114.1229823,50.9034768],[-114.1229823,50.9034902],[-114.1229823,50.9035037],[-114.1229821,50.9036055],[-114.1229819,50.9037097],[-114.1229816,50.9038086],[-114.1229814,50.9039127],[-114.1229812,50.9040116],[-114.122981,50.9041158],[-114.1229807,50.9042199],[-114.1229805,50.9043241],[-114.1229802,50.9044282],[-114.12298,50.9045324],[-114.1229798,50.9046366],[-114.1229795,50.9047407],[-114.1229793,50.9048449],[-114.122979,50.9049679],[-114.1229786,50.9051414],[-114.1229783,50.905272],[-114.1229781,50.9053762],[-114.1229779,50.905475],[-114.1229776,50.9055792],[-114.1229774,50.9056834],[-114.1229772,50.9057875],[-114.1229769,50.9058917],[-114.1229767,50.9059959],[-114.1229765,50.9060947],[-114.1229762,50.9061989],[-114.1229762,50.9062268],[-114.122976,50.9063031],[-114.1229758,50.9064072],[-114.1229755,50.9065273],[-114.1229752,50.9066209],[-114.122975,50.9066577],[-114.122975,50.9066661],[-114.122975,50.9067017],[-114.122975,50.9067566],[-114.1287188,50.90675],[-114.1287183,50.9066952],[-114.1287183,50.9066596],[-114.1287182,50.9066144],[-114.1287146,50.8996464],[-114.1287146,50.8995643],[-114.1287146,50.8995095],[-114.1287149,50.8994545],[-114.1287116,50.8944829],[-114.1287111,50.8938697],[-114.1295667,50.8937593],[-114.1311643,50.8937355],[-114.1316044,50.893729],[-114.1318491,50.8937253],[-114.1329526,50.8937089],[-114.134765,50.8936819],[-114.1347637,50.8931142],[-114.1350553,50.8931149],[-114.1399238,50.893126],[-114.139994,50.8931262],[-114.1401765,50.8931264],[-114.1401763,50.8922695]]]]},"properties":{":id":"row-7rwn-7u7e_7din",":version":"rv-z6kb.mfj7-hk47",":created_at":"2026-10-01T19:33:45.132Z",":updated_at":"2026-10-01T19:33:45.132Z","lpid":"736678","planname":"TUC","type_code":"70","type_dscrn":"TUC","stage_code":"1","stage_dscrn":"Registered","created_dt":null,"modified_attribute_dt":"2026-05-21T12:31:28.000Z","modified_geometry_dt":"2026-05-21T12:31:28.000Z"}},
{"type":"Feature","geometry":{"type":"MultiPolygon","coordinates":[[[[-114.1287224,50.909462],[-114.1287188,50.90675],[-114.122975,50.9067566],[-114.1229758,50.9069608],[-114.1229762,50.9070511],[-114.1229763,50.9070585],[-114.1230494,50.9070644],[-114.1230821,50.9070671],[-114.1230992,50.9070686],[-114.1231162,50.9070701],[-114.1232683,50.9070837],[-114.1233105,50.9070877],[-114.1233527,50.9070917],[-114.1234817,50.9071046],[-114.1236689,50.9071247],[-114.1238224,50.9071424],[-114.123967,50.9071601],[-114.1241333,50.9071816],[-114.1242832,50.9072021],[-114.1242994,50.9072045],[-114.1243866,50.9072188],[-114.1244725,50.9072361],[-114.1245522,50.907255],[-114.1246304,50.9072765],[-114.1246844,50.907293],[-114.1247374,50.9073108],[-114.1247895,50.9073297],[-114.1248404,50.9073498],[-114.124906,50.907378],[-114.1249694,50.9074082],[-114.1250305,50.9074401],[-114.1250892,50.9074738],[-114.1251446,50.9075088],[-114.1251975,50.9075453],[-114.1252476,50.9075833],[-114.1252949,50.9076227],[-114.1253323,50.9076566],[-114.1253842,50.9077059],[-114.1254722,50.9077893],[-114.1259158,50.9082098],[-114.1259225,50.9082162],[-114.1260078,50.9083006],[-114.1260897,50.9083893],[-114.1261657,50.90848],[-114.1262035,50.9085289],[-114.1262397,50.9085782],[-114.1263034,50.9086726],[-114.126361,50.9087686],[-114.126389,50.90882],[-114.1264152,50.9088718],[-114.1264458,50.9089379],[-114.1264736,50.9090045],[-114.1264933,50.9090569],[-114.1265112,50.9091094],[-114.1265273,50.9091622],[-114.1265417,50.9092152],[-114.1265564,50.9092788],[-114.1265687,50.9093427],[-114.1265898,50.9094645],[-114.1287224,50.909462]]]]},"properties":{":id":"row-yidn~smq5~ecps",":version":"rv-vyx8_gtm3.hb54",":created_at":"2026-10-01T19:33:45.132Z",":updated_at":"2026-10-01T19:33:45.132Z","lpid":"760687","planname":"TUC","type_code":"70","type_dscrn":"TUC","stage_code":"1","stage_dscrn":"Registered","created_dt":"2017-04-17T14:48:07.000Z","modified_attribute_dt":"2026-05-21T12:31:28.000Z","modified_geometry_dt":"2026-05-21T12:31:28.000Z"}},
{"type":"Feature","geometry":{"type":"MultiPolygon","coordinates":[[[[-114.129756,50.9500694],[-114.1295652,50.950069],[-114.1295653,50.95039],[-114.1352862,50.9503897],[-114.135286,50.9497871],[-114.1324659,50.9500694],[-114.1308473,50.9500694],[-114.1302401,50.9500694],[-114.129756,50.9500694]]]]},"properties":{":id":"row-vtbp-unw9-kj4u",":version":"rv-pqie~68x3~2y35",":created_at":"2026-10-01T19:33:45.132Z",":updated_at":"2026-10-01T19:33:45.132Z","lpid":"760755","planname":"TUC","type_code":"70","type_dscrn":"TUC","stage_code":"1","stage_dscrn":"Registered","created_dt":"2017-04-18T14:17:17.000Z","modified_attribute_dt":"2026-05-21T12:31:28.000Z","modified_geometry_dt":"2026-05-21T12:31:28.000Z"}},
{"type":"Feature","geometry":{"type":"MultiPolygon","coordinates":[[[[-114.1412944,50.9507049],[-114.1412944,50.950704],[-114.1412944,50.9505707],[-114.1412944,50.9505698],[-114.1412944,50.9503898],[-114.1410074,50.9503939],[-114.1352862,50.9503897],[-114.1295653,50.95039],[-114.1295655,50.9505696],[-114.1344109,50.9505701],[-114.1410087,50.9505704],[-114.1410088,50.957795],[-114.1412952,50.9577956],[-114.141295,50.9559169],[-114.1412946,50.9526249],[-114.1412944,50.9507049]]]]},"properties":{":id":"row-djfw.g9kf.ju9d",":version":"rv-ner4~vn2h_zhxx",":created_at":"2026-10-01T19:33:45.132Z",":updated_at":"2026-10-01T19:33:45.132Z","lpid":"760754","planname":"TUC","type_code":"70","type_dscrn":"TUC","stage_code":"1","stage_dscrn":"Registered","created_dt":"2017-04-18T14:14:15.000Z","modified_attribute_dt":"2026-05-21T12:31:28.000Z","modified_geometry_dt":"2026-05-21T12:31:28.000Z"}},
{"type":"Feature","geometry":{"type":"MultiPolygon","coordinates":[[[[-114.1409998,50.9359152],[-114.1369316,50.9359169],[-114.1369327,50.9362406],[-114.1371503,50.9362405],[-114.1374236,50.9362404],[-114.1376402,50.9362403],[-114.1409997,50.9362388],[-114.1409998,50.9359152]]]]},"properties":{":id":"row-48wk~spfj.4ryy",":version":"rv-b4qd.8ecc_7rim",":created_at":"2026-10-01T19:33:45.132Z",":updated_at":"2026-10-01T19:33:45.132Z","lpid":"760746","planname":"TUC","type_code":"70","type_dscrn":"TUC","stage_code":"1","stage_dscrn":"Registered","created_dt":"2017-04-18T14:20:30.000Z","modified_attribute_dt":"2026-05-21T12:31:28.000Z","modified_geometry_dt":"2026-05-21T12:31:28.000Z"}},
{"type":"Feature","geometry":{"type":"MultiPolygon","coordinates":[[[[-114.1285827,50.921433],[-114.127239,50.921433],[-114.1272468,50.9215051],[-114.1273922,50.9215042],[-114.1275867,50.9215003],[-114.127761,50.9214942],[-114.1279322,50.921486],[-114.1281048,50.9214753],[-114.128277,50.9214622],[-114.1284504,50.9214465],[-114.1285827,50.921433]]]]},"properties":{":id":"row-qjiq_xt6v_fnsb",":version":"rv-je44~5chy.ts7v",":created_at":"2026-10-01T19:33:45.132Z",":updated_at":"2026-10-01T19:33:45.132Z","lpid":"760744","planname":"TUC","type_code":"70","type_dscrn":"TUC","stage_code":"1","stage_dscrn":"Registered","created_dt":"2017-04-18T14:02:05.000Z","modified_attribute_dt":"2026-05-27T12:50:53.000Z","modified_geometry_dt":"2026-05-27T12:50:53.000Z"}},
{"type":"Feature","geometry":{"type":"MultiPolygon","coordinates":[[[[-114.1373217,50.9176049],[-114.1373209,50.9180381],[-114.1373223,50.9203113],[-114.1373231,50.9206911],[-114.1373229,50.9207778],[-114.1373232,50.9207903],[-114.1373234,50.9212426],[-114.1378344,50.921242],[-114.1379055,50.9212419],[-114.1385343,50.9212412],[-114.1385343,50.921191],[-114.1385301,50.9176035],[-114.1373217,50.9176049]]]]},"properties":{":id":"row-8i88-3pie~b3w9",":version":"rv-6zpm~tixn-tbvs",":created_at":"2026-10-01T19:33:45.132Z",":updated_at":"2026-10-01T19:33:45.132Z","lpid":"760694","planname":"TUC","type_code":"70","type_dscrn":"TUC","stage_code":"1","stage_dscrn":"Registered","created_dt":"2017-04-17T14:53:21.000Z","modified_attribute_dt":"2026-06-16T11:31:01.000Z","modified_geometry_dt":"2026-06-16T11:31:01.000Z"}},
{"type":"Feature","geometry":{"type":"MultiPolygon","coordinates":[[[[-113.9255203,50.9304707],[-113.9255952,50.9304235],[-113.925672,50.9303775],[-113.9257506,50.9303327],[-113.9258309,50.9302892],[-113.9259129,50.930247],[-113.9259965,50.930206],[-113.9260818,50.9301664],[-113.9261685,50.9301281],[-113.9262568,50.9300911],[-113.9263465,50.9300556],[-113.9264375,50.9300215],[-113.9265299,50.9299888],[-113.9266235,50.9299576],[-113.9267183,50.9299279],[-113.9268143,50.9298996],[-113.9269114,50.9298729],[-113.9270095,50.9298477],[-113.9271085,50.929824],[-113.9272085,50.9298019],[-113.9273093,50.9297814],[-113.9274108,50.9297624],[-113.9275131,50.9297451],[-113.927616,50.9297294],[-113.9277196,50.9297152],[-113.9278236,50.9297027],[-113.9279281,50.9296919],[-113.928033,50.9296826],[-113.9281383,50.9296751],[-113.9282438,50.9296691],[-113.9283495,50.9296649],[-113.9284553,50.9296622],[-113.9285612,50.9296613],[-113.929314,50.9296606],[-113.9293117,50.9287761],[-113.9291689,50.9287764],[-113.9235818,50.9287764],[-113.9123826,50.9287778],[-113.9123444,50.9287778],[-113.912252,50.9287778],[-113.912109,50.9287778],[-113.9121099,50.9290545],[-113.9121118,50.9296427],[-113.9122508,50.9296509],[-113.915251,50.9298286],[-113.9176693,50.9347649],[-113.916542,50.9356649],[-113.9165483,50.936015],[-113.9181427,50.936017],[-113.9228548,50.9360229],[-113.9228572,50.9336246],[-113.9230318,50.9327551],[-113.9230524,50.9326654],[-113.9230786,50.9325763],[-113.9231102,50.9324879],[-113.9231472,50.9324003],[-113.9231866,50.93232],[-113.9232305,50.9322407],[-113.9232789,50.9321624],[-113.9233318,50.9320853],[-113.923389,50.9320094],[-113.9234505,50.9319348],[-113.9235162,50.9318617],[-113.923586,50.9317902],[-113.9236384,50.9317397],[-113.9236929,50.9316902],[-113.9237494,50.9316415],[-113.9238078,50.9315938],[-113.9238682,50.931547],[-113.9239305,50.9315012],[-113.9239946,50.9314565],[-113.9240606,50.9314128],[-113.9255203,50.9304707]]]]},"properties":{":id":"row-q55r-qiax_aqa3",":version":"rv-rtht~qxq2~grbk",":created_at":"2026-10-01T19:33:45.132Z",":updated_at":"2026-10-01T19:33:45.132Z","lpid":"744573","planname":"TUC","type_code":"70","type_dscrn":"TUC","stage_code":"1","stage_dscrn":"Registered","created_dt":null,"modified_attribute_dt":"2026-06-23T10:44:12.000Z","modified_geometry_dt":"2026-06-23T10:44:12.000Z"}},
{"type":"Feature","geometry":{"type":"MultiPolygon","coordinates":[[[[-114.1373209,50.9180381],[-114.1373217,50.9176049],[-114.1385301,50.9176035],[-114.1385301,50.9172718],[-114.1356881,50.9172751],[-114.1356594,50.9172752],[-114.13565,50.9172752],[-114.1356346,50.917321],[-114.1356095,50.9173886],[-114.1355819,50.9174559],[-114.135568,50.9174873],[-114.13554,50.9175475],[-114.13551,50.9176073],[-114.1354782,50.9176668],[-114.1354444,50.9177258],[-114.1353505,50.9178851],[-114.1353274,50.9179242],[-114.1353275,50.9180405],[-114.1353508,50.9180405],[-114.135662,50.9180401],[-114.1373209,50.9180381]]]]},"properties":{":id":"row-snzv~2m78~cpgp",":version":"rv-k8tf.hqg4~ce6s",":created_at":"2026-10-01T19:33:45.132Z",":updated_at":"2026-10-01T19:33:45.132Z","lpid":"760690","planname":"TUC","type_code":"70","type_dscrn":"TUC","stage_code":"1","stage_dscrn":"Registered","created_dt":"2017-04-17T14:51:29.000Z","modified_attribute_dt":"2026-07-14T09:02:48.000Z","modified_geometry_dt":"2026-07-14T09:02:48.000Z"}},
{"type":"Feature","geometry":{"type":"MultiPolygon","coordinates":[[[[-114.2231354,51.0580493],[-114.2231351,51.0582455],[-114.2231349,51.0583977],[-114.2231347,51.0585131],[-114.2231345,51.0586285],[-114.2231344,51.058744],[-114.2231342,51.058854],[-114.223134,51.0589641],[-114.2231339,51.0590741],[-114.2231337,51.0591896],[-114.2231335,51.059305],[-114.2231334,51.0594209],[-114.2231332,51.0595422],[-114.2231332,51.0596638],[-114.2231331,51.0600426],[-114.223133,51.0602561],[-114.2231328,51.060505],[-114.2231328,51.0606579],[-114.2231327,51.0608085],[-114.2231326,51.0609592],[-114.2231325,51.0611098],[-114.2231324,51.0612605],[-114.2231323,51.0614043],[-114.2231322,51.0615481],[-114.2231321,51.0617751],[-114.2231319,51.0620315],[-114.2231319,51.0620425],[-114.2231319,51.0621143],[-114.2231318,51.0624532],[-114.2231318,51.0626277],[-114.2231318,51.0627702],[-114.2231318,51.0629127],[-114.2231318,51.0630551],[-114.2231317,51.0631976],[-114.2231318,51.0633401],[-114.2231318,51.0634723],[-114.2231317,51.0636003],[-114.2231316,51.0637182],[-114.2231253,51.0637299],[-114.2230592,51.0638521],[-114.2229951,51.0639704],[-114.2229359,51.0640797],[-114.222874,51.0641938],[-114.2227991,51.0643322],[-114.2227416,51.0644384],[-114.222684,51.0645446],[-114.2226265,51.0646508],[-114.2225929,51.0647129],[-114.2225928,51.0647657],[-114.2225927,51.0648929],[-114.2225926,51.06502],[-114.2225903,51.0661472],[-114.2225915,51.0665487],[-114.2225913,51.0668222],[-114.2225914,51.0668409],[-114.2225918,51.0669126],[-114.2228067,51.0669124],[-114.2273543,51.0669084],[-114.2275726,51.0669083],[-114.2275814,51.0669083],[-114.2276527,51.0669083],[-114.2277196,51.0669081],[-114.2277909,51.0669081],[-114.2281415,51.0669078],[-114.2284292,51.0669074],[-114.2291569,51.0669068],[-114.2291639,51.0669068],[-114.2292437,51.0669067],[-114.2292482,51.0669068],[-114.2293798,51.0669067],[-114.2320335,51.0669041],[-114.2321054,51.0669043],[-114.2338595,51.0668998],[-114.2338633,51.0668999],[-114.2340653,51.0669022],[-114.2340654,51.0668913],[-114.2340654,51.0668898],[-114.2340659,51.0668642],[-114.2340663,51.0668449],[-114.2340651,51.0663447],[-114.2340655,51.0661871],[-114.2314264,51.0661624],[-114.2314452,51.0653731],[-114.2314585,51.0648135],[-114.229468,51.0647924],[-114.2293681,51.0647914],[-114.229298,51.0647931],[-114.2290828,51.064791],[-114.2288793,51.0634439],[-114.2283488,51.0599291],[-114.2283091,51.0596637],[-114.2282172,51.0590635],[-114.2290329,51.0578981],[-114.2302815,51.0578987],[-114.2306491,51.0576659],[-114.2307407,51.0576068],[-114.2307444,51.0562356],[-114.2307445,51.0560551],[-114.230745,51.0560512],[-114.2307453,51.0554643],[-114.2317192,51.0540672],[-114.2317056,51.0535354],[-114.2340677,51.0533531],[-114.2340688,51.0524327],[-114.2340646,51.0514669],[-114.2316069,51.0512714],[-114.2315773,51.0506249],[-114.2315715,51.050499],[-114.2314209,51.0498116],[-114.2312538,51.0490486],[-114.2311092,51.0483887],[-114.2309908,51.0478481],[-114.2307801,51.0468864],[-114.2307809,51.0468853],[-114.231141,51.0464644],[-114.2319999,51.0454587],[-114.2320297,51.0454238],[-114.2320747,51.0453714],[-114.2322249,51.0451969],[-114.2319822,51.0451966],[-114.2311276,51.0451968],[-114.2266389,51.0451915],[-114.2263236,51.0456497],[-114.2262896,51.0456992],[-114.22623,51.0457865],[-114.225966,51.04606],[-114.2258489,51.0461815],[-114.2257361,51.0462986],[-114.2256189,51.0464203],[-114.2255016,51.0465421],[-114.2253843,51.0466638],[-114.225267,51.0467855],[-114.2250174,51.0470446],[-114.2248533,51.047215],[-114.2244098,51.0476753],[-114.2240424,51.0480626],[-114.2225842,51.047505],[-114.2225844,51.047777],[-114.2225845,51.047926],[-114.2225849,51.0485194],[-114.222585,51.0486683],[-114.2225838,51.0487021],[-114.2225851,51.0487986],[-114.2225852,51.0488902],[-114.2225853,51.049016],[-114.2225854,51.0491419],[-114.2225855,51.0492623],[-114.2225856,51.0493881],[-114.2225857,51.0495086],[-114.2225858,51.0496344],[-114.2225859,51.0497548],[-114.222586,51.049895],[-114.2225861,51.0500298],[-114.2225862,51.05017],[-114.2225863,51.0502904],[-114.2225864,51.0504163],[-114.2225865,51.0505367],[-114.2225866,51.0506625],[-114.2225866,51.0507829],[-114.2225867,51.050898],[-114.222587,51.0512807],[-114.2225871,51.0513957],[-114.2225872,51.0515161],[-114.2225873,51.0516312],[-114.2225874,51.0517408],[-114.2225874,51.0519044],[-114.2225876,51.0519048],[-114.2225619,51.0519477],[-114.222542,51.0519755],[-114.22252,51.0520027],[-114.222496,51.0520292],[-114.2224699,51.052055],[-114.2224489,51.0520727],[-114.2224253,51.0520891],[-114.2223992,51.0521039],[-114.2223709,51.052117],[-114.2223456,51.0521266],[-114.2223192,51.0521348],[-114.2222918,51.0521417],[-114.2222636,51.052147],[-114.2221699,51.0521624],[-114.222067,51.0521625],[-114.2218257,51.0521624],[-114.2216517,51.0521623],[-114.2214863,51.0521623],[-114.2213123,51.0521622],[-114.2211469,51.0521622],[-114.2209815,51.0521621],[-114.2208161,51.052162],[-114.2206507,51.052162],[-114.2204767,51.0521619],[-114.2203178,51.0521617],[-114.2202821,51.0521618],[-114.2201966,51.0521618],[-114.2199158,51.0521616],[-114.2196959,51.0520985],[-114.2192193,51.0519523],[-114.2190896,51.0519524],[-114.218482,51.0521611],[-114.2183634,51.0521618],[-114.217991,51.0521615],[-114.21735,51.052161],[-114.217305,51.052161],[-114.2169484,51.0521607],[-114.2167657,51.0521605],[-114.2165829,51.0521604],[-114.2164001,51.0521602],[-114.2162173,51.0521601],[-114.2160259,51.0521599],[-114.2158346,51.0521597],[-114.2156432,51.0521596],[-114.2154519,51.0521594],[-114.2152605,51.0521593],[-114.2150692,51.0521591],[-114.2148833,51.0521584],[-114.2148777,51.052159],[-114.2148398,51.0521584],[-114.2147936,51.0521597],[-114.2144728,51.0521596],[-114.2144736,51.0523404],[-114.214474,51.0524308],[-114.2144739,51.052521],[-114.214475,51.0527497],[-114.2144757,51.0528747],[-114.2155721,51.0529096],[-114.2173556,51.0529665],[-114.2175037,51.0529712],[-114.2181797,51.0529927],[-114.2184026,51.0529998],[-114.2185717,51.0530052],[-114.2190481,51.0532356],[-114.219505,51.0532348],[-114.2200026,51.0531007],[-114.2215408,51.0531782],[-114.2221192,51.0532301],[-114.2225886,51.0533333],[-114.2225875,51.0533805],[-114.2225899,51.0542401],[-114.2225913,51.0544318],[-114.2225927,51.0546236],[-114.2225942,51.0548153],[-114.2225956,51.055007],[-114.2225971,51.0551988],[-114.2225992,51.0554852],[-114.2226015,51.0557875],[-114.2225961,51.0560504],[-114.222596,51.0561467],[-114.222596,51.0562313],[-114.2225972,51.0565002],[-114.2225924,51.0565319],[-114.2225934,51.0572266],[-114.2225941,51.0578554],[-114.2226062,51.0578554],[-114.2229789,51.0578556],[-114.2231358,51.0578556],[-114.2231333,51.0578663],[-114.2231354,51.0580493]]]]},"properties":{":id":"row-636a_hncf.5ayr",":version":"rv-4aww-avzg~8gbg",":created_at":"2026-10-01T19:33:45.132Z",":updated_at":"2026-10-01T19:33:45.132Z","lpid":"610685","planname":"TUC","type_code":"70","type_dscrn":"TUC","stage_code":"1","stage_dscrn":"Registered","created_dt":null,"modified_attribute_dt":"2026-07-14T10:18:36.000Z","modified_geometry_dt":"2026-07-14T10:18:36.000Z"}},
{"type":"Feature","geometry":{"type":"MultiPolygon","coordinates":[[[[-114.1330135,50.9082155],[-114.1330253,50.9081956],[-114.1330519,50.908155],[-114.1330835,50.9081158],[-114.1331197,50.9080782],[-114.1331604,50.9080425],[-114.1335433,50.9077663],[-114.1335839,50.9077415],[-114.1336264,50.907718],[-114.1336707,50.9076959],[-114.1337167,50.9076752],[-114.1337398,50.9076676],[-114.1338053,50.9076529],[-114.1338036,50.9076257],[-114.1337878,50.9073628],[-114.1337843,50.9073045],[-114.133779,50.9072157],[-114.1337738,50.9071618],[-114.1337741,50.9071343],[-114.133772,50.9071319],[-114.1337669,50.9070145],[-114.1337628,50.906948],[-114.1337607,50.9069455],[-114.1337603,50.906938],[-114.1337552,50.9068206],[-114.1337522,50.9067715],[-114.1337506,50.9067443],[-114.1313912,50.9067469],[-114.1287188,50.90675],[-114.1287224,50.909462],[-114.1287287,50.9139787],[-114.1292299,50.9139776],[-114.1330414,50.9139727],[-114.132913,50.9119348],[-114.1328972,50.9116793],[-114.1328123,50.9103356],[-114.1327157,50.9088077],[-114.1330135,50.9082155]]]]},"properties":{":id":"row-tg7c_nyqr~skay",":version":"rv-wycr.aawu~px38",":created_at":"2026-10-01T19:33:45.132Z",":updated_at":"2026-10-01T19:33:45.132Z","lpid":"760686","planname":"TUC","type_code":"70","type_dscrn":"TUC","stage_code":"1","stage_dscrn":"Registered","created_dt":"2017-04-17T14:48:41.000Z","modified_attribute_dt":"2026-07-14T09:13:27.000Z","modified_geometry_dt":"2026-07-14T09:13:27.000Z"}},
{"type":"Feature","geometry":{"type":"MultiPolygon","coordinates":[[[[-114.1345093,50.9172768],[-114.1343776,50.9172769],[-114.1343423,50.9172766],[-114.1339843,50.9172768],[-114.1332199,50.9167951],[-114.1331756,50.9160939],[-114.1330414,50.9139727],[-114.1292299,50.9139776],[-114.1293118,50.9142076],[-114.1293961,50.9144372],[-114.1294826,50.9146665],[-114.1295714,50.9148955],[-114.1296624,50.9151241],[-114.1297558,50.9153523],[-114.1298515,50.9155802],[-114.1299494,50.9158077],[-114.1300496,50.9160347],[-114.1301521,50.9162614],[-114.1302568,50.9164876],[-114.1303638,50.9167135],[-114.1304731,50.9169389],[-114.1305846,50.9171638],[-114.1306983,50.9173884],[-114.1308143,50.9176124],[-114.1310039,50.9179687],[-114.1311991,50.9183238],[-114.1313545,50.9185768],[-114.1315139,50.9188288],[-114.1316775,50.9190798],[-114.1318451,50.9193297],[-114.1319583,50.919283],[-114.13207,50.9192349],[-114.1321803,50.9191855],[-114.132289,50.9191348],[-114.1323963,50.9190828],[-114.1325019,50.9190296],[-114.1326059,50.918975],[-114.1327082,50.9189193],[-114.1328089,50.9188623],[-114.1329078,50.9188041],[-114.1330049,50.9187448],[-114.1331002,50.9186843],[-114.1331937,50.9186226],[-114.1332853,50.9185599],[-114.133375,50.9184961],[-114.1334628,50.9184312],[-114.1335593,50.9183584],[-114.1336973,50.9182869],[-114.1337579,50.9182541],[-114.1338165,50.9182199],[-114.1338728,50.9181842],[-114.1339268,50.9181471],[-114.1339784,50.9181087],[-114.1340275,50.918069],[-114.1340741,50.9180281],[-114.134118,50.917986],[-114.1341592,50.9179429],[-114.1341977,50.9178988],[-114.1342333,50.9178537],[-114.1342661,50.9178078],[-114.1342959,50.9177611],[-114.1343227,50.9177137],[-114.1343465,50.9176656],[-114.1343672,50.917617],[-114.1344339,50.9174573],[-114.1344901,50.9173222],[-114.1345093,50.9172768]]]]},"properties":{":id":"row-73th.qxdx_rdgm",":version":"rv-pb5m~uzgd.gu4r",":created_at":"2026-10-01T19:33:45.132Z",":updated_at":"2026-10-01T19:33:45.132Z","lpid":"760689","planname":"TUC","type_code":"70","type_dscrn":"TUC","stage_code":"1","stage_dscrn":"Registered","created_dt":"2017-04-17T14:49:52.000Z","modified_attribute_dt":"2026-07-14T09:13:27.000Z","modified_geometry_dt":"2026-07-14T09:13:27.000Z"}},
{"type":"Feature","geometry":{"type":"MultiPolygon","coordinates":[[[[-114.1344623,50.9212462],[-114.1353295,50.9212452],[-114.1353285,50.9197134],[-114.1353285,50.9195703],[-114.1353284,50.9195359],[-114.1353283,50.9193325],[-114.1353282,50.9191492],[-114.135328,50.9188303],[-114.135328,50.9187854],[-114.1353275,50.9180405],[-114.1353274,50.9179242],[-114.1353505,50.9178851],[-114.1354444,50.9177258],[-114.1354782,50.9176668],[-114.13551,50.9176073],[-114.13554,50.9175475],[-114.135568,50.9174873],[-114.1355819,50.9174559],[-114.1356095,50.9173886],[-114.1356346,50.917321],[-114.13565,50.9172752],[-114.1356241,50.9172752],[-114.1347214,50.9172765],[-114.1346928,50.9172766],[-114.1345093,50.9172768],[-114.1344901,50.9173222],[-114.1344339,50.9174573],[-114.1343672,50.917617],[-114.1343465,50.9176656],[-114.1343227,50.9177137],[-114.1342959,50.9177611],[-114.1342661,50.9178078],[-114.1342333,50.9178537],[-114.1341977,50.9178988],[-114.1341592,50.9179429],[-114.134118,50.917986],[-114.1340741,50.9180281],[-114.1340275,50.918069],[-114.1339784,50.9181087],[-114.1339268,50.9181471],[-114.1338728,50.9181842],[-114.1338165,50.9182199],[-114.1337579,50.9182541],[-114.1336973,50.9182869],[-114.1335593,50.9183584],[-114.1334628,50.9184312],[-114.133375,50.9184961],[-114.1332853,50.9185599],[-114.1331937,50.9186226],[-114.1331002,50.9186843],[-114.1330049,50.9187448],[-114.1329078,50.9188041],[-114.1328089,50.9188623],[-114.1327082,50.9189193],[-114.1326059,50.918975],[-114.1325019,50.9190296],[-114.1323963,50.9190828],[-114.132289,50.9191348],[-114.1321803,50.9191855],[-114.13207,50.9192349],[-114.1319583,50.919283],[-114.1318451,50.9193297],[-114.1316775,50.9190798],[-114.1315139,50.9188288],[-114.1313545,50.9185768],[-114.1311991,50.9183238],[-114.1310039,50.9179687],[-114.1308143,50.9176124],[-114.1306983,50.9173884],[-114.1305846,50.9171638],[-114.1304731,50.9169389],[-114.1303638,50.9167135],[-114.1302568,50.9164876],[-114.1301521,50.9162614],[-114.1300496,50.9160347],[-114.1299494,50.9158077],[-114.1298515,50.9155802],[-114.1297558,50.9153523],[-114.1296624,50.9151241],[-114.1295714,50.9148955],[-114.1294826,50.9146665],[-114.1293961,50.9144372],[-114.1293118,50.9142076],[-114.1292299,50.9139776],[-114.1287287,50.9139787],[-114.1287315,50.915995],[-114.1287324,50.916657],[-114.1287325,50.9166709],[-114.1287325,50.9167307],[-114.1287328,50.9169605],[-114.1287328,50.9169713],[-114.128733,50.916982],[-114.1287333,50.9172532],[-114.1287335,50.9174185],[-114.1287337,50.9175171],[-114.1287339,50.9176158],[-114.1287339,50.9177143],[-114.1287341,50.9178129],[-114.1287342,50.9179115],[-114.1287343,50.9180101],[-114.1287344,50.9180561],[-114.1287346,50.9181884],[-114.1287346,50.918202],[-114.1287353,50.9186676],[-114.1287382,50.9209194],[-114.1287387,50.9212521],[-114.1344623,50.9212462]]]]},"properties":{":id":"row-m78w-ynch.sf9r",":version":"rv-98xy~cign_jsfu",":created_at":"2026-10-01T19:33:45.132Z",":updated_at":"2026-10-01T19:33:45.132Z","lpid":"760691","planname":"TUC","type_code":"70","type_dscrn":"TUC","stage_code":"1","stage_dscrn":"Registered","created_dt":"2017-04-17T14:50:46.000Z","modified_attribute_dt":"2026-07-14T09:02:48.000Z","modified_geometry_dt":"2026-07-14T09:02:48.000Z"}},
{"type":"Feature","geometry":{"type":"MultiPolygon","coordinates":[[[[-113.9063491,50.907392],[-113.9063477,50.9075455],[-113.9063479,50.9076358],[-113.9063481,50.9077337],[-113.9063499,50.9077649],[-113.9063559,50.9103928],[-113.9063565,50.9106444],[-113.9063632,50.912717],[-113.9063644,50.9141005],[-113.9063658,50.9141148],[-113.9076599,50.9141113],[-113.9128333,50.9141072],[-113.9150505,50.9141064],[-113.9158496,50.9141061],[-113.9160894,50.9139411],[-113.9161547,50.913896],[-113.9162015,50.9138637],[-113.9162483,50.9138313],[-113.9162951,50.913799],[-113.9163418,50.9137666],[-113.9163886,50.9137343],[-113.9164413,50.9136979],[-113.9165198,50.9136436],[-113.9165966,50.9135906],[-113.9166492,50.9135542],[-113.916696,50.9135218],[-113.9167428,50.9134895],[-113.9167896,50.9134571],[-113.9168422,50.9134208],[-113.9170018,50.9133105],[-113.9172052,50.9133119],[-113.9172745,50.9133124],[-113.9173438,50.9133128],[-113.9174132,50.9133133],[-113.9174825,50.9133138],[-113.9175518,50.9133143],[-113.9176298,50.9133148],[-113.9176458,50.9133149],[-113.9177251,50.9133153],[-113.9178668,50.9133159],[-113.9181839,50.9133132],[-113.9186205,50.9133173],[-113.9193127,50.9133223],[-113.9197323,50.913325],[-113.9208957,50.9133308],[-113.9209868,50.9132395],[-113.9217922,50.9124329],[-113.9218227,50.9124023],[-113.9219071,50.9123178],[-113.9219811,50.9122437],[-113.9220551,50.9121696],[-113.9221245,50.9121001],[-113.9221985,50.912026],[-113.9222679,50.9119564],[-113.9223419,50.9118823],[-113.9224114,50.9118127],[-113.9224854,50.9117386],[-113.9225594,50.9116644],[-113.9226335,50.9115902],[-113.9227123,50.9115113],[-113.9227864,50.9114371],[-113.9228604,50.9113629],[-113.9229393,50.911284],[-113.9230133,50.9112098],[-113.9230874,50.9111356],[-113.9231614,50.9110614],[-113.9232403,50.9109825],[-113.9233143,50.9109083],[-113.9233884,50.9108341],[-113.9234672,50.9107552],[-113.9235413,50.910681],[-113.9236153,50.9106068],[-113.9236894,50.9105326],[-113.9237527,50.9104692],[-113.9256747,50.908544],[-113.9270706,50.9084612],[-113.9273407,50.9084452],[-113.9275694,50.9084317],[-113.9277336,50.9084219],[-113.9278978,50.9084122],[-113.9280619,50.9084025],[-113.9282261,50.9083928],[-113.9283903,50.908383],[-113.928616,50.9083696],[-113.9290098,50.9083463],[-113.929071,50.9083434],[-113.9290699,50.9075898],[-113.9290647,50.9068502],[-113.929067,50.9066284],[-113.929064,50.9055299],[-113.9290638,50.9054404],[-113.9290633,50.9052841],[-113.9290603,50.9047745],[-113.9287292,50.9048029],[-113.9285289,50.90482],[-113.9281584,50.9048515],[-113.9279651,50.904868],[-113.9278194,50.9048804],[-113.9276651,50.9048936],[-113.9275194,50.904906],[-113.9273652,50.9049191],[-113.9272195,50.9049315],[-113.9270652,50.9049447],[-113.9269144,50.9049575],[-113.9267522,50.9049713],[-113.9265989,50.9049844],[-113.9264362,50.9049983],[-113.926282,50.9050114],[-113.9261181,50.9050254],[-113.9259628,50.9050386],[-113.9257991,50.9050524],[-113.9256688,50.9050634],[-113.9256431,50.9050656],[-113.925018,50.9051176],[-113.9249725,50.9051214],[-113.9249469,50.9051234],[-113.924833,50.9051324],[-113.9223685,50.9053478],[-113.9211923,50.9054485],[-113.9211864,50.905449],[-113.9210665,50.9054592],[-113.9210596,50.9054598],[-113.9197092,50.9055753],[-113.917849,50.9053081],[-113.917632,50.9052768],[-113.9147458,50.9048588],[-113.9145192,50.9048059],[-113.9144125,50.9047811],[-113.9140681,50.9047009],[-113.9140345,50.9046931],[-113.9140231,50.9046904],[-113.9132633,50.9045133],[-113.9132516,50.9045106],[-113.9132388,50.9045076],[-113.9132172,50.9045026],[-113.9128587,50.9044191],[-113.912752,50.9043942],[-113.9127058,50.9043835],[-113.9125252,50.9043236],[-113.912348,50.9042598],[-113.9121743,50.9041921],[-113.9120045,50.9041208],[-113.9118387,50.9040458],[-113.9116771,50.9039672],[-113.9115198,50.9038852],[-113.9113672,50.9037998],[-113.9112193,50.9037111],[-113.9110764,50.9036193],[-113.9109385,50.9035244],[-113.910806,50.9034265],[-113.9106788,50.9033259],[-113.9105573,50.9032225],[-113.9104415,50.9031165],[-113.9103315,50.9030081],[-113.9102275,50.9028974],[-113.9101297,50.9027845],[-113.9100381,50.9026695],[-113.9099528,50.9025525],[-113.909874,50.9024338],[-113.9098017,50.9023135],[-113.9097361,50.9021916],[-113.9096771,50.9020684],[-113.909625,50.901944],[-113.9095796,50.9018185],[-113.9095412,50.9016921],[-113.9095097,50.901565],[-113.9094852,50.9014372],[-113.9094676,50.901309],[-113.9094571,50.9011805],[-113.9094537,50.9010518],[-113.9094538,50.899846],[-113.9094538,50.8997651],[-113.9094539,50.8996365],[-113.9092059,50.8996368],[-113.9091617,50.8996368],[-113.9090279,50.8996369],[-113.907292,50.8996381],[-113.9068753,50.8996392],[-113.9067817,50.8996394],[-113.9065194,50.8996397],[-113.9063337,50.8996399],[-113.9063327,50.900455],[-113.906333,50.9007249],[-113.9063354,50.9028738],[-113.9063373,50.9044994],[-113.9063374,50.9045924],[-113.9063399,50.9067743],[-113.9063503,50.9068639],[-113.9063491,50.907392]]]]},"properties":{":id":"row-4t6a-dvew~jhny",":version":"rv-dzkp_t7kh_psiz",":created_at":"2026-10-01T19:33:45.132Z",":updated_at":"2026-10-01T19:33:45.132Z","lpid":"700228","planname":"TUC","type_code":"70","type_dscrn":"TUC","stage_code":"1","stage_dscrn":"Registered","created_dt":null,"modified_attribute_dt":"2026-07-15T16:21:34.000Z","modified_geometry_dt":"2026-07-15T16:21:34.000Z"}},
{"type":"Feature","geometry":{"type":"MultiPolygon","coordinates":[[[[-114.2225757,51.0236119],[-114.2225753,51.023331],[-114.2225752,51.0232826],[-114.222575,51.022812],[-114.2226838,51.0228385],[-114.2227934,51.0228639],[-114.2229318,51.022894],[-114.2231342,51.0229573],[-114.2239521,51.023213],[-114.2240546,51.0232443],[-114.2241581,51.0232743],[-114.2242625,51.0233031],[-114.2243677,51.0233306],[-114.2243729,51.0233318],[-114.2245735,51.0233319],[-114.224682,51.0233318],[-114.2251038,51.0233312],[-114.2266122,51.0233309],[-114.2324627,51.0233296],[-114.2325433,51.0235407],[-114.2328536,51.0235406],[-114.2320213,51.0249754],[-114.2338843,51.0249749],[-114.234032,51.0249749],[-114.2340307,51.0233292],[-114.2340348,51.0225306],[-114.2340508,51.0193445],[-114.2340518,51.0191361],[-114.2340532,51.0188582],[-114.2340535,51.0187863],[-114.2340539,51.0187101],[-114.2340544,51.018612],[-114.2340045,51.0186257],[-114.2331598,51.0188568],[-114.2326729,51.01899],[-114.232633,51.0190009],[-114.2326313,51.0190014],[-114.2325014,51.0190201],[-114.2323015,51.0190485],[-114.2321064,51.0190764],[-114.2319112,51.0191044],[-114.231716,51.0191323],[-114.2315208,51.0191602],[-114.2313256,51.0191882],[-114.2311305,51.0192161],[-114.2309353,51.019244],[-114.2307401,51.019272],[-114.2305449,51.0192999],[-114.2303497,51.0193278],[-114.2302234,51.0193461],[-114.2301546,51.0193558],[-114.2299594,51.0193837],[-114.2297642,51.0194116],[-114.229542,51.0194434],[-114.2293214,51.019475],[-114.2290969,51.0195071],[-114.2288831,51.0195377],[-114.2288659,51.0195402],[-114.2288486,51.0195427],[-114.2284752,51.0195961],[-114.2279496,51.0196713],[-114.2276423,51.0197153],[-114.2276256,51.0197176],[-114.2276027,51.0197209],[-114.2272914,51.0197655],[-114.2269202,51.0198186],[-114.2268993,51.0198216],[-114.2268576,51.0198275],[-114.2268159,51.0198335],[-114.2267951,51.0198365],[-114.2263813,51.0198957],[-114.2261975,51.019922],[-114.2261684,51.0199262],[-114.2251982,51.020065],[-114.2250112,51.0200918],[-114.2243093,51.0201922],[-114.2242607,51.0201991],[-114.224087,51.020224],[-114.2239619,51.0202419],[-114.2238855,51.0202528],[-114.2236218,51.0202905],[-114.2234092,51.020321],[-114.2231965,51.0203514],[-114.2229768,51.0203828],[-114.2227443,51.0204161],[-114.2225794,51.0204397],[-114.2225063,51.0204324],[-114.2222692,51.020409],[-114.2220409,51.0203865],[-114.2218344,51.0203661],[-114.2216366,51.0203466],[-114.2214388,51.020327],[-114.221241,51.0203075],[-114.2210432,51.020288],[-114.2208539,51.0202693],[-114.2206646,51.0202506],[-114.2204752,51.0202319],[-114.2202774,51.0202124],[-114.2201823,51.020203],[-114.220182,51.0202029],[-114.2200796,51.0201928],[-114.2198818,51.0201733],[-114.2196753,51.0201529],[-114.2194688,51.0201325],[-114.2192623,51.0201121],[-114.2190645,51.0200926],[-114.2188667,51.020073],[-114.2186964,51.0200562],[-114.2186689,51.0200535],[-114.2184797,51.0200348],[-114.2184637,51.0200332],[-114.2182905,51.0200161],[-114.2181013,51.0199974],[-114.2178948,51.019977],[-114.2176883,51.0199567],[-114.2174818,51.0199363],[-114.2173178,51.0199201],[-114.2172756,51.0199159],[-114.2172333,51.0199117],[-114.2172052,51.0199089],[-114.2170693,51.0198955],[-114.2168717,51.019876],[-114.2166825,51.0198573],[-114.2164933,51.0198386],[-114.2162867,51.0198182],[-114.2160802,51.0197978],[-114.2158737,51.0197774],[-114.2156672,51.019757],[-114.2154614,51.0197367],[-114.215242,51.019715],[-114.2150303,51.0196941],[-114.2148133,51.0196725],[-114.2146234,51.0196112],[-114.2144347,51.0195469],[-114.2143535,51.0195183],[-114.214249,51.019481],[-114.2140472,51.0194088],[-114.2138662,51.0193441],[-114.213684,51.0192789],[-114.2135098,51.0192167],[-114.2133357,51.0191544],[-114.2131615,51.0190921],[-114.2129948,51.0190325],[-114.2128281,51.0189729],[-114.2126613,51.0189133],[-114.2124946,51.0188537],[-114.2123279,51.0187941],[-114.2121612,51.0187344],[-114.2119945,51.0186748],[-114.2118277,51.0186152],[-114.211661,51.0185556],[-114.211554,51.0185172],[-114.2115167,51.0185039],[-114.2115043,51.0184995],[-114.2114546,51.0184818],[-114.2113927,51.0184596],[-114.2112483,51.018408],[-114.2111101,51.0183585],[-114.2110816,51.0183484],[-114.2109149,51.0182888],[-114.2108146,51.0182531],[-114.2107407,51.0182265],[-114.2105665,51.0181642],[-114.2103924,51.0181019],[-114.2102182,51.0180396],[-114.2100441,51.0179774],[-114.2098699,51.0179151],[-114.2096877,51.0178499],[-114.2095055,51.0177848],[-114.2094186,51.0177537],[-114.2093233,51.0177196],[-114.2091488,51.0176572],[-114.2089747,51.0175949],[-114.2088005,51.0175327],[-114.208486,51.0174202],[-114.2081212,51.0172897],[-114.2072701,51.0169854],[-114.2071531,51.0169435],[-114.2070676,51.0169129],[-114.206138,51.0165807],[-114.2057431,51.0164394],[-114.2056994,51.0164238],[-114.2056746,51.0164149],[-114.2054962,51.0163511],[-114.2051561,51.0162294],[-114.2049862,51.0161686],[-114.2048401,51.0161163],[-114.2047767,51.0160936],[-114.2046937,51.016064],[-114.2045475,51.0160117],[-114.2044011,51.0159593],[-114.2042552,51.015907],[-114.2041086,51.0158546],[-114.2039624,51.0158023],[-114.2038163,51.01575],[-114.2036702,51.0156978],[-114.203524,51.0156454],[-114.2033774,51.0155929],[-114.2032299,51.0155402],[-114.2030922,51.0154909],[-114.2030736,51.0154842],[-114.2030364,51.0154708],[-114.2029993,51.0154575],[-114.2029807,51.0154508],[-114.202833,51.0153979],[-114.2026667,51.0153386],[-114.2025004,51.0152791],[-114.2023341,51.0152196],[-114.2021678,51.0151601],[-114.2020015,51.0151006],[-114.2018309,51.0150395],[-114.2017784,51.0150208],[-114.2016495,51.0149728],[-114.2015586,51.0149366],[-114.2014692,51.0148991],[-114.2013984,51.0148678],[-114.2013011,51.014824],[-114.2011387,51.0147507],[-114.2009762,51.0146774],[-114.2007899,51.0145933],[-114.2005959,51.0145058],[-114.2003891,51.0144125],[-114.2001413,51.0143007],[-114.2001153,51.014289],[-114.2000792,51.0142727],[-114.199999,51.0142366],[-114.1996897,51.014097],[-114.1995271,51.0140237],[-114.1993638,51.0139502],[-114.1993282,51.0139336],[-114.1992613,51.0138992],[-114.1991979,51.0138624],[-114.1991539,51.0138341],[-114.199112,51.0138046],[-114.1990722,51.0137739],[-114.1990346,51.0137423],[-114.1989994,51.0137097],[-114.1989664,51.0136762],[-114.1989359,51.0136419],[-114.1989078,51.0136067],[-114.1988822,51.013571],[-114.1988591,51.0135345],[-114.1988386,51.0134975],[-114.1988206,51.0134599],[-114.1988053,51.013422],[-114.1987926,51.0133836],[-114.1987826,51.0133449],[-114.1987752,51.013306],[-114.1987706,51.0132669],[-114.1987686,51.0132277],[-114.1987694,51.0131885],[-114.1987729,51.0131493],[-114.1987791,51.0131101],[-114.198788,51.0130712],[-114.1987997,51.0130325],[-114.198814,51.0129942],[-114.198831,51.0129561],[-114.1988507,51.0129185],[-114.198873,51.0128815],[-114.1988979,51.0128452],[-114.1989255,51.0128093],[-114.1989555,51.0127742],[-114.1989881,51.01274],[-114.199023,51.0127067],[-114.1990605,51.0126742],[-114.1991003,51.0126427],[-114.1991423,51.0126124],[-114.1991864,51.0125833],[-114.1992318,51.0125557],[-114.1992791,51.0125295],[-114.1992351,51.0124797],[-114.1991881,51.0124311],[-114.199138,51.0123838],[-114.199085,51.0123377],[-114.1990402,51.0123014],[-114.1989935,51.0122661],[-114.198945,51.0122318],[-114.1988949,51.0121984],[-114.198843,51.0121661],[-114.1987896,51.0121348],[-114.1987345,51.0121046],[-114.198678,51.0120756],[-114.1985958,51.0120366],[-114.1985386,51.0120115],[-114.1984802,51.0119875],[-114.1984206,51.0119646],[-114.19836,51.011943],[-114.1982983,51.0119225],[-114.1982357,51.0119032],[-114.1981721,51.0118851],[-114.1981077,51.0118682],[-114.1980778,51.0118607],[-114.1980227,51.011847],[-114.1979009,51.0118813],[-114.1978346,51.0118991],[-114.1976845,51.0119371],[-114.1975328,51.0119724],[-114.1973795,51.012005],[-114.1972248,51.0120349],[-114.1970558,51.012064],[-114.1968854,51.0120899],[-114.1967139,51.0121125],[-114.1965413,51.0121317],[-114.1964706,51.0121387],[-114.1963356,51.0121502],[-114.1962295,51.0121579],[-114.1961234,51.0121642],[-114.1959953,51.0121702],[-114.1958671,51.0121744],[-114.1957608,51.0121765],[-114.1956544,51.0121773],[-114.195526,51.0121767],[-114.1953975,51.0121742],[-114.195291,51.0121707],[-114.1951843,51.012166],[-114.1950427,51.0121577],[-114.1949715,51.0121527],[-114.194834,51.0121415],[-114.194697,51.0121281],[-114.1945606,51.0121126],[-114.1944248,51.0120951],[-114.1942995,51.012077],[-114.194279,51.0120738],[-114.1941575,51.0120541],[-114.194134,51.0120501],[-114.1940313,51.0120317],[-114.1939291,51.0120122],[-114.1938275,51.0119914],[-114.1937266,51.0119694],[-114.1937003,51.0119635],[-114.1936832,51.0119596],[-114.1936658,51.0119555],[-114.1936596,51.011954],[-114.1936549,51.0119529],[-114.1936134,51.0119432],[-114.1935991,51.0119399],[-114.1935696,51.0119327],[-114.1935659,51.0119319],[-114.1934178,51.0118939],[-114.1932715,51.0118533],[-114.1930005,51.0117754],[-114.1928665,51.0117369],[-114.1927326,51.0116983],[-114.1924542,51.0116183],[-114.1922878,51.0115704],[-114.1920383,51.0114986],[-114.1918765,51.0114521],[-114.1918441,51.0114427],[-114.1917571,51.0114166],[-114.1916711,51.0113893],[-114.1912591,51.0112556],[-114.1907375,51.0110863],[-114.190528,51.0110181],[-114.1904509,51.010993],[-114.1880749,51.0102192],[-114.1878726,51.0101533],[-114.1878736,51.010193],[-114.1878736,51.0102436],[-114.1878722,51.0103061],[-114.1878721,51.010964],[-114.1878719,51.0118036],[-114.1878719,51.0120162],[-114.1878718,51.0122718],[-114.187872,51.0123048],[-114.1878702,51.0124545],[-114.1879911,51.0125392],[-114.1883057,51.0127598],[-114.1885397,51.0129238],[-114.188817,51.0131182],[-114.1890808,51.0133031],[-114.1891915,51.0133807],[-114.1893022,51.0134583],[-114.1894093,51.0135333],[-114.1894363,51.0135527],[-114.1895226,51.0136132],[-114.1896332,51.0136908],[-114.1897439,51.0137683],[-114.1898546,51.0138459],[-114.1899575,51.013918],[-114.1899652,51.0139234],[-114.1899832,51.013936],[-114.1900901,51.0140109],[-114.1901332,51.0140411],[-114.1902439,51.0141187],[-114.1902729,51.014139],[-114.1903545,51.0141962],[-114.190359,51.0141993],[-114.1904652,51.0142738],[-114.1905759,51.0143513],[-114.1906866,51.0144288],[-114.1907972,51.0145064],[-114.1909079,51.014584],[-114.1910185,51.0146615],[-114.191112,51.014727],[-114.1915479,51.0150325],[-114.1925454,51.0157321],[-114.1924809,51.0158417],[-114.1924472,51.0158878],[-114.1923491,51.0160221],[-114.1923152,51.0160682],[-114.1921831,51.016249],[-114.1921628,51.0162768],[-114.1921618,51.0162781],[-114.1921492,51.0162954],[-114.1921348,51.0163151],[-114.1917362,51.0168585],[-114.1914752,51.0171652],[-114.1913756,51.0172821],[-114.1913139,51.0173555],[-114.1912676,51.0174129],[-114.1912256,51.0174606],[-114.1907293,51.0180514],[-114.1907633,51.0180729],[-114.1911379,51.0183104],[-114.191414,51.0180081],[-114.1916131,51.0178622],[-114.1916391,51.0178461],[-114.1916691,51.017833],[-114.1917022,51.0178234],[-114.1917374,51.0178174],[-114.1917738,51.0178153],[-114.1918101,51.0178171],[-114.1918455,51.0178228],[-114.1918788,51.0178322],[-114.1920023,51.0178752],[-114.1922705,51.0179687],[-114.1923908,51.0178668],[-114.192502,51.0177722],[-114.1924921,51.0177687],[-114.1921888,51.0176623],[-114.1922541,51.0175881],[-114.192328,51.0175044],[-114.1923719,51.0174545],[-114.1924005,51.0174276],[-114.1924823,51.0173505],[-114.192561,51.0172762],[-114.1926397,51.017202],[-114.1927184,51.0171278],[-114.1927971,51.0170535],[-114.1928758,51.0169793],[-114.1930067,51.0168569],[-114.1930188,51.0168455],[-114.1930646,51.0168454],[-114.1931473,51.0168454],[-114.1931631,51.0168453],[-114.1932324,51.0168451],[-114.1932556,51.0168446],[-114.1933647,51.0168449],[-114.1935816,51.0168448],[-114.1935954,51.0168447],[-114.1936136,51.0168445],[-114.1952559,51.0168441],[-114.195265,51.0168438],[-114.1953977,51.0168429],[-114.1954099,51.0168435],[-114.1954184,51.0168435],[-114.1954414,51.0168435],[-114.1955065,51.0168434],[-114.19553,51.0168428],[-114.1957335,51.0168433],[-114.1958924,51.0168432],[-114.1960486,51.016843],[-114.1962048,51.0168429],[-114.196361,51.0168428],[-114.1965173,51.0168427],[-114.1966733,51.016843],[-114.1968296,51.0168429],[-114.1969859,51.0168429],[-114.1971423,51.0168428],[-114.1972986,51.0168427],[-114.1974549,51.0168427],[-114.1976113,51.0168426],[-114.1977676,51.0168425],[-114.1979239,51.0168425],[-114.1980803,51.0168424],[-114.1982366,51.0168423],[-114.1984954,51.0168422],[-114.1985809,51.0168422],[-114.1986166,51.0168418],[-114.198627,51.0168417],[-114.1986365,51.0168418],[-114.1986584,51.0168488],[-114.1988524,51.0169109],[-114.1989643,51.0169461],[-114.1989881,51.0169537],[-114.1990105,51.0169615],[-114.1990793,51.016983],[-114.1991014,51.0169909],[-114.1991441,51.0170048],[-114.1991517,51.0170072],[-114.1991591,51.0170095],[-114.1991626,51.0170107],[-114.1991731,51.0170142],[-114.1992011,51.0170222],[-114.1992331,51.0170324],[-114.1992609,51.0170412],[-114.1993055,51.0170552],[-114.1993313,51.0170633],[-114.1993589,51.017072],[-114.1993837,51.0170799],[-114.1996387,51.017162],[-114.1998069,51.0172161],[-114.199964,51.0172663],[-114.200103,51.0173114],[-114.20025,51.0173586],[-114.2003894,51.0174031],[-114.2005361,51.0174506],[-114.200683,51.0174979],[-114.2009278,51.0175763],[-114.201038,51.017612],[-114.20126,51.0176833],[-114.2014822,51.0177549],[-114.2015515,51.0177773],[-114.2018136,51.0178616],[-114.202091,51.0179508],[-114.2021438,51.0179676],[-114.2023659,51.018039],[-114.2025489,51.0180981],[-114.2025881,51.0181104],[-114.2025916,51.0181118],[-114.2026346,51.0181254],[-114.2026773,51.0181392],[-114.2028862,51.0182067],[-114.2028944,51.0182086],[-114.2030094,51.0182493],[-114.2030151,51.0182513],[-114.2032704,51.0183406],[-114.2033188,51.0183574],[-114.2033324,51.0183623],[-114.2034897,51.0184168],[-114.2035047,51.018422],[-114.2036822,51.0184836],[-114.2039364,51.0185724],[-114.2041718,51.0186546],[-114.2044346,51.0187464],[-114.2046024,51.0188053],[-114.2046173,51.0188106],[-114.204632,51.0188157],[-114.2047553,51.0188587],[-114.2048921,51.0189065],[-114.2050365,51.018957],[-114.2051732,51.0190049],[-114.2053174,51.0190553],[-114.2054541,51.0191032],[-114.2055983,51.0191537],[-114.205735,51.0192015],[-114.205879,51.0192519],[-114.2060157,51.0192998],[-114.2061599,51.0193503],[-114.2062966,51.019398],[-114.2064407,51.0194484],[-114.2065767,51.0194957],[-114.2066641,51.0195258],[-114.2066615,51.0195365],[-114.2066016,51.0197845],[-114.2066004,51.0197894],[-114.2065927,51.0198215],[-114.2067698,51.0199097],[-114.2067927,51.0199143],[-114.2068146,51.0199208],[-114.2068349,51.0199289],[-114.2068534,51.0199387],[-114.2068696,51.0199499],[-114.2068835,51.0199624],[-114.2068946,51.0199759],[-114.2069028,51.0199901],[-114.2074468,51.0202401],[-114.207481,51.0202553],[-114.2075386,51.020281],[-114.2075976,51.0203055],[-114.2076722,51.0203332],[-114.2077115,51.0203117],[-114.2081538,51.020058],[-114.208465,51.0201666],[-114.208478,51.0201711],[-114.2085568,51.0201986],[-114.2086418,51.0202283],[-114.208742,51.0202633],[-114.2088913,51.0203155],[-114.2090187,51.0203599],[-114.2090936,51.0203861],[-114.2108298,51.0209924],[-114.2108304,51.0209939],[-114.2110629,51.0210746],[-114.2111168,51.0210935],[-114.2111511,51.0211065],[-114.2115262,51.0212486],[-114.2118312,51.0213642],[-114.2120646,51.0214526],[-114.2120894,51.0214621],[-114.2123198,51.0215494],[-114.2126232,51.0216643],[-114.2128064,51.0217328],[-114.2130024,51.0218044],[-114.2130366,51.0218167],[-114.2131559,51.0218593],[-114.2134559,51.0219635],[-114.21368,51.0220342],[-114.2139055,51.0221033],[-114.2141527,51.0221839],[-114.2144015,51.0222626],[-114.2146519,51.0223391],[-114.2149039,51.0224136],[-114.2149906,51.0224381],[-114.2152526,51.0225098],[-114.2155161,51.0225793],[-114.2157811,51.0226466],[-114.2160475,51.0227116],[-114.2163153,51.0227744],[-114.2165844,51.0228349],[-114.2168547,51.0228932],[-114.2171263,51.0229491],[-114.2174534,51.0230128],[-114.2177822,51.0230732],[-114.2181125,51.0231303],[-114.2184442,51.023184],[-114.2187007,51.0232238],[-114.2189579,51.0232617],[-114.219216,51.0232976],[-114.2194746,51.0233314],[-114.2194854,51.0233327],[-114.219708,51.0233326],[-114.2197234,51.0233326],[-114.2201644,51.0233757],[-114.2225757,51.0236119]]]]},"properties":{":id":"row-k8nk~ebsd~687q",":version":"rv-vgr5-d4u3.unm2",":created_at":"2026-10-01T19:33:45.132Z",":updated_at":"2026-10-01T19:33:45.132Z","lpid":"591848","planname":"TUC","type_code":"70","type_dscrn":"TUC","stage_code":"1","stage_dscrn":"Registered","created_dt":null,"modified_attribute_dt":"2026-07-15T10:31:09.000Z","modified_geometry_dt":"2026-07-15T10:31:09.000Z"}},
{"type":"Feature","geometry":{"type":"MultiPolygon","coordinates":[[[[-113.904014,50.9127193],[-113.9057912,50.9127176],[-113.9059337,50.9127175],[-113.9062175,50.912714],[-113.9063632,50.912717],[-113.9063565,50.9106444],[-113.9063559,50.9103928],[-113.9063499,50.9077649],[-113.9063481,50.9077337],[-113.9063491,50.907392],[-113.9063503,50.9068639],[-113.9063399,50.9067743],[-113.9063373,50.9044994],[-113.9063354,50.9028738],[-113.906333,50.9007249],[-113.9063327,50.900455],[-113.9063337,50.8996399],[-113.9061902,50.8996394],[-113.9060939,50.8996396],[-113.905905,50.89964],[-113.905762,50.8996403],[-113.9057658,50.9014725],[-113.9057687,50.9028731],[-113.9057722,50.9045276],[-113.9057728,50.9048507],[-113.9057744,50.9054646],[-113.9049776,50.9059858],[-113.9028463,50.9060244],[-113.9001466,50.9060731],[-113.8951414,50.9061633],[-113.8944913,50.906175],[-113.8944937,50.9068041],[-113.894494,50.9068152],[-113.894494,50.9068803],[-113.8944959,50.9074177],[-113.8944958,50.9074287],[-113.8944966,50.9076598],[-113.8944969,50.9077362],[-113.894497,50.9077625],[-113.8944979,50.9080048],[-113.8945019,50.9091262],[-113.8951501,50.9091279],[-113.8993438,50.9091319],[-113.8998799,50.9091324],[-113.9022428,50.9091346],[-113.9023072,50.9091355],[-113.9023715,50.9091379],[-113.9024804,50.9091449],[-113.9025883,50.909156],[-113.902695,50.9091714],[-113.9028,50.9091908],[-113.9029028,50.9092144],[-113.9030032,50.9092418],[-113.9031007,50.9092731],[-113.903195,50.9093082],[-113.9032723,50.9093412],[-113.9033468,50.9093768],[-113.9033546,50.9093803],[-113.9034366,50.9094245],[-113.9035142,50.9094718],[-113.9035872,50.9095219],[-113.9036552,50.9095747],[-113.9037181,50.90963],[-113.9037755,50.9096877],[-113.9038272,50.9097474],[-113.9038732,50.9098089],[-113.9039073,50.9098625],[-113.903937,50.9099172],[-113.9039622,50.9099727],[-113.9039829,50.9100289],[-113.903999,50.9100858],[-113.9040105,50.9101431],[-113.9040172,50.9102007],[-113.9040193,50.9102584],[-113.9040185,50.910644],[-113.904014,50.9127193]]]]},"properties":{":id":"row-xfqi-jvh8~p93x",":version":"rv-f3ns-tw7g_pg7m",":created_at":"2026-10-01T19:33:45.132Z",":updated_at":"2026-10-01T19:33:45.132Z","lpid":"740476","planname":"TUC","type_code":"70","type_dscrn":"TUC","stage_code":"1","stage_dscrn":"Registered","created_dt":null,"modified_attribute_dt":"2026-07-16T10:58:19.000Z","modified_geometry_dt":"2026-07-16T10:58:19.000Z"}},
{"type":"Feature","geometry":{"type":"MultiPolygon","coordinates":[[[[-113.9120172,51.1553417],[-113.9143597,51.1553394],[-113.9143612,51.1558971],[-113.9185164,51.157901],[-113.9185415,51.1598264],[-113.9184943,51.1600567],[-113.918443,51.1602866],[-113.9183876,51.1605162],[-113.9183282,51.1607454],[-113.9182648,51.1609741],[-113.9181973,51.1612024],[-113.9181257,51.1614302],[-113.9180501,51.1616575],[-113.9179831,51.1618472],[-113.9179132,51.1620364],[-113.9178406,51.1622252],[-113.9177651,51.1624136],[-113.9176559,51.1626782],[-113.9175412,51.1629419],[-113.9174209,51.1632047],[-113.9172953,51.1634664],[-113.9171523,51.1637475],[-113.917003,51.1640272],[-113.9168474,51.1643057],[-113.9166855,51.1645827],[-113.9165175,51.1648582],[-113.9163432,51.1651322],[-113.9161628,51.1654047],[-113.9159763,51.1656755],[-113.9153206,51.1666689],[-113.9145953,51.1677677],[-113.9145059,51.1678997],[-113.9144128,51.1680308],[-113.9143158,51.1681607],[-113.9142151,51.1682895],[-113.9141107,51.1684171],[-113.9140027,51.1685436],[-113.913891,51.1686688],[-113.9137758,51.1687927],[-113.9137537,51.168816],[-113.9136742,51.1688999],[-113.9141289,51.1688997],[-113.9180442,51.1689016],[-113.9184926,51.1689022],[-113.9192768,51.1689027],[-113.9191652,51.1688206],[-113.9195562,51.1678314],[-113.9197042,51.1676326],[-113.9198493,51.1674328],[-113.9200155,51.1672015],[-113.9201198,51.1670525],[-113.9202225,51.1669031],[-113.9203236,51.1667532],[-113.9204229,51.1666028],[-113.9205206,51.1664521],[-113.9206165,51.1663009],[-113.9207108,51.1661493],[-113.9208034,51.1659972],[-113.9208943,51.1658448],[-113.9209834,51.165692],[-113.9210708,51.1655387],[-113.9211566,51.1653851],[-113.9212406,51.1652312],[-113.9213228,51.1650768],[-113.9214034,51.1649221],[-113.9214822,51.1647671],[-113.9215063,51.1647189],[-113.9216012,51.1645255],[-113.9216713,51.1643785],[-113.92172,51.1642744],[-113.9217556,51.1641972],[-113.9217906,51.1641202],[-113.9218252,51.164043],[-113.9218594,51.1639658],[-113.9218932,51.1638885],[-113.9219266,51.1638112],[-113.9219596,51.1637337],[-113.9219921,51.1636562],[-113.9220242,51.1635787],[-113.9220559,51.163501],[-113.9220872,51.1634233],[-113.922118,51.1633455],[-113.9221485,51.1632676],[-113.9221785,51.1631897],[-113.9222081,51.1631117],[-113.9222373,51.1630337],[-113.922266,51.1629556],[-113.9222943,51.1628775],[-113.9223222,51.1627992],[-113.9223497,51.162721],[-113.9223767,51.1626426],[-113.9224033,51.1625642],[-113.9224295,51.1624858],[-113.9224552,51.1624074],[-113.9224805,51.1623288],[-113.9225053,51.1622502],[-113.9225297,51.1621715],[-113.9225537,51.1620928],[-113.9225806,51.1620021],[-113.922628,51.1618352],[-113.9226752,51.1616583],[-113.922762,51.1616573],[-113.9227887,51.1616571],[-113.9228073,51.161657],[-113.9228112,51.1615493],[-113.9228119,51.1615309],[-113.9228184,51.1613523],[-113.922819,51.1613372],[-113.9228249,51.1611751],[-113.9228254,51.1611616],[-113.922828,51.1610897],[-113.9228285,51.161076],[-113.9228295,51.1610492],[-113.9228305,51.1610223],[-113.922831,51.1610087],[-113.9228331,51.1609524],[-113.9228335,51.160939],[-113.922836,51.1608719],[-113.9228365,51.1608585],[-113.9228389,51.1607914],[-113.9228394,51.160778],[-113.9228419,51.1607109],[-113.9228424,51.1606975],[-113.9228448,51.1606304],[-113.9228453,51.160617],[-113.9228483,51.1605365],[-113.9228507,51.1604695],[-113.9228512,51.160456],[-113.9228537,51.160389],[-113.9228542,51.1603755],[-113.9228566,51.1603085],[-113.9228571,51.160295],[-113.9228596,51.1602279],[-113.9228601,51.1602145],[-113.9228625,51.1601474],[-113.922863,51.160134],[-113.9228655,51.1600669],[-113.9228659,51.1600535],[-113.9228684,51.1599864],[-113.9228689,51.159973],[-113.9228714,51.1599059],[-113.9228718,51.1598925],[-113.9228767,51.1597602],[-113.9228772,51.1597461],[-113.9228829,51.1595885],[-113.9228835,51.1595721],[-113.922888,51.15945],[-113.9228886,51.1594337],[-113.9228888,51.1594285],[-113.9228928,51.1593198],[-113.9228934,51.1593029],[-113.9228988,51.1591542],[-113.9228993,51.1591395],[-113.9229039,51.1590125],[-113.9229044,51.158999],[-113.9229082,51.158895],[-113.9229087,51.1588817],[-113.9229118,51.1587963],[-113.9229123,51.158783],[-113.9229155,51.1586961],[-113.922916,51.1586826],[-113.9229192,51.158593],[-113.9229197,51.1585794],[-113.9229231,51.1584857],[-113.9229236,51.1584719],[-113.9229239,51.1584655],[-113.9230143,51.1583985],[-113.9230286,51.1583879],[-113.9231213,51.1583192],[-113.9231354,51.1583088],[-113.9232252,51.1582423],[-113.9232391,51.158232],[-113.9233271,51.1581668],[-113.923341,51.1581565],[-113.9234191,51.1580987],[-113.923433,51.1580884],[-113.9235022,51.158039],[-113.9235021,51.1580372],[-113.923516,51.1580269],[-113.9235851,51.1579758],[-113.923599,51.1579654],[-113.923668,51.1579143],[-113.9236772,51.1579093],[-113.923682,51.1579039],[-113.923751,51.1578528],[-113.923765,51.1578425],[-113.923834,51.1577914],[-113.923848,51.157781],[-113.9238732,51.1577642],[-113.923917,51.1577299],[-113.923931,51.1577195],[-113.924,51.1576685],[-113.924014,51.1576581],[-113.924083,51.157607],[-113.924097,51.1575966],[-113.924166,51.1575456],[-113.92418,51.1575352],[-113.924249,51.1574841],[-113.924263,51.1574737],[-113.924332,51.1574226],[-113.924346,51.1574123],[-113.9244149,51.1573612],[-113.924429,51.1573508],[-113.9244979,51.1572997],[-113.9245119,51.1572894],[-113.9245809,51.1572383],[-113.9245948,51.157228],[-113.924675,51.1571686],[-113.9247552,51.1571092],[-113.92477,51.1570994],[-113.9248381,51.1570478],[-113.924853,51.1570379],[-113.924921,51.1569864],[-113.9249351,51.156976],[-113.925004,51.156925],[-113.9250181,51.1569145],[-113.9250872,51.1568634],[-113.9251011,51.1568531],[-113.9251703,51.1568018],[-113.9251841,51.1567916],[-113.9252536,51.1567401],[-113.9252671,51.1567302],[-113.925337,51.1566784],[-113.9253501,51.1566687],[-113.9254215,51.156616],[-113.9254334,51.1566072],[-113.9255029,51.1565558],[-113.9255159,51.1565462],[-113.9255854,51.1564948],[-113.9255988,51.1564849],[-113.9256679,51.1564337],[-113.9256817,51.1564236],[-113.9257611,51.1563648],[-113.9258492,51.1562995],[-113.9258619,51.1562902],[-113.9259318,51.1562384],[-113.9259447,51.1562288],[-113.9260143,51.1561772],[-113.9260275,51.1561675],[-113.9260969,51.1561161],[-113.9261103,51.1561061],[-113.9261795,51.1560549],[-113.9261932,51.1560448],[-113.9262623,51.1559937],[-113.926276,51.1559835],[-113.926345,51.1559324],[-113.9263588,51.1559221],[-113.9264278,51.1558711],[-113.9264417,51.1558608],[-113.9265105,51.1558098],[-113.9265245,51.1557994],[-113.9265933,51.1557485],[-113.9266073,51.1557381],[-113.926676,51.1556872],[-113.9266901,51.1556767],[-113.9267588,51.1556259],[-113.9267729,51.1556154],[-113.9268415,51.1555646],[-113.9268557,51.155554],[-113.9269243,51.1555032],[-113.9269385,51.1554927],[-113.9270071,51.1554419],[-113.9270214,51.1554314],[-113.9271619,51.1553272],[-113.9271768,51.1553162],[-113.927202,51.1552975],[-113.9274031,51.1552976],[-113.927426,51.1552977],[-113.927612,51.1552978],[-113.927634,51.1552978],[-113.9278049,51.1552979],[-113.9278272,51.1552979],[-113.9280207,51.1552981],[-113.9280443,51.1552981],[-113.9283547,51.1552983],[-113.9292447,51.1552988],[-113.9292449,51.155],[-113.929245,51.1545575],[-113.9292452,51.1544999],[-113.9292454,51.1544654],[-113.9292452,51.1544179],[-113.9235026,51.154418],[-113.9120175,51.1544174],[-113.9120174,51.1544639],[-113.9120173,51.1552151],[-113.9120173,51.155305],[-113.9120172,51.1553417]]]]},"properties":{":id":"row-mq6k.dmrq_rvgi",":version":"rv-7qcb_v33w~6xeh",":created_at":"2026-10-01T19:33:45.132Z",":updated_at":"2026-10-01T19:33:45.132Z","lpid":"591988","planname":"TUC","type_code":"70","type_dscrn":"TUC","stage_code":"1","stage_dscrn":"Registered","created_dt":null,"modified_attribute_dt":"2026-07-16T16:55:56.000Z","modified_geometry_dt":"2026-07-16T16:55:56.000Z"}},
{"type":"Feature","geometry":{"type":"MultiPolygon","coordinates":[[[[-113.9228102,51.1226372],[-113.9228082,51.1199923],[-113.9228081,51.119869],[-113.9228081,51.1198518],[-113.9228079,51.119321],[-113.9228077,51.1189747],[-113.9228074,51.118845],[-113.9228075,51.1188136],[-113.922807,51.1178791],[-113.9199715,51.1178796],[-113.9186906,51.1178794],[-113.9186904,51.1179015],[-113.9186898,51.117979],[-113.9186897,51.1179924],[-113.9186891,51.1180591],[-113.918689,51.1180726],[-113.9186884,51.1181392],[-113.9186883,51.1181527],[-113.9186877,51.1182193],[-113.9186876,51.1182328],[-113.918687,51.1182995],[-113.9186869,51.1183129],[-113.9186863,51.1183796],[-113.9186862,51.1183931],[-113.9186856,51.1184597],[-113.9186855,51.1184732],[-113.9186849,51.1185398],[-113.9186848,51.1185533],[-113.9186843,51.1186199],[-113.9186842,51.1186334],[-113.9186836,51.1187001],[-113.9186835,51.1187136],[-113.9186829,51.1187802],[-113.9186828,51.1187937],[-113.9186822,51.1188603],[-113.9186821,51.1188738],[-113.9186815,51.1189404],[-113.9186814,51.1189539],[-113.9186808,51.1190206],[-113.9186807,51.1190341],[-113.9186801,51.1191007],[-113.91868,51.1191142],[-113.9186794,51.1191808],[-113.9186793,51.1191943],[-113.9186787,51.1192609],[-113.9186786,51.1192744],[-113.9186781,51.1193411],[-113.9186779,51.1193546],[-113.9186774,51.1194212],[-113.9186773,51.1194347],[-113.9186767,51.1195013],[-113.9186766,51.1195148],[-113.918676,51.1195814],[-113.9186759,51.1195949],[-113.9186752,51.1196724],[-113.9186744,51.1197655],[-113.9186737,51.1198527],[-113.9186736,51.1198648],[-113.918673,51.1199264],[-113.9186725,51.1199881],[-113.9186712,51.1201515],[-113.9186706,51.1202066],[-113.9186706,51.1202228],[-113.9186704,51.1202282],[-113.9186704,51.1202395],[-113.9186683,51.1204877],[-113.9186668,51.1206667],[-113.9186661,51.1207598],[-113.9186653,51.120853],[-113.9186645,51.1209461],[-113.9186637,51.1210237],[-113.9186636,51.1210372],[-113.918663,51.1211038],[-113.9186629,51.1211173],[-113.9186622,51.121184],[-113.9186621,51.1211974],[-113.9186615,51.1212641],[-113.9186614,51.1212776],[-113.9186608,51.1213443],[-113.9186606,51.1213577],[-113.91866,51.1214244],[-113.9186599,51.1214378],[-113.9186593,51.1215045],[-113.9186592,51.121518],[-113.9186585,51.1215954],[-113.9186576,51.1216885],[-113.9186568,51.1217816],[-113.9186555,51.1219266],[-113.9186536,51.1221372],[-113.9186526,51.1222469],[-113.9186524,51.1222631],[-113.9186524,51.1222685],[-113.9186524,51.1222687],[-113.9186522,51.1222866],[-113.9186503,51.1224998],[-113.9186502,51.1225144],[-113.9186487,51.1226731],[-113.9186486,51.1226866],[-113.9186479,51.1227683],[-113.9186478,51.1227817],[-113.9186472,51.1228484],[-113.9186471,51.1228618],[-113.9186465,51.1229285],[-113.9186463,51.1229419],[-113.9186458,51.1230086],[-113.9186456,51.1230221],[-113.918645,51.1230887],[-113.9186449,51.1231022],[-113.9186443,51.1231712],[-113.9186439,51.1232128],[-113.9186436,51.1232522],[-113.918643,51.1233227],[-113.9186428,51.1233361],[-113.9186423,51.1234028],[-113.9186421,51.1234162],[-113.9186415,51.1234829],[-113.9186414,51.1234964],[-113.9186408,51.123563],[-113.9186407,51.1235765],[-113.9186401,51.1236428],[-113.91864,51.1236562],[-113.9186394,51.1237229],[-113.9186393,51.1237364],[-113.9186387,51.123803],[-113.9186386,51.1238165],[-113.918638,51.1238831],[-113.9186379,51.1238966],[-113.9186373,51.1239633],[-113.9186372,51.1239767],[-113.9186366,51.1240434],[-113.9186365,51.1240569],[-113.9186359,51.1241235],[-113.9186358,51.124137],[-113.9186352,51.1242036],[-113.9186351,51.1242171],[-113.9186345,51.1242837],[-113.9186344,51.1242973],[-113.9186338,51.1243638],[-113.9186337,51.1243774],[-113.9186331,51.1244439],[-113.918633,51.1244575],[-113.9186324,51.1245241],[-113.9186323,51.1245376],[-113.9186317,51.1246042],[-113.9186316,51.1246178],[-113.9186306,51.1247334],[-113.9186304,51.1247472],[-113.9186291,51.1249005],[-113.918629,51.1249159],[-113.9186272,51.1251158],[-113.9186261,51.1252516],[-113.9186257,51.125296],[-113.9195715,51.125297],[-113.919599,51.125297],[-113.9196428,51.125297],[-113.9198855,51.125297],[-113.9203146,51.125297],[-113.9222428,51.125297],[-113.9223125,51.125297],[-113.922812,51.125297],[-113.9228119,51.1252513],[-113.9228119,51.1251153],[-113.9228118,51.124997],[-113.9228117,51.1247845],[-113.9228116,51.1247791],[-113.9228114,51.1244541],[-113.9228114,51.1243611],[-113.9228106,51.1232547],[-113.9228106,51.1231738],[-113.9228106,51.1231604],[-113.9228102,51.1226372]]]]},"properties":{":id":"row-daju_kerz_bwdn",":version":"rv-hdnz.m89u.y6mu",":created_at":"2026-10-01T19:33:45.132Z",":updated_at":"2026-10-01T19:33:45.132Z","lpid":"592050","planname":"TUC","type_code":"70","type_dscrn":"TUC","stage_code":"1","stage_dscrn":"Registered","created_dt":null,"modified_attribute_dt":"2026-07-17T11:48:21.000Z","modified_geometry_dt":"2026-07-17T11:48:21.000Z"}},
{"type":"Feature","geometry":{"type":"MultiPolygon","coordinates":[[[[-113.9347007,51.0968258],[-113.9349974,51.0968001],[-113.9349979,51.0961704],[-113.934998,51.0959896],[-113.9348889,51.0959898],[-113.9346704,51.0959896],[-113.9238905,51.0959932],[-113.9236945,51.0959933],[-113.9235212,51.0959933],[-113.921853,51.0959932],[-113.919722,51.0959933],[-113.9194383,51.0959932],[-113.9160167,51.0959927],[-113.9120379,51.0959942],[-113.9120315,51.096173],[-113.9120324,51.0971092],[-113.9120326,51.0972926],[-113.912719,51.0974629],[-113.912716,51.098188],[-113.9138848,51.0989261],[-113.9140445,51.0990269],[-113.9142677,51.0991684],[-113.9147945,51.0995006],[-113.9163057,51.1004536],[-113.9162961,51.1027549],[-113.917251,51.1027564],[-113.9172486,51.1034083],[-113.9172411,51.1059903],[-113.9174488,51.1085617],[-113.9174787,51.1087211],[-113.9177085,51.1100253],[-113.9178171,51.1106459],[-113.9190518,51.1106458],[-113.9197728,51.1106456],[-113.9227508,51.1106457],[-113.9228589,51.1106456],[-113.9228763,51.1088982],[-113.9228797,51.1085276],[-113.9228815,51.1084347],[-113.9228814,51.1083138],[-113.9228814,51.1082149],[-113.9228813,51.1080773],[-113.9228812,51.1078972],[-113.9228811,51.1076818],[-113.9228811,51.107671],[-113.9228811,51.1076603],[-113.922881,51.1075586],[-113.9228809,51.1074298],[-113.9228808,51.1072303],[-113.9228807,51.1070288],[-113.9228806,51.106864],[-113.9228806,51.1068532],[-113.9228806,51.1068424],[-113.9228805,51.1066915],[-113.9228804,51.1064523],[-113.9228804,51.1064119],[-113.9228804,51.1063714],[-113.9228802,51.1060863],[-113.9228801,51.1060051],[-113.9228801,51.1059943],[-113.92288,51.1059835],[-113.92288,51.1058804],[-113.9228799,51.1056705],[-113.9228798,51.1054885],[-113.9228797,51.1053843],[-113.9228797,51.1052744],[-113.9228796,51.1051702],[-113.9228796,51.1050604],[-113.9228795,51.1049451],[-113.9228795,51.1048352],[-113.9228794,51.1047254],[-113.9228794,51.104704],[-113.9228794,51.1046771],[-113.9228794,51.1046557],[-113.9228793,51.1045512],[-113.922879,51.104436],[-113.9228792,51.1043261],[-113.9228791,51.1042108],[-113.9228791,51.1040955],[-113.922879,51.1039857],[-113.922879,51.1038814],[-113.9228789,51.1037661],[-113.9228788,51.1036508],[-113.9228788,51.103541],[-113.9228787,51.1034367],[-113.9228787,51.1034084],[-113.9228787,51.1033269],[-113.9228786,51.1032171],[-113.9228785,51.1030738],[-113.9228784,51.1028721],[-113.9228784,51.102783],[-113.9228784,51.1027718],[-113.9228784,51.1027606],[-113.9228783,51.1025668],[-113.9228781,51.1022948],[-113.922878,51.1020711],[-113.9228778,51.101831],[-113.9228778,51.1018202],[-113.9228778,51.1018094],[-113.9228778,51.101785],[-113.9228797,51.1017107],[-113.9228853,51.1016364],[-113.9228946,51.1015623],[-113.9229077,51.1014884],[-113.9229225,51.1014228],[-113.9229581,51.1012795],[-113.9230205,51.1010285],[-113.9230365,51.1009642],[-113.9230391,51.1009535],[-113.9230418,51.1009428],[-113.9230642,51.1008525],[-113.9231282,51.1005952],[-113.9231856,51.1003642],[-113.9231962,51.1003215],[-113.9232155,51.1002491],[-113.9232374,51.100177],[-113.9232617,51.1001052],[-113.9232886,51.1000337],[-113.9232928,51.1000232],[-113.9232971,51.1000126],[-113.923324,51.0999488],[-113.923353,51.0998853],[-113.923384,51.0998222],[-113.9234169,51.0997596],[-113.9234319,51.0997324],[-113.9234473,51.0997051],[-113.9234631,51.099678],[-113.9235187,51.0995877],[-113.9235751,51.0995034],[-113.9236351,51.0994202],[-113.923693,51.0993451],[-113.9237394,51.0992882],[-113.9237875,51.0992319],[-113.9238373,51.0991762],[-113.9238889,51.099121],[-113.923901,51.0991084],[-113.92391,51.0990991],[-113.9239189,51.09909],[-113.924003,51.0990069],[-113.9240648,51.0989491],[-113.9241284,51.0988922],[-113.924194,51.0988361],[-113.9242614,51.0987809],[-113.9243717,51.0986955],[-113.9244868,51.0986122],[-113.9246068,51.0985309],[-113.9247358,51.0984492],[-113.9248692,51.0983705],[-113.9249449,51.0983281],[-113.9250218,51.0982867],[-113.9251,51.0982462],[-113.9251795,51.0982067],[-113.92527,51.0981635],[-113.9252838,51.0981571],[-113.9252976,51.0981507],[-113.9254003,51.0981046],[-113.9255048,51.09806],[-113.925556,51.098039],[-113.9258418,51.0979231],[-113.9260558,51.0978364],[-113.9262689,51.09775],[-113.9266263,51.0976051],[-113.9268405,51.0975183],[-113.9268848,51.0975006],[-113.9268999,51.0974947],[-113.926915,51.0974889],[-113.9269473,51.0974767],[-113.927038,51.0974438],[-113.9271303,51.0974126],[-113.927224,51.0973831],[-113.927319,51.0973553],[-113.9274057,51.0973319],[-113.9274933,51.0973099],[-113.9275818,51.0972893],[-113.9276711,51.0972702],[-113.9277764,51.0972498],[-113.9278827,51.0972315],[-113.9279899,51.0972152],[-113.9280977,51.0972011],[-113.9281147,51.097199],[-113.9282461,51.0971851],[-113.9283783,51.0971743],[-113.9285111,51.0971665],[-113.9286442,51.097162],[-113.928744,51.0971606],[-113.9288439,51.0971609],[-113.9289437,51.0971631],[-113.9290434,51.097167],[-113.9291325,51.0971719],[-113.9292213,51.0971783],[-113.929287,51.0971836],[-113.9296912,51.0972158],[-113.9299187,51.0972342],[-113.9300806,51.0972202],[-113.9304531,51.0971883],[-113.9307544,51.0971626],[-113.9314291,51.0971051],[-113.9322116,51.0970383],[-113.9342345,51.0968656],[-113.9347007,51.0968258]]]]},"properties":{":id":"row-32hi~v4nu_xvbq",":version":"rv-k5jr~gkxk~8n3z",":created_at":"2026-10-01T19:33:45.132Z",":updated_at":"2026-10-01T19:33:45.132Z","lpid":"591739","planname":"TUC","type_code":"70","type_dscrn":"TUC","stage_code":"1","stage_dscrn":"Registered","created_dt":null,"modified_attribute_dt":"2026-07-17T11:42:46.000Z","modified_geometry_dt":"2026-07-17T11:42:46.000Z"}},
{"type":"Feature","geometry":{"type":"MultiPolygon","coordinates":[[[[-113.9183342,51.1135816],[-113.9184444,51.1144653],[-113.91846,51.1145907],[-113.918677,51.1163305],[-113.9187013,51.1166354],[-113.9186965,51.1172054],[-113.9186959,51.1172699],[-113.918695,51.1173739],[-113.9186949,51.1173873],[-113.9186946,51.1174143],[-113.9186944,51.1174413],[-113.9186943,51.1174525],[-113.9186936,51.117529],[-113.9186928,51.1176221],[-113.918692,51.1177153],[-113.9186912,51.1178084],[-113.9186906,51.1178794],[-113.9199715,51.1178796],[-113.922807,51.1178791],[-113.9228068,51.1173765],[-113.9228064,51.1164967],[-113.9228071,51.1164624],[-113.9228264,51.1143663],[-113.9228275,51.1142402],[-113.922845,51.1123398],[-113.9228576,51.110792],[-113.9228589,51.1106456],[-113.9227508,51.1106457],[-113.9197728,51.1106456],[-113.9190518,51.1106458],[-113.9178171,51.1106459],[-113.9179322,51.1113026],[-113.9183342,51.1135816]]]]},"properties":{":id":"row-mdfh.e8f7.z2yd",":version":"rv-5s5x-cdmq.w5di",":created_at":"2026-10-01T19:33:45.132Z",":updated_at":"2026-10-01T19:33:45.132Z","lpid":"591994","planname":"TUC","type_code":"70","type_dscrn":"TUC","stage_code":"1","stage_dscrn":"Registered","created_dt":null,"modified_attribute_dt":"2026-07-17T11:42:46.000Z","modified_geometry_dt":"2026-07-17T11:42:46.000Z"}},
{"type":"Feature","geometry":{"type":"MultiPolygon","coordinates":[[[[-113.9292461,51.1541911],[-113.9292438,51.1534279],[-113.9292432,51.1534279],[-113.9283328,51.153435],[-113.9280572,51.153437],[-113.9272504,51.1534433],[-113.9271298,51.1534431],[-113.9270092,51.1534408],[-113.9268888,51.1534363],[-113.9267686,51.1534297],[-113.9266488,51.153421],[-113.9265294,51.1534102],[-113.9264106,51.1533973],[-113.9262924,51.1533823],[-113.9261749,51.1533652],[-113.9260582,51.1533461],[-113.9259424,51.1533249],[-113.9258276,51.1533016],[-113.9257139,51.1532764],[-113.9256014,51.1532491],[-113.9254901,51.1532199],[-113.9253802,51.1531887],[-113.9252718,51.1531556],[-113.9251649,51.1531206],[-113.9250596,51.1530837],[-113.924956,51.1530449],[-113.9248541,51.1530044],[-113.9247542,51.152962],[-113.9246561,51.1529179],[-113.9245601,51.1528722],[-113.9244662,51.1528247],[-113.9243745,51.1527756],[-113.924285,51.1527248],[-113.9241978,51.1526726],[-113.924113,51.1526188],[-113.9240306,51.1525635],[-113.9239507,51.1525068],[-113.9238735,51.1524487],[-113.9237797,51.1523736],[-113.9236887,51.1522951],[-113.9236792,51.1522878],[-113.9236023,51.1522146],[-113.9235205,51.1521322],[-113.9235031,51.1521137],[-113.9234435,51.152048],[-113.9233714,51.1519621],[-113.9233043,51.1518746],[-113.9232422,51.1517856],[-113.9231852,51.1516953],[-113.9231335,51.1516038],[-113.923087,51.1515111],[-113.9230458,51.1514175],[-113.9230101,51.1513229],[-113.9229798,51.1512277],[-113.9229549,51.1511318],[-113.9229356,51.1510353],[-113.9229328,51.1510224],[-113.9229222,51.150948],[-113.9229207,51.1509346],[-113.9229141,51.15086],[-113.9229132,51.1508465],[-113.9229105,51.1507753],[-113.9229105,51.1507722],[-113.9229091,51.1506922],[-113.9229078,51.1506122],[-113.9229065,51.1505322],[-113.9229052,51.1504522],[-113.9229038,51.1503722],[-113.9229025,51.1502923],[-113.9229012,51.1502123],[-113.9228998,51.1501323],[-113.9228944,51.1497988],[-113.9228918,51.1496389],[-113.9228838,51.1491589],[-113.9228825,51.1490789],[-113.9228812,51.1489989],[-113.9228799,51.1489189],[-113.9228785,51.1488389],[-113.9228772,51.1487589],[-113.9228759,51.1486789],[-113.9228746,51.1485989],[-113.9228733,51.1485189],[-113.9228719,51.1484389],[-113.9228706,51.148359],[-113.922868,51.148199],[-113.9228653,51.148039],[-113.9228627,51.147879],[-113.92286,51.147719],[-113.9228537,51.147334],[-113.92285,51.1471127],[-113.9228482,51.1470032],[-113.9227802,51.1429543],[-113.9227798,51.1428363],[-113.9227827,51.1427184],[-113.9227888,51.1426005],[-113.9227981,51.1424826],[-113.9228107,51.1423649],[-113.9228265,51.1422473],[-113.9228456,51.14213],[-113.9228678,51.1420128],[-113.9235046,51.1420127],[-113.9238056,51.1420128],[-113.9238041,51.1420115],[-113.9243005,51.1408961],[-113.9243621,51.140757],[-113.925291,51.1397682],[-113.9256328,51.1397681],[-113.9292445,51.1397675],[-113.9292443,51.1387167],[-113.9292454,51.1377805],[-113.9292454,51.1376888],[-113.9292454,51.137684],[-113.9292447,51.1376642],[-113.9292453,51.137566],[-113.9292452,51.1375413],[-113.9292453,51.1375071],[-113.9292458,51.137488],[-113.9292457,51.1370783],[-113.9292451,51.1365243],[-113.9292439,51.1361924],[-113.9291667,51.136168],[-113.9290823,51.1361414],[-113.9290104,51.1361189],[-113.9279798,51.1357962],[-113.9273913,51.1356116],[-113.9271217,51.1355271],[-113.9268501,51.1354418],[-113.9268261,51.1354344],[-113.9267456,51.1354082],[-113.9266663,51.1353805],[-113.9265885,51.1353513],[-113.926512,51.1353206],[-113.9264371,51.1352886],[-113.9263637,51.1352551],[-113.926292,51.1352202],[-113.926222,51.135184],[-113.9261538,51.1351465],[-113.9260874,51.1351077],[-113.9260229,51.1350677],[-113.9259604,51.1350264],[-113.9258998,51.134984],[-113.9258414,51.1349405],[-113.925785,51.1348959],[-113.9257309,51.1348503],[-113.9256843,51.1348093],[-113.9255465,51.1346894],[-113.9239164,51.1332706],[-113.9238754,51.133234],[-113.9238179,51.1331795],[-113.9237634,51.1331237],[-113.923712,51.1330668],[-113.9236637,51.1330089],[-113.9236187,51.1329499],[-113.923577,51.13289],[-113.9235386,51.1328292],[-113.9235036,51.1327676],[-113.9234762,51.1327132],[-113.9234515,51.1326583],[-113.9234294,51.132603],[-113.92341,51.1325473],[-113.923405,51.1325324],[-113.923352,51.1323712],[-113.923291,51.1321856],[-113.9232627,51.1320998],[-113.9232345,51.132014],[-113.9232063,51.1319282],[-113.9231781,51.1318424],[-113.9231499,51.1317565],[-113.9231216,51.1316707],[-113.9230934,51.1315849],[-113.9230652,51.1314991],[-113.9230105,51.1313326],[-113.9229785,51.1312315],[-113.9229443,51.1311111],[-113.9229142,51.1309903],[-113.9228895,51.1308768],[-113.9228665,51.130752],[-113.9228477,51.1306268],[-113.9228357,51.1305265],[-113.9228264,51.130426],[-113.9228176,51.1302794],[-113.9228146,51.1301327],[-113.9228134,51.12893],[-113.922813,51.1282516],[-113.9228121,51.1267129],[-113.922812,51.125297],[-113.9186257,51.125296],[-113.9186242,51.1254701],[-113.9186227,51.1256475],[-113.9186221,51.1257745],[-113.9186214,51.1258547],[-113.9186202,51.1259349],[-113.91862,51.126015],[-113.9186189,51.1260952],[-113.9186182,51.1261753],[-113.9186175,51.1262555],[-113.9186168,51.1263356],[-113.9186161,51.1264158],[-113.9186158,51.126496],[-113.9186151,51.1265761],[-113.9186141,51.1266563],[-113.9186134,51.1267364],[-113.9186127,51.1268166],[-113.9186121,51.1268967],[-113.9186114,51.1269769],[-113.9186109,51.127057],[-113.91861,51.1271372],[-113.9186101,51.1271507],[-113.9186095,51.1272174],[-113.9186092,51.1272309],[-113.9186086,51.1272975],[-113.9186085,51.127311],[-113.918608,51.1273776],[-113.9186078,51.1273911],[-113.9186073,51.1274577],[-113.9186071,51.1274712],[-113.9186066,51.1275379],[-113.9186064,51.1275513],[-113.9186059,51.127618],[-113.9186058,51.1276315],[-113.9186052,51.1276981],[-113.9186051,51.1277116],[-113.9186045,51.1277853],[-113.9186044,51.1277988],[-113.9186038,51.1278735],[-113.9186036,51.127887],[-113.918603,51.1279621],[-113.9186029,51.1279757],[-113.9186022,51.1280514],[-113.9186021,51.1280601],[-113.9186002,51.1280648],[-113.9185695,51.1281379],[-113.9185641,51.128151],[-113.9185336,51.1282236],[-113.9185281,51.1282367],[-113.9184978,51.1283091],[-113.9184923,51.1283221],[-113.9184632,51.1283916],[-113.9184577,51.1284046],[-113.9184307,51.128469],[-113.9184252,51.1284821],[-113.9183982,51.1285465],[-113.9183928,51.1285596],[-113.9183657,51.128624],[-113.9183603,51.128637],[-113.9183333,51.1287015],[-113.9183278,51.1287145],[-113.9183008,51.128779],[-113.9182953,51.128792],[-113.9182683,51.1288564],[-113.9182628,51.1288695],[-113.9182358,51.1289339],[-113.9182303,51.1289469],[-113.9182033,51.1290114],[-113.9181979,51.1290244],[-113.9181708,51.1290888],[-113.9181654,51.1291019],[-113.9181384,51.1291663],[-113.9181329,51.1291794],[-113.9181059,51.1292438],[-113.9181004,51.1292568],[-113.918069,51.1293317],[-113.9180313,51.1294218],[-113.9179935,51.1295118],[-113.917963,51.1295847],[-113.9179575,51.1295977],[-113.9179466,51.1296238],[-113.9179356,51.1296499],[-113.9179302,51.1296629],[-113.9178954,51.1297458],[-113.9178485,51.1298576],[-113.9178005,51.1299721],[-113.9177591,51.1300708],[-113.9177568,51.1300764],[-113.917747,51.1300819],[-113.9176395,51.1301433],[-113.9176233,51.1301525],[-113.9175192,51.1302119],[-113.9152815,51.1314744],[-113.9152791,51.132518],[-113.9152784,51.1328234],[-113.9148042,51.1332088],[-113.9148033,51.133962],[-113.914642,51.134029],[-113.9144789,51.1340942],[-113.9143139,51.1341575],[-113.9141471,51.134219],[-113.9139786,51.1342786],[-113.9138084,51.1343363],[-113.9136366,51.134392],[-113.9134632,51.1344458],[-113.9132883,51.1344976],[-113.9131119,51.1345474],[-113.9129341,51.1345952],[-113.912755,51.134641],[-113.9125746,51.1346848],[-113.9123929,51.1347265],[-113.9122101,51.1347661],[-113.9120262,51.1348037],[-113.9120262,51.1349714],[-113.9120255,51.1371532],[-113.9120255,51.1373126],[-113.9120268,51.1373128],[-113.9127336,51.1373215],[-113.9147957,51.1375414],[-113.914795,51.1381461],[-113.9150949,51.1384454],[-113.9155541,51.1389038],[-113.9161995,51.1395472],[-113.9163301,51.1396776],[-113.9164197,51.1397678],[-113.9164214,51.1397679],[-113.9170041,51.1403519],[-113.918634,51.1419794],[-113.9186599,51.1470033],[-113.9186652,51.148024],[-113.9172359,51.1480269],[-113.9172499,51.1507711],[-113.9167464,51.1511594],[-113.9143533,51.1529992],[-113.9143544,51.1533569],[-113.9121889,51.153397],[-113.9120179,51.1534001],[-113.9120179,51.1535411],[-113.9120179,51.1535877],[-113.9120175,51.1541462],[-113.9120175,51.15419],[-113.9120175,51.1542366],[-113.9120175,51.1544174],[-113.9235026,51.154418],[-113.9292452,51.1544179],[-113.9292454,51.154238],[-113.9292461,51.1541911]]]]},"properties":{":id":"row-nkqc.jq6b~en6r",":version":"rv-44au_u9db_5imd",":created_at":"2026-10-01T19:33:45.132Z",":updated_at":"2026-10-01T19:33:45.132Z","lpid":"742617","planname":"TUC","type_code":"70","type_dscrn":"TUC","stage_code":"1","stage_dscrn":"Registered","created_dt":null,"modified_attribute_dt":"2026-07-22T12:05:19.000Z","modified_geometry_dt":"2026-07-22T12:05:19.000Z"}},
{"type":"Feature","geometry":{"type":"MultiPolygon","coordinates":[[[[-114.1303776,50.9214331],[-114.1305823,50.9214331],[-114.1308039,50.9214331],[-114.1310363,50.9214331],[-114.1312535,50.9214331],[-114.1312875,50.9214331],[-114.1312969,50.9214331],[-114.1314088,50.9214331],[-114.1353299,50.9214331],[-114.1378352,50.9214331],[-114.1379063,50.9214331],[-114.138283,50.921433],[-114.138528,50.921433],[-114.138569,50.921433],[-114.1386921,50.921433],[-114.1387745,50.921433],[-114.1394725,50.921433],[-114.1391909,50.9212404],[-114.1385343,50.9212412],[-114.1379055,50.9212419],[-114.1378344,50.921242],[-114.1373234,50.9212426],[-114.1359796,50.9212441],[-114.1353295,50.9212452],[-114.1344623,50.9212462],[-114.1287387,50.9212521],[-114.1272228,50.9212536],[-114.127239,50.921433],[-114.1285827,50.921433],[-114.1286226,50.921433],[-114.1287962,50.921433],[-114.1289698,50.921433],[-114.1291434,50.921433],[-114.129318,50.9214331],[-114.1294961,50.9214331],[-114.1295546,50.9214331],[-114.1296742,50.9214331],[-114.1298521,50.9214331],[-114.13003,50.9214331],[-114.1302042,50.9214331],[-114.1303776,50.9214331]]]]},"properties":{":id":"row-j88r.6uti~34kw",":version":"rv-cwgv_cz44-iqjd",":created_at":"2026-10-01T19:33:45.132Z",":updated_at":"2026-10-01T19:33:45.132Z","lpid":"760749","planname":"TUC","type_code":"70","type_dscrn":"TUC","stage_code":"1","stage_dscrn":"Registered","created_dt":"2017-04-18T14:00:37.000Z","modified_attribute_dt":"2026-08-07T10:32:35.000Z","modified_geometry_dt":"2026-08-07T10:32:35.000Z"}},
{"type":"Feature","geometry":{"type":"MultiPolygon","coordinates":[[[[-114.1449394,50.937319],[-114.145401,50.936996],[-114.1459438,50.9366161],[-114.145444,50.9364452],[-114.1444934,50.9362105],[-114.1439426,50.9359226],[-114.1438117,50.9358542],[-114.1439271,50.9349059],[-114.1440718,50.9341404],[-114.1441383,50.9335504],[-114.1441634,50.9333281],[-114.1444231,50.9310235],[-114.1440945,50.9286901],[-114.1440333,50.9282555],[-114.1433892,50.9273016],[-114.1433551,50.9272509],[-114.1433231,50.9271343],[-114.1432889,50.9270179],[-114.1432525,50.9269018],[-114.1432139,50.9267859],[-114.1431732,50.9266704],[-114.1431303,50.9265552],[-114.1430852,50.9264403],[-114.143038,50.9263257],[-114.1429887,50.9262115],[-114.1429372,50.9260977],[-114.1428836,50.9259843],[-114.1428279,50.9258712],[-114.14277,50.9257586],[-114.1427101,50.9256465],[-114.142648,50.9255348],[-114.1425839,50.9254235],[-114.1425177,50.9253128],[-114.1424494,50.9252025],[-114.142379,50.9250928],[-114.1423066,50.9249836],[-114.1422322,50.9248749],[-114.1421557,50.9247668],[-114.1420772,50.9246593],[-114.1419967,50.9245523],[-114.1419142,50.924446],[-114.1418297,50.9243403],[-114.1417433,50.9242352],[-114.1416548,50.9241308],[-114.1415645,50.9240271],[-114.1414721,50.923924],[-114.1413779,50.9238216],[-114.1412818,50.9237199],[-114.1412818,50.9238636],[-114.1412819,50.9240482],[-114.1412819,50.9240595],[-114.141282,50.9241475],[-114.141282,50.9242586],[-114.1412822,50.9245487],[-114.1412824,50.9248553],[-114.1412835,50.927061],[-114.1412836,50.9270887],[-114.1412837,50.9274466],[-114.1412842,50.9283217],[-114.1412844,50.9286833],[-114.1412849,50.9344516],[-114.141285,50.9346642],[-114.1412852,50.9358525],[-114.1412852,50.9359157],[-114.1412855,50.9363017],[-114.1412877,50.9397502],[-114.1412885,50.9410894],[-114.1412886,50.9412191],[-114.1412898,50.9431543],[-114.1412902,50.9437861],[-114.1412927,50.9476177],[-114.1412934,50.948873],[-114.1412939,50.9495321],[-114.1412943,50.9502547],[-114.1412943,50.9502556],[-114.1412944,50.9503898],[-114.1412944,50.9505698],[-114.1412944,50.9505707],[-114.1412944,50.950704],[-114.1412944,50.9507049],[-114.1412946,50.9526249],[-114.141295,50.9556473],[-114.141295,50.9559169],[-114.1412952,50.9577956],[-114.1412952,50.957886],[-114.1412953,50.9590558],[-114.1412954,50.9599126],[-114.1438764,50.96325],[-114.1449243,50.9645655],[-114.1449419,50.9645875],[-114.1452938,50.9650293],[-114.1465178,50.9665655],[-114.14771,50.9680051],[-114.1506997,50.9716143],[-114.1507634,50.9716935],[-114.1508242,50.9717735],[-114.1508821,50.9718545],[-114.150937,50.9719362],[-114.150989,50.9720187],[-114.1510379,50.9721019],[-114.1510838,50.9721858],[-114.1511267,50.9722703],[-114.1511622,50.9723457],[-114.1511952,50.9724215],[-114.1512258,50.9724977],[-114.1512539,50.9725743],[-114.1512796,50.9726512],[-114.1513028,50.9727284],[-114.1513235,50.9728059],[-114.1513418,50.9728837],[-114.1513575,50.9729617],[-114.1513707,50.9730398],[-114.1513814,50.9731181],[-114.1513896,50.9731965],[-114.1513953,50.9732751],[-114.1513985,50.9733536],[-114.1513991,50.9734322],[-114.1513972,50.9735108],[-114.1513928,50.9735894],[-114.1513859,50.9736679],[-114.1513765,50.9737462],[-114.1513645,50.9738245],[-114.15135,50.9739025],[-114.1513331,50.9739804],[-114.1513136,50.974058],[-114.1512916,50.9741354],[-114.1512672,50.9742125],[-114.1512403,50.9742892],[-114.151211,50.9743656],[-114.1511792,50.9744416],[-114.1511449,50.9745172],[-114.1511083,50.9745924],[-114.1510692,50.974667],[-114.1510278,50.9747411],[-114.1509805,50.9748272],[-114.1509375,50.9749141],[-114.1508989,50.9750019],[-114.1508646,50.9750903],[-114.1508348,50.9751794],[-114.1508094,50.9752691],[-114.1507885,50.9753592],[-114.150772,50.9754496],[-114.1507601,50.9755404],[-114.1507527,50.9756313],[-114.1507498,50.9757224],[-114.1507514,50.9758134],[-114.1507575,50.9759044],[-114.1507682,50.9759952],[-114.1507834,50.9760857],[-114.150803,50.9761759],[-114.1508114,50.976215],[-114.1508175,50.9762543],[-114.1508213,50.9762936],[-114.1508229,50.976333],[-114.1508221,50.9763725],[-114.150819,50.9764119],[-114.1508136,50.9764511],[-114.1508059,50.9764903],[-114.150796,50.9765292],[-114.1507837,50.9765679],[-114.1507692,50.9766062],[-114.1507525,50.9766442],[-114.1507336,50.9766818],[-114.1507125,50.976719],[-114.1506893,50.9767556],[-114.1506639,50.9767916],[-114.1506364,50.9768271],[-114.1506069,50.9768618],[-114.1505754,50.9768959],[-114.1505419,50.9769292],[-114.1505065,50.9769617],[-114.1504692,50.9769934],[-114.15043,50.9770242],[-114.1503891,50.9770541],[-114.1503465,50.977083],[-114.1503023,50.9771109],[-114.1502564,50.9771377],[-114.150209,50.9771635],[-114.1501601,50.9771881],[-114.1501098,50.9772116],[-114.1500582,50.977234],[-114.1500053,50.9772551],[-114.1499138,50.9772888],[-114.1498206,50.9773205],[-114.1497256,50.9773502],[-114.1496291,50.9773779],[-114.1495312,50.9774035],[-114.149432,50.977427],[-114.1493315,50.9774483],[-114.14923,50.9774674],[-114.1491274,50.9774844],[-114.149024,50.9774992],[-114.1489199,50.9775117],[-114.1488151,50.977522],[-114.1487099,50.9775301],[-114.1486043,50.9775359],[-114.1484984,50.9775394],[-114.1483924,50.9775406],[-114.1461818,50.9775433],[-114.1461666,50.9725689],[-114.1461649,50.9724157],[-114.1461601,50.9722625],[-114.1461535,50.9721404],[-114.1461449,50.9720184],[-114.1461353,50.9719201],[-114.1461216,50.9718221],[-114.1461038,50.9717242],[-114.1460819,50.9716268],[-114.1460558,50.9715297],[-114.1460256,50.9714331],[-114.1459914,50.971337],[-114.1459531,50.9712415],[-114.1459108,50.9711467],[-114.1458645,50.9710527],[-114.1458143,50.9709595],[-114.1457601,50.9708671],[-114.145702,50.9707757],[-114.1456401,50.9706852],[-114.1455745,50.9705959],[-114.145505,50.9705077],[-114.1454042,50.9703856],[-114.1453013,50.9702643],[-114.1451961,50.9701437],[-114.1450887,50.9700238],[-114.1432553,50.9680048],[-114.14317,50.9679114],[-114.1429139,50.9676249],[-114.142664,50.9673363],[-114.1424203,50.9670457],[-114.1421828,50.966753],[-114.1419515,50.9664583],[-114.1417266,50.9661616],[-114.141508,50.9658631],[-114.1412957,50.9655628],[-114.1412958,50.9663434],[-114.1414559,50.9665546],[-114.1416192,50.9667648],[-114.1417857,50.966974],[-114.1419553,50.9671823],[-114.142128,50.9673895],[-114.1423038,50.9675957],[-114.1424827,50.9678008],[-114.1426646,50.9680049],[-114.1427253,50.9680723],[-114.1446437,50.9701851],[-114.1447481,50.9703017],[-114.1448504,50.9704191],[-114.1449506,50.9705371],[-114.1450487,50.9706559],[-114.145112,50.9707364],[-114.145172,50.9708179],[-114.1452284,50.9709004],[-114.1452814,50.9709838],[-114.1453308,50.9710681],[-114.1453766,50.9711532],[-114.1454189,50.971239],[-114.1454575,50.9713255],[-114.1454924,50.9714126],[-114.1455236,50.9715002],[-114.1455511,50.9715884],[-114.1455749,50.971677],[-114.1455949,50.9717659],[-114.1456112,50.9718552],[-114.1456237,50.9719447],[-114.1456324,50.9720343],[-114.145646,50.9722611],[-114.1456513,50.9724155],[-114.1456535,50.9725699],[-114.1456689,50.977544],[-114.1448032,50.9775449],[-114.1448038,50.9777892],[-114.1412997,50.9777928],[-114.1413,50.9782513],[-114.1413,50.9783412],[-114.1413,50.9784221],[-114.1448055,50.9784183],[-114.1448058,50.9785513],[-114.1491883,50.9785464],[-114.1493422,50.9785456],[-114.149496,50.9785435],[-114.1496498,50.9785401],[-114.1498035,50.9785354],[-114.149957,50.9785295],[-114.1501105,50.9785223],[-114.1502637,50.9785138],[-114.1504168,50.978504],[-114.1505697,50.9784929],[-114.1507223,50.9784806],[-114.1508746,50.978467],[-114.1510267,50.9784522],[-114.1511784,50.978436],[-114.1513297,50.9784186],[-114.1514807,50.9784],[-114.1516313,50.9783801],[-114.1537057,50.9780969],[-114.1564362,50.9781683],[-114.1575695,50.9795122],[-114.1577297,50.9797022],[-114.1615216,50.9841974],[-114.162092,50.9847019],[-114.1642064,50.9847764],[-114.1642094,50.9865639],[-114.1642098,50.9867628],[-114.1642103,50.9869352],[-114.1642113,50.9873356],[-114.1642116,50.9874418],[-114.1642246,50.9923333],[-114.1642249,50.9924343],[-114.164227,50.9925773],[-114.1642254,50.9926306],[-114.1643129,50.9926622],[-114.1643978,50.9927198],[-114.1644821,50.9927698],[-114.1645783,50.9928363],[-114.1646782,50.9929375],[-114.1647494,50.9929905],[-114.1648186,50.9931122],[-114.1648262,50.9932158],[-114.1648473,50.9932926],[-114.1648394,50.9933727],[-114.1648599,50.9934518],[-114.1648686,50.9935151],[-114.1648752,50.9936161],[-114.1648501,50.99373],[-114.1648376,50.9938415],[-114.1648329,50.9939496],[-114.164839,50.9940513],[-114.1648118,50.994139],[-114.1648704,50.9943028],[-114.1649106,50.9944217],[-114.1649437,50.9945245],[-114.164964,50.9946138],[-114.1649954,50.9947107],[-114.1649491,50.9948335],[-114.1649421,50.9948638],[-114.164751,50.9965823],[-114.1651,50.9968067],[-114.1651914,50.9971483],[-114.1648121,50.9975824],[-114.1645861,50.9979404],[-114.1630877,51.0003143],[-114.1626029,51.0004536],[-114.1611284,51.0004616],[-114.1597291,51.0003383],[-114.1595708,51.0010241],[-114.1612343,51.0012709],[-114.1620697,51.0014115],[-114.1623026,51.0014507],[-114.1623793,51.0014659],[-114.1624537,51.0014851],[-114.1625251,51.0015083],[-114.1625932,51.0015353],[-114.1626573,51.0015659],[-114.1627169,51.0015998],[-114.1627718,51.0016368],[-114.1628213,51.0016766],[-114.1628653,51.001719],[-114.1629033,51.0017636],[-114.1629351,51.0018101],[-114.1629604,51.0018581],[-114.162979,51.0019074],[-114.1629909,51.0019574],[-114.1629959,51.0020079],[-114.1629939,51.0020585],[-114.1629916,51.0020809],[-114.1629603,51.0023843],[-114.1627947,51.0029653],[-114.1627803,51.0030124],[-114.1627641,51.0030593],[-114.1627461,51.0031058],[-114.1627262,51.0031521],[-114.1627045,51.0031981],[-114.1626809,51.0032437],[-114.1626556,51.0032889],[-114.1626285,51.0033337],[-114.1625996,51.0033781],[-114.1625689,51.003422],[-114.1625366,51.0034654],[-114.1625025,51.0035082],[-114.1624667,51.0035506],[-114.1624293,51.0035923],[-114.1623902,51.0036335],[-114.1623496,51.003674],[-114.1623073,51.0037139],[-114.1622634,51.0037531],[-114.162218,51.0037916],[-114.1621711,51.0038294],[-114.1621228,51.0038665],[-114.1620729,51.0039027],[-114.1620217,51.0039382],[-114.161969,51.0039729],[-114.161915,51.0040067],[-114.1618597,51.0040396],[-114.1618031,51.0040717],[-114.1617452,51.0041029],[-114.1616862,51.0041332],[-114.1616259,51.0041625],[-114.1615645,51.0041909],[-114.161502,51.0042183],[-114.1602807,51.0047394],[-114.1601952,51.0047773],[-114.1601119,51.0048173],[-114.1600311,51.0048591],[-114.1599527,51.0049027],[-114.1598769,51.0049482],[-114.1598038,51.0049953],[-114.1597335,51.0050441],[-114.1596661,51.0050945],[-114.1596389,51.005116],[-114.1595866,51.0051592],[-114.1595097,51.0052277],[-114.1594379,51.0052984],[-114.1593934,51.0053467],[-114.1593512,51.0053955],[-114.1592989,51.0054618],[-114.159251,51.0055294],[-114.1592075,51.0055982],[-114.1591686,51.005668],[-114.1591342,51.0057388],[-114.1591045,51.0058105],[-114.1590795,51.0058828],[-114.1590592,51.0059557],[-114.1590372,51.0060356],[-114.1590102,51.0061148],[-114.1589782,51.0061933],[-114.1589413,51.0062709],[-114.1588996,51.0063475],[-114.158853,51.0064231],[-114.1588017,51.0064974],[-114.1587458,51.0065704],[-114.1586853,51.0066419],[-114.1586204,51.0067119],[-114.1585511,51.0067802],[-114.1584775,51.0068467],[-114.1583999,51.0069113],[-114.1583182,51.006974],[-114.1582326,51.0070345],[-114.1581433,51.0070929],[-114.1580503,51.0071489],[-114.157954,51.0072027],[-114.1578542,51.0072539],[-114.1577514,51.0073027],[-114.1576455,51.0073488],[-114.1575369,51.0073923],[-114.1574255,51.007433],[-114.1573117,51.0074709],[-114.1571956,51.0075059],[-114.1570774,51.0075381],[-114.1569573,51.0075672],[-114.1568354,51.0075933],[-114.1567119,51.0076164],[-114.1565871,51.0076363],[-114.1564612,51.0076532],[-114.1563342,51.0076668],[-114.1540743,51.00788],[-114.1531912,51.007906],[-114.1531485,51.0079073],[-114.1467546,51.0080957],[-114.1455383,51.008063],[-114.1453961,51.0080591],[-114.1452853,51.0080522],[-114.1449764,51.0080329],[-114.1441593,51.0078369],[-114.1434593,51.0074999],[-114.1431896,51.0071363],[-114.1430329,51.0069251],[-114.1425675,51.0062978],[-114.1424574,51.0058256],[-114.1429041,51.0047725],[-114.1434657,51.0040098],[-114.1442589,51.0032812],[-114.144088,51.0032113],[-114.1439149,51.0031434],[-114.1437398,51.0030777],[-114.1435627,51.0030141],[-114.1433836,51.0029526],[-114.1432028,51.0028934],[-114.1430201,51.0028364],[-114.1428358,51.0027815],[-114.1426497,51.002729],[-114.1424621,51.0026787],[-114.142273,51.0026307],[-114.1420825,51.002585],[-114.1418906,51.0025416],[-114.1416974,51.0025006],[-114.141503,51.0024619],[-114.1413074,51.0024256],[-114.1413013,51.0047565],[-114.1412972,51.0063519],[-114.1413368,51.0067983],[-114.1413988,51.0074959],[-114.1414187,51.0077202],[-114.1414721,51.0083209],[-114.1414745,51.0083394],[-114.141479,51.0083601],[-114.1414854,51.0083805],[-114.1414936,51.0084008],[-114.1415036,51.0084207],[-114.1415154,51.0084402],[-114.141529,51.0084592],[-114.1415442,51.0084778],[-114.1415611,51.0084957],[-114.1415796,51.0085131],[-114.1415996,51.0085297],[-114.1416211,51.0085456],[-114.141644,51.0085607],[-114.1416682,51.008575],[-114.1416937,51.0085884],[-114.1417203,51.0086008],[-114.141748,51.0086123],[-114.1442012,51.0086165],[-114.1446423,51.0086172],[-114.1526962,51.0086305],[-114.1531466,51.0086311],[-114.1645635,51.0086459],[-114.1655583,51.0086469],[-114.1703106,51.0086515],[-114.175769,51.0086566],[-114.1760556,51.0086568],[-114.1857094,51.0086682],[-114.1844172,51.0083932],[-114.1830842,51.0081094],[-114.1760664,51.0066143],[-114.1757647,51.0065501],[-114.1755695,51.0054399],[-114.1755679,51.0054309],[-114.1754656,51.0054282],[-114.1745971,51.0054051],[-114.1745003,51.0054025],[-114.1744576,51.0054013],[-114.1744122,51.0057338],[-114.1741492,51.0063154],[-114.1734232,51.0061302],[-114.1724911,51.0058925],[-114.169959,51.0052465],[-114.1696262,51.0048872],[-114.1696235,51.0048603],[-114.1695395,51.0040128],[-114.1695368,51.0039859],[-114.1695114,51.0037298],[-114.1696127,51.0029333],[-114.1696419,51.0027041],[-114.1697778,51.0026007],[-114.170526,51.0020312],[-114.1711147,51.002084],[-114.1713099,51.0021015],[-114.1713631,51.0019733],[-114.1715385,51.0015504],[-114.1715912,51.0014235],[-114.1716099,51.0013843],[-114.1716459,51.0012945],[-114.1717613,51.0010236],[-114.1717727,51.0009967],[-114.1720527,51.0007046],[-114.1729292,50.9997901],[-114.1724905,50.9990864],[-114.1717453,50.9978911],[-114.1742561,50.9952758],[-114.1745253,50.994181],[-114.1754249,50.990524],[-114.1725477,50.9899634],[-114.1725475,50.9899633],[-114.1724759,50.9899494],[-114.1693088,50.9889653],[-114.1692178,50.9887098],[-114.1691218,50.988455],[-114.1690208,50.988201],[-114.1689148,50.9879478],[-114.1688038,50.9876954],[-114.1686878,50.9874439],[-114.1685669,50.9871934],[-114.1684411,50.9869438],[-114.1683362,50.9867328],[-114.1682279,50.9865225],[-114.168116,50.9863129],[-114.1680007,50.9861041],[-114.1679974,50.9861037],[-114.1678863,50.9859101],[-114.1678862,50.9859101],[-114.1678825,50.9859039],[-114.167784,50.9857415],[-114.1676834,50.9855797],[-114.1675806,50.9854184],[-114.1674758,50.9852577],[-114.1673688,50.9850975],[-114.1672598,50.9849379],[-114.1671487,50.9847788],[-114.1670355,50.9846203],[-114.1653987,50.9827237],[-114.1646959,50.9797143],[-114.164652,50.9795266],[-114.1643646,50.9782959],[-114.1640775,50.9770666],[-114.1610069,50.9740391],[-114.1585963,50.9736285],[-114.1572682,50.97228],[-114.1528737,50.9677924],[-114.1521588,50.9670632],[-114.150484,50.9650402],[-114.1504832,50.9650392],[-114.1499851,50.9644376],[-114.1499815,50.9644332],[-114.1482124,50.9622972],[-114.1473655,50.9612747],[-114.147186,50.9610534],[-114.1470124,50.9608303],[-114.1468448,50.9606054],[-114.1466833,50.9603787],[-114.1465278,50.9601503],[-114.1463784,50.9599204],[-114.1462352,50.9596889],[-114.1460982,50.9594558],[-114.1459674,50.9592214],[-114.1458429,50.9589856],[-114.1457247,50.9587486],[-114.1456129,50.9585103],[-114.1455074,50.9582709],[-114.1454084,50.9580303],[-114.1453157,50.9577888],[-114.1452296,50.9575463],[-114.1452283,50.9571757],[-114.1452231,50.9556495],[-114.1452231,50.9556483],[-114.145213,50.9526919],[-114.1463671,50.9511995],[-114.1463265,50.9507076],[-114.1463154,50.9505734],[-114.1463005,50.9503926],[-114.1462894,50.9502583],[-114.1462833,50.9501846],[-114.1450089,50.9493915],[-114.1443186,50.9489618],[-114.1443016,50.9489513],[-114.1442767,50.9477415],[-114.144264,50.9471202],[-114.1442082,50.9452359],[-114.1441353,50.9427744],[-114.1441309,50.9426251],[-114.1440798,50.9416987],[-114.1440656,50.9415727],[-114.1440255,50.9412192],[-114.1439771,50.9407917],[-114.1438938,50.9400559],[-114.1438775,50.9399118],[-114.1438511,50.9397504],[-114.1437598,50.9391917],[-114.1437304,50.939012],[-114.1436059,50.9381483],[-114.1435728,50.9370097],[-114.1438591,50.9370507],[-114.1444907,50.9372076],[-114.1449394,50.937319]]]]},"properties":{":id":"row-zpcs-ucmj_zw7b",":version":"rv-a67u-4fs3-tb3m",":created_at":"2026-10-01T19:33:45.132Z",":updated_at":"2026-10-01T19:33:45.132Z","lpid":"742144","planname":"TUC","type_code":"70","type_dscrn":"TUC","stage_code":"1","stage_dscrn":"Registered","created_dt":null,"modified_attribute_dt":"2026-08-07T10:32:35.000Z","modified_geometry_dt":"2026-08-07T10:32:35.000Z"}},
{"type":"Feature","geometry":{"type":"MultiPolygon","coordinates":[[[[-114.139314,50.9269105],[-114.1385841,50.9267794],[-114.1385788,50.9249364],[-114.1385755,50.9237253],[-114.1385692,50.9214773],[-114.138569,50.921433],[-114.138528,50.921433],[-114.138283,50.921433],[-114.1382884,50.923301],[-114.1382896,50.9237257],[-114.1382925,50.9246653],[-114.138297,50.9262785],[-114.1382248,50.9270966],[-114.1383011,50.9277617],[-114.1384649,50.9280222],[-114.1388993,50.9281934],[-114.139681,50.9285009],[-114.1398065,50.9286824],[-114.1409975,50.9304013],[-114.1409975,50.9299507],[-114.13991,50.928381],[-114.1387694,50.9278884],[-114.1389509,50.9274096],[-114.139314,50.9269105]]]]},"properties":{":id":"row-4ucn-287f.b7p7",":version":"rv-ak7t_pj35~8ynb",":created_at":"2026-10-01T19:33:45.132Z",":updated_at":"2026-10-01T19:33:45.132Z","lpid":"760734","planname":"TUC","type_code":"70","type_dscrn":"TUC","stage_code":"1","stage_dscrn":"Registered","created_dt":"2017-04-18T13:56:04.000Z","modified_attribute_dt":"2026-08-07T10:32:35.000Z","modified_geometry_dt":"2026-08-07T10:32:35.000Z"}},
{"type":"Feature","geometry":{"type":"MultiPolygon","coordinates":[[[[-114.1409967,50.9273813],[-114.140995,50.9234031],[-114.1409943,50.9216023],[-114.1409942,50.9214328],[-114.1401715,50.9214329],[-114.1401288,50.9214329],[-114.1397377,50.9214329],[-114.1394725,50.921433],[-114.1387745,50.921433],[-114.1386921,50.921433],[-114.138569,50.921433],[-114.1385692,50.9214773],[-114.1385755,50.9237253],[-114.1385788,50.9249364],[-114.1387131,50.9250634],[-114.1388251,50.9251709],[-114.1389345,50.9252794],[-114.1390413,50.9253889],[-114.1391455,50.9254995],[-114.139247,50.925611],[-114.1393458,50.9257234],[-114.139442,50.9258368],[-114.1395354,50.9259511],[-114.1396261,50.9260663],[-114.1397141,50.9261823],[-114.1397992,50.9262991],[-114.1398816,50.9264167],[-114.1399612,50.9265351],[-114.1400379,50.9266542],[-114.1401118,50.9267741],[-114.1401828,50.9268946],[-114.1401973,50.9269202],[-114.140272,50.9270589],[-114.1403428,50.9271984],[-114.1404078,50.9272166],[-114.1409967,50.9273813]]]]},"properties":{":id":"row-xz92_4nba.2q5t",":version":"rv-6azn_pdn9-7mbp",":created_at":"2026-10-01T19:33:45.132Z",":updated_at":"2026-10-01T19:33:45.132Z","lpid":"760735","planname":"TUC","type_code":"70","type_dscrn":"TUC","stage_code":"1","stage_dscrn":"Registered","created_dt":"2017-04-18T13:58:04.000Z","modified_attribute_dt":"2026-08-07T10:32:35.000Z","modified_geometry_dt":"2026-08-07T10:32:35.000Z"}},
{"type":"Feature","geometry":{"type":"MultiPolygon","coordinates":[[[[-113.9117223,51.1814043],[-113.9117223,51.18146],[-113.9117213,51.1814646],[-113.9113808,51.1829393],[-113.9113504,51.1830733],[-113.9112867,51.1833494],[-113.9115518,51.1833498],[-113.9117217,51.1833501],[-113.9120094,51.1833499],[-113.915006,51.1833526],[-113.9177531,51.183355],[-113.9188245,51.1833559],[-113.9220869,51.1833588],[-113.922292,51.1830816],[-113.9234952,51.1814547],[-113.9238655,51.1809547],[-113.9243928,51.1802408],[-113.9244464,51.1801689],[-113.9245318,51.1801444],[-113.9246033,51.1801244],[-113.9304898,51.1784033],[-113.9324303,51.1778359],[-113.9349795,51.1778325],[-113.9352679,51.1778322],[-113.9352683,51.1767204],[-113.9352684,51.1762991],[-113.9352684,51.1762824],[-113.9352684,51.1762548],[-113.9352685,51.1761177],[-113.9352689,51.1746876],[-113.9352732,51.1744803],[-113.9352689,51.1743732],[-113.9350532,51.174373],[-113.9349819,51.174373],[-113.9348401,51.1743733],[-113.9345155,51.1743734],[-113.9342077,51.1743734],[-113.934013,51.1743734],[-113.9338732,51.1743735],[-113.9337334,51.1743735],[-113.9335935,51.1743735],[-113.9334537,51.1743735],[-113.9333139,51.1743736],[-113.9331652,51.1743736],[-113.9329122,51.1743736],[-113.9328267,51.1743737],[-113.9326922,51.1742665],[-113.9325091,51.1741207],[-113.9324817,51.1740989],[-113.9324646,51.1740853],[-113.9324405,51.1740661],[-113.9324121,51.1740434],[-113.9324034,51.174043],[-113.9322872,51.1740374],[-113.9322656,51.1740363],[-113.9321669,51.1740315],[-113.9321453,51.1740305],[-113.9320289,51.1740248],[-113.9320073,51.1740238],[-113.9319086,51.174019],[-113.9318869,51.174018],[-113.9317706,51.1740123],[-113.931749,51.1740113],[-113.9316502,51.1740065],[-113.9316286,51.1740054],[-113.9315123,51.1739998],[-113.9314906,51.1739987],[-113.9313919,51.173994],[-113.9313703,51.1739929],[-113.9312332,51.1739863],[-113.9312117,51.1739852],[-113.9311073,51.1739802],[-113.9310858,51.1739791],[-113.9309635,51.1739732],[-113.9309421,51.1739722],[-113.9308383,51.1739671],[-113.9308169,51.1739661],[-113.930695,51.1739602],[-113.9306736,51.1739591],[-113.9305701,51.1739541],[-113.9305487,51.1739531],[-113.9304299,51.1739473],[-113.9304085,51.1739463],[-113.9303108,51.1739415],[-113.9302894,51.1739405],[-113.9301743,51.1739349],[-113.930153,51.1739339],[-113.9300553,51.1739292],[-113.9300339,51.1739281],[-113.9299188,51.1739225],[-113.9298974,51.1739215],[-113.9297998,51.1739168],[-113.9297784,51.1739157],[-113.9296633,51.1739101],[-113.9296419,51.1739091],[-113.9295443,51.1739044],[-113.9295229,51.1739033],[-113.9294078,51.1738978],[-113.9293864,51.1738967],[-113.9292888,51.173892],[-113.9292674,51.1738909],[-113.9291523,51.1738854],[-113.9291309,51.1738843],[-113.9289976,51.1738779],[-113.9289548,51.1738758],[-113.9288314,51.1738698],[-113.92881,51.1738688],[-113.9287123,51.173864],[-113.928691,51.173863],[-113.9285759,51.1738574],[-113.9285545,51.1738564],[-113.9284568,51.1738516],[-113.9284355,51.1738506],[-113.9283204,51.173845],[-113.928299,51.173844],[-113.9282013,51.1738392],[-113.92818,51.1738382],[-113.9280649,51.1738326],[-113.9280435,51.1738316],[-113.9279458,51.1738269],[-113.9279245,51.1738258],[-113.9278291,51.1738212],[-113.9278094,51.1738202],[-113.927788,51.1738191],[-113.927676,51.173812],[-113.9276547,51.1738105],[-113.9275281,51.1737998],[-113.9275069,51.1737978],[-113.9273996,51.1737866],[-113.9273785,51.1737841],[-113.9272532,51.1737684],[-113.9272323,51.1737655],[-113.9271264,51.1737499],[-113.9271056,51.1737466],[-113.9269822,51.1737257],[-113.9269616,51.173722],[-113.9268576,51.173702],[-113.9268372,51.1736979],[-113.9267162,51.173672],[-113.9266961,51.1736675],[-113.9265944,51.1736433],[-113.9265744,51.1736384],[-113.9264561,51.1736075],[-113.9264365,51.1736021],[-113.9263374,51.1735739],[-113.926318,51.1735681],[-113.9262033,51.1735325],[-113.9261843,51.1735263],[-113.9260883,51.1734941],[-113.9260696,51.1734875],[-113.9259588,51.1734473],[-113.9259404,51.1734404],[-113.925848,51.1734042],[-113.92583,51.1733969],[-113.9257236,51.1733523],[-113.925706,51.1733446],[-113.9256176,51.1733048],[-113.9256003,51.1732967],[-113.9254988,51.1732478],[-113.925482,51.1732394],[-113.9253979,51.1731961],[-113.9253815,51.1731874],[-113.9252853,51.1731344],[-113.9252694,51.1731253],[-113.92519,51.1730786],[-113.9251745,51.1730692],[-113.925084,51.1730124],[-113.9250691,51.1730027],[-113.9249946,51.1729529],[-113.9249802,51.1729429],[-113.9248958,51.1728825],[-113.9248819,51.1728722],[-113.9248128,51.1728194],[-113.9247994,51.1728089],[-113.9247222,51.1727458],[-113.9247094,51.1727349],[-113.9246169,51.1726531],[-113.9246047,51.1726418],[-113.9245362,51.1725759],[-113.9244707,51.1725088],[-113.9244689,51.172507],[-113.9244587,51.172496],[-113.9244511,51.1724878],[-113.9244451,51.1724814],[-113.9243959,51.1724263],[-113.9243487,51.1723705],[-113.9243037,51.1723141],[-113.9242607,51.172257],[-113.9242199,51.1721992],[-113.9241813,51.1721409],[-113.9241448,51.1720821],[-113.9241106,51.1720227],[-113.9241076,51.1720174],[-113.9238685,51.1720175],[-113.9237159,51.1720174],[-113.923672,51.1720174],[-113.9234991,51.1720173],[-113.9206601,51.1720152],[-113.9205771,51.1719436],[-113.9204969,51.1718707],[-113.9204196,51.1717966],[-113.9203452,51.1717213],[-113.9202738,51.1716449],[-113.9202055,51.1715675],[-113.9201401,51.171489],[-113.9200779,51.1714095],[-113.9200188,51.1713291],[-113.9199629,51.1712478],[-113.9199102,51.1711656],[-113.9198607,51.1710827],[-113.9198145,51.1709991],[-113.9197715,51.1709147],[-113.9197319,51.1708297],[-113.9196957,51.1707441],[-113.9196801,51.1706993],[-113.9196459,51.1706048],[-113.9196157,51.1705097],[-113.9195896,51.1704142],[-113.9195676,51.1703183],[-113.9195497,51.170222],[-113.9195359,51.1701255],[-113.9195263,51.1700288],[-113.9195209,51.169932],[-113.9195196,51.1698351],[-113.9195224,51.1697382],[-113.9195294,51.1696414],[-113.9195406,51.1695447],[-113.9195559,51.1694483],[-113.9195753,51.1693521],[-113.9195989,51.1692564],[-113.9196265,51.169161],[-113.9192768,51.1689027],[-113.9184926,51.1689019],[-113.9184926,51.1689022],[-113.9180442,51.1689016],[-113.9141289,51.1688997],[-113.9136742,51.1688999],[-113.9120128,51.1706464],[-113.911991,51.1706696],[-113.9117317,51.1709464],[-113.911725,51.1709535],[-113.9089608,51.1723912],[-113.9087753,51.1724838],[-113.9085873,51.1725744],[-113.9083969,51.172663],[-113.9082042,51.1727496],[-113.9080091,51.1728341],[-113.9078118,51.1729166],[-113.9076123,51.1729969],[-113.9074107,51.1730752],[-113.907207,51.1731512],[-113.9070012,51.1732252],[-113.9067935,51.1732969],[-113.9065839,51.1733664],[-113.9063725,51.1734337],[-113.9061593,51.1734987],[-113.9059443,51.1735614],[-113.9057277,51.1736219],[-113.9039435,51.1741087],[-113.9041257,51.17454],[-113.9029015,51.1750867],[-113.9007747,51.1756892],[-113.9001347,51.1758705],[-113.9001329,51.1761237],[-113.9001329,51.1767269],[-113.9001299,51.1782722],[-113.90026,51.1782252],[-113.9004302,51.1781645],[-113.9005224,51.1781324],[-113.9007846,51.1780426],[-113.9010479,51.1779556],[-113.901313,51.1778709],[-113.9015798,51.1777883],[-113.9018485,51.177708],[-113.9021504,51.1776207],[-113.9024543,51.1775363],[-113.9027603,51.1774547],[-113.9030682,51.1773761],[-113.9033779,51.1773003],[-113.9036895,51.1772275],[-113.9040027,51.1771576],[-113.9043176,51.1770907],[-113.9053421,51.1774706],[-113.9055231,51.1779075],[-113.9084043,51.1776236],[-113.9092436,51.1778164],[-113.909822,51.1782356],[-113.9100632,51.1787345],[-113.9102702,51.1791583],[-113.9109459,51.1805503],[-113.9117211,51.180551],[-113.9117221,51.180551],[-113.9117223,51.1814043]]]]},"properties":{":id":"row-qfk9.d9q6_w4zd",":version":"rv-33mq.bebm_fgf8",":created_at":"2026-10-01T19:33:45.132Z",":updated_at":"2026-10-01T19:33:45.132Z","lpid":"591978","planname":"TUC","type_code":"70","type_dscrn":"TUC","stage_code":"1","stage_dscrn":"Registered","created_dt":null,"modified_attribute_dt":"2026-09-03T10:40:46.000Z","modified_geometry_dt":"2026-09-03T10:40:46.000Z"}},
{"type":"Feature","geometry":{"type":"MultiPolygon","coordinates":[[[[-113.9164307,50.9942182],[-113.9164166,50.9942637],[-113.9164111,50.9942815],[-113.9164028,50.9943085],[-113.916379,50.9943853],[-113.9163536,50.994468],[-113.9163375,50.9945202],[-113.9161564,50.9951079],[-113.9156353,50.9967998],[-113.9155346,50.9968198],[-113.9154326,50.9968372],[-113.9153296,50.9968519],[-113.9152257,50.996864],[-113.9151211,50.9968734],[-113.915016,50.9968801],[-113.9149106,50.996884],[-113.914805,50.9968853],[-113.9137088,50.9968845],[-113.9135806,50.9968844],[-113.9127201,50.9968834],[-113.9122123,50.9968833],[-113.912069,50.9968833],[-113.9120689,50.9970294],[-113.9120689,50.9970564],[-113.9120687,50.9974309],[-113.9120683,50.9983002],[-113.912068,50.9988021],[-113.9122113,50.9988022],[-113.9150117,50.9988218],[-113.91487,50.9992818],[-113.9151936,50.9995365],[-113.915249,50.9995801],[-113.9175398,51.0013831],[-113.9175383,51.0014516],[-113.9176096,51.0014522],[-113.9195769,51.0014505],[-113.9197194,51.0014504],[-113.9232132,51.0014484],[-113.9232439,51.0013868],[-113.9232781,51.0013259],[-113.9233157,51.0012659],[-113.9233568,51.0012067],[-113.9234011,51.0011485],[-113.9234488,51.0010914],[-113.9234997,51.0010353],[-113.9235537,51.0009805],[-113.923555,50.9996403],[-113.923556,50.9985857],[-113.9257207,50.9984101],[-113.9292989,50.9984012],[-113.9292996,50.9978041],[-113.9292997,50.9977771],[-113.9293002,50.9973553],[-113.9258165,50.9973438],[-113.923529,50.9971761],[-113.923367,50.9971642],[-113.9228551,50.9971266],[-113.9227503,50.9944978],[-113.9227456,50.9943815],[-113.9227439,50.9942143],[-113.9206937,50.9942157],[-113.9195657,50.9942164],[-113.9182579,50.9942173],[-113.9179609,50.9942175],[-113.9178697,50.9942175],[-113.9178178,50.9942175],[-113.9176755,50.9942176],[-113.9174619,50.9942178],[-113.9170803,50.994218],[-113.9164307,50.9942182]]]]},"properties":{":id":"row-rqhd~f3en_43bd",":version":"rv-jsry-7des.pa9d",":created_at":"2026-10-01T19:33:45.132Z",":updated_at":"2026-10-01T19:33:45.132Z","lpid":"592056","planname":"TUC","type_code":"70","type_dscrn":"TUC","stage_code":"1","stage_dscrn":"Registered","created_dt":"2026-09-14T14:26:58.000Z","modified_attribute_dt":"2026-09-14T14:28:47.000Z","modified_geometry_dt":"2026-09-14T14:28:47.000Z"}},
{"type":"Feature","geometry":{"type":"MultiPolygon","coordinates":[[[[-113.9170803,50.994218],[-113.9174619,50.9942178],[-113.9176755,50.9942176],[-113.9178178,50.9942175],[-113.9178697,50.9942175],[-113.9179609,50.9942175],[-113.9182579,50.9942173],[-113.9195657,50.9942164],[-113.9206937,50.9942157],[-113.9227439,50.9942143],[-113.922794,50.9942142],[-113.9227425,50.9869803],[-113.9227401,50.9869534],[-113.9227416,50.98689],[-113.9206306,50.9868912],[-113.917809,50.9868941],[-113.9175949,50.9868942],[-113.9174709,50.9868936],[-113.9174721,50.9869275],[-113.9174724,50.9869388],[-113.917473,50.986957],[-113.9174737,50.9869778],[-113.917474,50.986984],[-113.9174749,50.9870174],[-113.9174722,50.9870316],[-113.9175085,50.9881837],[-113.9175811,50.9904841],[-113.9175214,50.9906779],[-113.9170903,50.9920755],[-113.9164307,50.9942182],[-113.9170803,50.994218]]]]},"properties":{":id":"row-uq7v-6c8e_vn5z",":version":"rv-y4wp_782m-53b9",":created_at":"2026-10-01T19:33:45.132Z",":updated_at":"2026-10-01T19:33:45.132Z","lpid":"592001","planname":"TUC","type_code":"70","type_dscrn":"TUC","stage_code":"1","stage_dscrn":"Registered","created_dt":null,"modified_attribute_dt":"2026-09-14T14:26:59.000Z","modified_geometry_dt":"2026-09-14T14:26:59.000Z"}}
] }
